1,JOHOR,PPD BATU PAHAT,Kolej,JHA0002,KOLEJ VOKASIONAL BATU PAHAT,"KM. 7, JALAN KLUANG",BATU PAHAT,83000,074312051,074315529
2,JOHOR,PPD BATU PAHAT,SM agama,JFT0001,SEKOLAH MENENGAH AGAMA PARIT RAJA,"POS 2, JALAN SEKOLAH ARAB, PARIT RAJA",BATU PAHAT,86400,074545710,074545710
3,JOHOR,PPD BATU PAHAT,SM agama,JFT0002,SEKOLAH MENENGAH AGAMA JAWAHIR AL-ULUM,"JALAN PARIT KEMANG, SENGGARANG",BATU PAHAT,83200,07-4291243,074291243
4,JOHOR,PPD BATU PAHAT,SM agama,JFT0003,SEKOLAH MENENGAH AGAMA PARIT SULONG,"JALAN MUAR, PARIT SULONG",BATU PAHAT,83500,074185481,074185101
5,JOHOR,PPD BATU PAHAT,SM agama,JFT0004,SEKOLAH MENENGAH AGAMA ATTARBIAH AL ISLAMIAH,"NO 31, JALAN LIM YEW LEONG",BATU PAHAT,83000,074346475,074332712
6,JOHOR,PPD BATU PAHAT,"SM Berasrama Penuh",JEA0024,SEKOLAH MENENGAH SAINS BATU PAHAT,"KM. 8, JALAN TANJUNG LABOH",BATU PAHAT,83000,074288961,074288964
7,JOHOR,PPD BATU PAHAT,SM Kebangsaan,JEA0010,SMK DATO' BENTARA LUAR,"JLN LIM YEW LEONG,",BATU PAHAT,83000,074341640,074332141
8,JOHOR,PPD BATU PAHAT,SM Kebangsaan,JEA0011,SMK TUN AMINAH,"PETI SURAT 63, KM 8, JALAN KLUANG,",BATU PAHAT,83007,074342133,074332705
9,JOHOR,PPD BATU PAHAT,SM Kebangsaan,JEA0012,SMK TUNKU MAHMOOD ISKANDAR,"KAMPUNG PARIT SAIDI,",SENGGARANG,83200,074277282,074277720
10,JOHOR,PPD BATU PAHAT,SM Kebangsaan,JEA0013,SMK SENGGARANG,"JLN. PT. JABAR,",SENGGARANG,83200,074291675,074291234
11,JOHOR,PPD BATU PAHAT,SM Kebangsaan,JEA0014,SMK SERI MEDAN,"JLN. PARIT HJ. ARIFF,",BATU PAHAT,83400,074850243,074859343
12,JOHOR,PPD BATU PAHAT,SM Kebangsaan,JEA0015,SMK DATO SULAIMAN,PARIT SULONG,BATU PAHAT,83500,074186214,074185217
13,JOHOR,PPD BATU PAHAT,SM Kebangsaan,JEA0016,SMK DATO ONN,SIMPANG LIMA,BATU PAHAT,83020,074138453,074138820
14,JOHOR,PPD BATU PAHAT,SM Kebangsaan,JEA0017,SMK PERMATA JAYA,JLN SMRK RENGIT,BATU PAHAT,83100,074241314,074244402
15,JOHOR,PPD BATU PAHAT,SM Kebangsaan,JEA0018,SMK SERI  GADING,SRI GADING,BATU PAHAT,83300,074558264,074558263
16,JOHOR,PPD BATU PAHAT,SM Kebangsaan,JEA0019,SMK DATIN ONN JAFFAR,KG. KENANGAN DATO ONN,BATU PAHAT,83000,074343497,074332958
17,JOHOR,PPD BATU PAHAT,SM Kebangsaan,JEA0020,SMK DATO SETH,JALAN YONG PENG - MUAR,YONG PENG,83700,074671044,074671741
18,JOHOR,PPD BATU PAHAT,SM Kebangsaan,JEA0022,SMK PENGHULU SAAT,JALAN RAJA AHMAD PARIT SULONG,PARIT SULONG,83500,074186393,074185052
19,JOHOR,PPD BATU PAHAT,SM Kebangsaan,JEA0023,SMK BANANG JAYA,"KM 8, JALAN TANJUNG LABOH,",BATU PAHAT,83000,074289169,074288797
20,JOHOR,PPD BATU PAHAT,SM Kebangsaan,JEA0025,SEKOLAH MENENGAH KEBANGSAAN SURIA PERDANA,"PARIT SEMARANG, PARIT RAJA",BATU PAHAT,86400,074541866,074541867
21,JOHOR,PPD BATU PAHAT,SM Kebangsaan,JEB0015,SMK TINGGI BATU PAHAT,JALAN ZAHARAH,BATU PAHAT,83000,074341097,074334117
22,JOHOR,PPD BATU PAHAT,SM Kebangsaan,JEB0016,SMK (P) TEMENGGONG IBRAHIM,"35 JALAN TASEK,","BATU PAHAT,",83000,074342161,074327503
23,JOHOR,PPD BATU PAHAT,SM Kebangsaan,JEB0017,SMK CONVENT (M),"250, JALAN TAN SWEE HOE",BATU PAHAT,83000,074343464,074348883
24,JOHOR,PPD BATU PAHAT,SM Kebangsaan,JEB0018,SMK MUNSHI SULAIMAN,"KM 6, JALAN KLUANG",BATU PAHAT,83000,074341949,074332730
25,JOHOR,PPD BATU PAHAT,SM Kebangsaan,JEB0019,SMK DATO' SYED ESA,JALAN INDAH,BATU PAHAT,83000,074341448,074324279
26,JOHOR,PPD BATU PAHAT,SM Kebangsaan,JEE0018,SMK TUN SARDON,"JKR  940,  JALAN  S.M.K.  TUN SARDON, RENGIT",BATU PAHAT,83100,074241020,074244398
27,JOHOR,PPD BATU PAHAT,SM Kebangsaan,JEE0019,SMK TUN ISMAIL,"JALAN SEKOLAH,",PARIT RAJA,86400,074541232,074544002
28,JOHOR,PPD BATU PAHAT,SM Kebangsaan,JEE0020,SMK SEMERAH,"WAKIL POS SEMERAH, SEMERAH",BATU PAHAT,83600,074161014,074161014
29,JOHOR,PPD BATU PAHAT,SM Kebangsaan,JEE0034,SMK DATUK MENTERI,AYER HITAM,BATU PAHAT,86100,077581134,077583032
30,JOHOR,PPD BATU PAHAT,SM Kebangsaan,JEE0040,SMK YONG PENG,"JLN. ANN LOH YUEN, YONG PENG",YONG PENG,83700,074671885,074672434
31,JOHOR,PPD BATU PAHAT,SM Kebangsaan,JEE0041,SMK TUNKU PUTRA,"KM. 12, JLN. BESAR, TONGKANG PECAH",BATU PAHAT,83010,074151030,074154086
32,JOHOR,PPD JOHOR BAHRU,Kolej,JHA1001,KOLEJ VOKASIONAL TANJUNG PUTERI,774 JLN YAHYA ALDATAR,JOHOR BAHRU,80300,072220051,072221051
33,JOHOR,PPD JOHOR BAHRU,Kolej,JHA1002,KOLEJ VOKASIONAL (ERT) AZIZAH,JALAN DATIN HALIMAH,JOHOR BAHRU,80350,072361040,072340034
34,JOHOR,PPD JOHOR BAHRU,Kolej,JHA1003,KOLEJ VOKASIONAL PERDAGANGAN,JLN TUN ABDUL RAZAK,JOHOR BAHRU,80350,072374378,072386726
35,JOHOR,PPD JOHOR BAHRU,SM agama,JFT1002,SM AGAMA AL QURAN WADDIN,"JALAN PADANG 1, KAMPUNG MELAYU STULANG BARU,",JOHOR BAHRU,81100,073337208,073340630
36,JOHOR,PPD JOHOR BAHRU,"SM Berasrama Penuh",JEB1009,SEKOLAH TUN FATIMAH,JALAN  TUN  ABDUL  RAZAK,JOHOR BAHRU,80000,072364706,072376961
37,JOHOR,PPD JOHOR BAHRU,SM Kebangsaan,JEA1001,SMK SULTAN ISMAIL,"JLN ABDUL SAMAD,",JOHOR BAHRU,80100,072216316,072232286
38,JOHOR,PPD JOHOR BAHRU,SM Kebangsaan,JEA1002,SMK TASEK UTARA,"SUSUR 7, JALAN TUN ABD RAZAK,",JOHOR BAHRU,80350,072361806,072378410
39,JOHOR,PPD JOHOR BAHRU,SM Kebangsaan,JEA1003,SMK TUN SYED NASIR ISMAIL,"JLN BUNGA RAYA KECIL, KG DATO SULAIMAN MENTERI,",JOHOR BAHRU,81100,073334329,073345245
40,JOHOR,PPD JOHOR BAHRU,SM Kebangsaan,JEA1004,SMK SRI TEBRAU,"JALAN RENTAKA, TAMAN SRI TEBRAU",JOHOR BAHRU,80050,073333485,073338485
41,JOHOR,PPD JOHOR BAHRU,SM Kebangsaan,JEA1005,SMK SRI RAHMAT,"JKR 4868, JLN SKUDAI",JOHOR BAHRU,81200,072374153,072358015
42,JOHOR,PPD JOHOR BAHRU,SM Kebangsaan,JEA1006,SMK SKUDAI,TAMAN SRI SKUDAI,SKUDAI,81300,075563890,075561543
43,JOHOR,PPD JOHOR BAHRU,SM Kebangsaan,JEA1043,SMK TANJUNG ADANG,KG TANJUNG ADANG,GELANG PATAH,81560,075071837,075071836
44,JOHOR,PPD JOHOR BAHRU,SM Kebangsaan,JEA1044,SMK TAMAN PELANGI,"JALAN UNGU,TAMAN PELANGI",JOHOR BAHRU,80400,073327855,073330148
45,JOHOR,PPD JOHOR BAHRU,SM Kebangsaan,JEA1046,SMK TAMAN TUN AMINAH,"JALAN BENTARA 21, TAMAN UNGKU TUN AMINAH",SKUDAI,81300,075565889,075582058
46,JOHOR,PPD JOHOR BAHRU,SM Kebangsaan,JEA1048,SMK BANDAR BARU UDA,"JALAN PADI RIA 1, BANDAR BARU UDA",JOHOR BAHRU,81200,072346496,072352067
47,JOHOR,PPD JOHOR BAHRU,SM Kebangsaan,JEA1049,SMK TAMAN UNIVERSITI,"JALAN PENDIDIKAN, TAMAN UNIVERSITI",SKUDAI,81300,075208288,075215526
48,JOHOR,PPD JOHOR BAHRU,SM Kebangsaan,JEA1050,SMK SERI PERLING,"JALAN UNDAN 8, TAMAN PERLING,",JOHOR BAHRU,81200,072357521,072325198
49,JOHOR,PPD JOHOR BAHRU,SM Kebangsaan,JEA1054,SMK DAMAI JAYA,"JLN. AMAN, TAMAN DAMAI JAYA.",JOHOR BAHRU,81300,075572107,075573107
50,JOHOR,PPD JOHOR BAHRU,SM Kebangsaan,JEA1055,SMK KEMPAS,JALAN DATARAN 4 TAMAN KEMPAS,JOHOR BAHRU,81200,072320407,072320409
51,JOHOR,PPD JOHOR BAHRU,SM Kebangsaan,JEA1056,SMK KOMPLEKS SULTAN ABU BAKAR,GELANG PATAH,GELANG PATAH,81560,075130050,075130027
52,JOHOR,PPD JOHOR BAHRU,SM Kebangsaan,JEA1058,SMK DATO' USMAN AWANG,"JALAN LAYANG, TAMAN PERLING,",JOHOR BAHRU,81200,072416481,072416772
53,JOHOR,PPD JOHOR BAHRU,SM Kebangsaan,JEA1059,SMK MUTIARA RINI,JALAN PERSIARAN UTAMA,SKUDAI,81300,075569845,075579289
54,JOHOR,PPD JOHOR BAHRU,SM Kebangsaan,JEA1061,SMK TAMAN UNIVERSITI 2,"JALAN KEBANGSAAN 25, TAMAN UNIVERSITI",SKUDAI,81300,075215713,075215713
55,JOHOR,PPD JOHOR BAHRU,SM Kebangsaan,JEA1062,SMK TAMAN SELESA JAYA,"JALAN SILAT LINCAH, BANDAR SELESA JAYA",SKUDAI,81300,075127601,075114052
56,JOHOR,PPD JOHOR BAHRU,SM Kebangsaan,JEA1072,SMK IMPIAN EMAS,"JALAN IMPIAN EMAS 10,TMN IMPIAN EMAS",SKUDAI,81300,075562577,075566579
57,JOHOR,PPD JOHOR BAHRU,SM Kebangsaan,JEA1077,SMK TAMAN DESA SKUDAI,"JALAN SEJAHTERA 16,TAMAN DESA SKUDAI",SKUDAI,81300,075541750,075541650
58,JOHOR,PPD JOHOR BAHRU,SM Kebangsaan,JEA1079,SMK TASEK UTARA 2,JLN TARUKA OFF JLN DATIN HALIMAH,JOHOR BAHRU,80350,072375700,072326700
59,JOHOR,PPD JOHOR BAHRU,SM Kebangsaan,JEA1084,SMK TAMAN SELESA JAYA 2,"JALAN SILAT HARIMAU 33, BANDAR SELESA JAYA",SKUDAI,81300,075115301,075113201
60,JOHOR,PPD JOHOR BAHRU,SM Kebangsaan,JEA1085,SMK TAMAN MUTIARA RINI 2,"OFF JALAN HANG JEBAT, TAMAN MUTIARA RINI",SKUDAI,81300,075542254,075541718
61,JOHOR,PPD JOHOR BAHRU,SM Kebangsaan,JEA1086,SMK TAMAN NUSAJAYA,WAKIL POS GELANG PATAH.,GELANG PATAH,81550,075102010,075103010
62,JOHOR,PPD JOHOR BAHRU,SM Kebangsaan,JEA1087,SMK TAMAN BUKIT INDAH,"JALAN INDAH UTAMA, TAMAN BUKIT INDAH",JOHOR BAHRU,81200,075513767,072344107
63,JOHOR,PPD JOHOR BAHRU,SM Kebangsaan,JEA1088,SMK TAMAN SUTERA,"JALAN PAHLAWAN 4, TAMAN UNGKU TUN AMINAH",SKUDAI,81300,075567784,075570128
64,JOHOR,PPD JOHOR BAHRU,SM Kebangsaan,JEA1090,SMK MOHD KHALID,JLN ABDUL SAMAD,JOHOR BAHRU,80100,072231104,072231104
65,JOHOR,PPD JOHOR BAHRU,SM Kebangsaan,JEA1095,"SEKOLAH MENENGAH KEBANGSAAN TAMAN DAMANSARA ALIFF","JLN PERSIARAN ALIFF HARMONI UTAMA,TMN DAMANSARA ALIFF",JOHOR BAHRU,81200,076841622,076841633
66,JOHOR,PPD JOHOR BAHRU,SM Kebangsaan,JEA1096,"SEKOLAH MENENGAH KEBANGSAAN BANDAR UDA UTAMA","JALAN UDA UTAMA 1, BANDAR UDA UTAMA",JOHOR BAHRU,81200,TIADA,TIADA
67,JOHOR,PPD JOHOR BAHRU,SM Kebangsaan,JEA1097,SEKOLAH MENENGAH KEBANGSAAN MAJIDI BARU 2,"JALAN KANGKAR TEBRAU LAMA, JOHOR BAHRU",JOHOR BAHRU,81200,073321210,073321214
68,JOHOR,PPD JOHOR BAHRU,SM Kebangsaan,JEA1098,SEKOLAH MENENGAH KEBANGSAAN MEDINI,PTD 189220 EDUCITY MUKIM PULAI NUSAJAYA,JOHOR BAHRU,79576,075511560,075510041
69,JOHOR,PPD JOHOR BAHRU,SM Kebangsaan,JEB1001,MAKTAB SULTAN ABU BAKAR,JKR 469 JALAN SUNGAI CHAT,JOHOR BAHRU,80100,072222651,072237445
70,JOHOR,PPD JOHOR BAHRU,SM Kebangsaan,JEB1002,SMK DATO JAAFAR,JLN YAHYA ALDATAR,JOHOR BAHRU,80300,072221071,072237552
71,JOHOR,PPD JOHOR BAHRU,SM Kebangsaan,JEB1003,SMK AMINUDDIN BAKI,JALAN ABDUL SAMAD,JOHOR BAHRU,80100,072221293,072214026
72,JOHOR,PPD JOHOR BAHRU,SM Kebangsaan,JEB1004,SMK SAINT JOSEPH (B),"JLN GERODA, LARKIN,",JOHOR BAHRU,80350,072367515,072369515
73,JOHOR,PPD JOHOR BAHRU,SM Kebangsaan,JEB1005,SMK (P) SULTAN IBRAHIM,JALAN BENDAHARA,JOHOR BAHRU,80100,072243050,072237227
74,JOHOR,PPD JOHOR BAHRU,SM Kebangsaan,JEB1006,SMK INFANT JESUS CONVENT (M),JALAN YAHYA AWAL,JOHOR BAHRU,80100,072244645,072235812
75,JOHOR,PPD JOHOR BAHRU,SM Kebangsaan,JEB1007,SMK SULTANAH ENGKU TUN AMINAH,JALAN SUNGAI CHAT,JOHOR BAHRU,80100,072237033,072212101
76,JOHOR,PPD JOHOR BAHRU,SM Kebangsaan,JEE1004,SMK GELANG PATAH,WAKIL POS GELANG PATAH,GELANG PATAH,81550,075101213,075101486
77,JOHOR,PPD JOHOR BAHRU,SM Kebangsaan,JEE1008,SMK DATO ABDUL RAHMAN YASSIN,"JKR 4418 JLN PENGANGKUTAN,",JOHOR BAHRU,81200,072361020,072354544
78,JOHOR,PPD JOHOR BAHRU,SM Teknik,JKE1001,SM TEKNIK JOHOR BAHRU,"SUSUR 7, JALAN TUN ABD RAZAK",JOHOR BAHRU,80350,072361028,072349611
79,JOHOR,PPD KLUANG,Kolej,JHA2001,KOLEJ VOKASIONAL KLUANG,"KM.3, JALAN MENGKIBOL,",KLUANG,86000,077721482,077743403
80,JOHOR,PPD KLUANG,SM agama,JFT2001,SEKOLAH MENENGAH AGAMA ARABIAH KLUANG,"KM 1, JALAN MERSING",KLUANG,86000,077721582,077733582
81,JOHOR,PPD KLUANG,"SM Berasrama Penuh",JEA2046,SM SAINS SEMBRONG,J16 JALAN PADANG TEMBAK,KLUANG,86000,077892528,077892523
82,JOHOR,PPD KLUANG,"SM Berasrama Penuh",JEE2043,SM (SAINS) JOHOR,"KM. 1, JLN. BATU PAHAT,",KLUANG,86000,077722458,077723786
83,JOHOR,PPD KLUANG,SM Kebangsaan,JEA2029,SMK LAYANG-LAYANG,"JKR 1028, LAYANG-LAYANG","LAYANG-LAYANG",81850,077527477,077527477
84,JOHOR,PPD KLUANG,SM Kebangsaan,JEA2030,SMK JLN MENGKIBOL,KM.4 JALAN MENGKIBOL,KLUANG,86000,077725303,077726303
85,JOHOR,PPD KLUANG,SM Kebangsaan,JEA2031,SMK TUN HUSSEIN ONN,KM. 3 JALAN BATU PAHAT,KLUANG,86000,077718134,077724237
86,JOHOR,PPD KLUANG,SM Kebangsaan,JEA2032,SMK KAHANG,"BT 23, JALAN MERSING, KLUANG, JOHOR.",KAHANG,86700,077881279,077881279
87,JOHOR,PPD KLUANG,SM Kebangsaan,JEA2033,SMK SULTAN ABDUL JALIL,"KM 5, JALAN MERSING",KLUANG,86000,077712734,077760134
88,JOHOR,PPD KLUANG,SM Kebangsaan,JEA2034,SMK (FELDA) KAHANG TIMUR,"FELDA KAHANG TIMUR, PS 112",KLUANG,86007,077866661,077867349
89,JOHOR,PPD KLUANG,SM Kebangsaan,JEA2035,SMK LKTP BELITONG,JALAN ANGGERIK FELDA ULU BELITONG,KLUANG,86000,077863909,077863909
90,JOHOR,PPD KLUANG,SM Kebangsaan,JEA2036,SMK TAMAN KLUANG BARAT,"JLN. YULE CATTO , TAMAN KLUANG BARAT  ,",KLUANG,86000,077727427,077712714
91,JOHOR,PPD KLUANG,SM Kebangsaan,JEA2037,SMK SIMPANG RENGAM,"KM 72, JALAN JOHOR","SIMPANG RENGGAM",86200,077558012,077550267
92,JOHOR,PPD KLUANG,SM Kebangsaan,JEA2038,SMK SERI INTAN,"JLN INTAN SATU,TMN INTAN",KLUANG,86000,077767330,077767754
93,JOHOR,PPD KLUANG,SM Kebangsaan,JEA2039,SMK BANDAR T6,"JALAN AZAM 15, TAMAN SRI LAMBAK",KLUANG,86000,077892611,077892807
94,JOHOR,PPD KLUANG,SM Kebangsaan,JEA2040,SMK JALAN KOTA TINGGI,KM 7 JALAN KOTA TINGGI,KLUANG,86000,077743468,077741668
95,JOHOR,PPD KLUANG,SM Kebangsaan,JEA2041,SMK SERI LALANG,JALAN AYER HITAM,KLUANG,86000,077581158,077581157
96,JOHOR,PPD KLUANG,SM Kebangsaan,JEA2042,SMK TAMAN SERI  KLUANG,"JALAN 16, TAMAN SRI KLUANG",KLUANG,86000,077766206,077766706
97,JOHOR,PPD KLUANG,SM Kebangsaan,JEA2043,SMK SERI SEMBRONG,BATU 6 1/2 JALAN MERSING,KLUANG,86000,077878755,077878955
98,JOHOR,PPD KLUANG,SM Kebangsaan,JEA2044,SMK SERI KOTA PALOH,"JALAN PALOH, PALOH",KLUANG,86600,077811688,077811388
99,JOHOR,PPD KLUANG,SM Kebangsaan,JEA2045,SMK DATO' IBRAHIM MAJID,"KM. 3 JALAN BENUT, SIMPANG RENGGAM",KLUANG,86200,077551405,077551405
100,JOHOR,PPD KLUANG,SM Kebangsaan,JEA2047,SEKOLAH MENENGAH KEBANGSAAN SERI PERDANA,"KM 3, JALAN NYIOR",KLUANG,86000,077763682,TIADA
101,JOHOR,PPD KLUANG,SM Kebangsaan,JEB2037,SMK TINGGI KLUANG,"429, JALAN SEKOLAH,",KLUANG,86000,077711037,077760016
102,JOHOR,PPD KLUANG,SM Kebangsaan,JEB2038,SMK TENGKU ARIS BENDAHARA,"KM 5, JLN MERSING.",KLUANG,86000,077711457,077722451
103,JOHOR,PPD KLUANG,SM Kebangsaan,JEB2039,SMK CANOSSIAN CONVENT (M),"BATU2, JALAN BATU PAHAT",KLUANG,86000,077711103,077760137
104,JOHOR,PPD KLUANG,SM Kebangsaan,JEE2042,SMK DATO HJ HASSAN YUNOS,JALAN SEKOLAH,RENGAM,86300,077535264,077536407
105,JOHOR,PPD KLUANG,SM Kebangsaan,JEE2044,SMK PALOH,"JKR 1153, KAMPUNG MERDEKA",PALOH,86600,077811267,077813578
106,JOHOR,PPD KLUANG,SM Kebangsaan,JEE2045,SMK DATO' ABD RAHMAN ANDAK,"JLN. PT. HJ. HASHIM,","SIMPANG RENGGAM",86200,077556198,077556198
107,JOHOR,PPD KOTA TINGGI,Kolej,JHA3002,KOLEJ VOKASIONAL KOTA TINGGI,PETI SURAT 65,KOTA TINGGI,81907,078835367,078837402
108,JOHOR,PPD KOTA TINGGI,Sekolah Sukan,JEA3051,SEKOLAH SUKAN TUNKU MAHKOTA ISMAIL,BANDAR PENAWAR,KOTA TINGGI,81930,078223027,078223028
109,JOHOR,PPD KOTA TINGGI,SM agama,JFT3001,SEKOLAH MENENGAH AGAMA KOTA TINGGI,"JALAN ANGGOR, TAMAN KOTA JAYA",KOTA TINGGI,81900,078833760,078834760
110,JOHOR,PPD KOTA TINGGI,"SM Berasrama Penuh",JEA3050,SM SAINS KOTA TINGGI,BANDAR PENAWAR,KOTA TINGGI,81930,078222475,078222477
111,JOHOR,PPD KOTA TINGGI,SM Kebangsaan,JEA3036,SMK BANDAR EASTER,FELDA BUKIT EASTER,KOTA TINGGI,81900,078925822,078925822
112,JOHOR,PPD KOTA TINGGI,SM Kebangsaan,JEA3037,SMK TUN HABAB,JLN TAJUL,KOTA TINGGI,81900,078831026,078821026
113,JOHOR,PPD KOTA TINGGI,SM Kebangsaan,JEA3038,SMK BANDAR KOTA TINGGI,"PETI SURAT 78,",KOTA TINGGI,81907,078832055,078831834
114,JOHOR,PPD KOTA TINGGI,SM Kebangsaan,JEA3039,SMK TAN SRI JAAFAR ALBAR,TANJUNG SEDILI,KOTA TINGGI,81910,078918224,078918916
115,JOHOR,PPD KOTA TINGGI,SM Kebangsaan,JEA3042,SMK AIR TAWAR,FELDA AIR TAWAR 2,KOTA TINGGI,81920,078931980,078933313
116,JOHOR,PPD KOTA TINGGI,SM Kebangsaan,JEA3043,SMK BANDAR MAS,"JALAN CENDANA UTAMA, BANDAR MAS",KOTA TINGGI,81900,078236500,078236500
117,JOHOR,PPD KOTA TINGGI,SM Kebangsaan,JEA3045,SMK  ADELA,FELDA ADELA,KOTA TINGGI,81900,078278340,078276671
118,JOHOR,PPD KOTA TINGGI,SM Kebangsaan,JEA3046,SMK SEMENCHU,FELDA SEMENCHU,KOTA TINGGI,81900,078954632,078952232
119,JOHOR,PPD KOTA TINGGI,SM Kebangsaan,JEA3047,SMK LOKMAN HAKIM,FELDA LOK HENG,KOTA TINGGI,81900,078947142,078948526
120,JOHOR,PPD KOTA TINGGI,SM Kebangsaan,JEA3048,SMK LINGGIU,PETI SURAT 56,KOTA TINGGI,81900,078904116,078904116
121,JOHOR,PPD KOTA TINGGI,SM Kebangsaan,JEA3049,SMK BANDAR PENAWAR,"JALAN DESARU, BANDAR PENAWAR",KOTA TINGGI,81930,078222210,078222210
122,JOHOR,PPD KOTA TINGGI,SM Kebangsaan,JEA3052,SMK SERI AMAN,PETI SURAT 46,KOTA TINGGI,81900,078911719,078911050
123,JOHOR,PPD KOTA TINGGI,SM Kebangsaan,JEA3053,SMK TAMAN KOTA JAYA,"JALAN ANGGOR, TAMAN KOTA JAYA",KOTA TINGGI,81900,078838318,078838319
124,JOHOR,PPD KOTA TINGGI,SM Kebangsaan,JEA3054,SMK TANJUNG PENGELIH,"TANJUNG PENGELIH, PENGERANG",PENGERANG,81600,078253610,078253610
125,JOHOR,PPD KOTA TINGGI,SM Kebangsaan,JEA3055,SMK TAMAN SERI SAUJANA,"TMN SERI SAUJANA,",KOTA TINGGI,81900,078822137,078822136
126,JOHOR,PPD KOTA TINGGI,SM Kebangsaan,JEB3043,SMK LAKSAMANA,"JLN BKT SRI LALANG,  PETI SURAT 74",KOTA TINGGI,81907,078831303,078831853
127,JOHOR,PPD KOTA TINGGI,SM Kebangsaan,JEE3038,SMK TANJUNG DATUK,JLN SG BUNTU,PENGERANG,81600,078263213,078263617
128,JOHOR,PPD KOTA TINGGI,SMK Agama,JRA3001,SMKA BANDAR PENAWAR,BANDAR PENAWAR,KOTA TINGGI,81900,078222071,078223749
129,JOHOR,PPD KULAI,SM agama,JFT8001,SEKOLAH MENENGAH AGAMA BANDAR TENGGARA,"PETI SURAT 24, JALAN TUN IBRAHIM,","BANDAR TENGGARA",81440,078961217,078964840
130,JOHOR,PPD KULAI,SM Kebangsaan,JEA8001,SMK SENAI,"BATU 14 1/2, SENAI",SENAI,81400,075991054,075982634
131,JOHOR,PPD KULAI,SM Kebangsaan,JEA8002,SMK TUNKU ABDUL RAHMAN PUTRA,"BATU 21, JLN AYER HITAM",KULAIJAYA,81000,076631387,076622458
132,JOHOR,PPD KULAI,SM Kebangsaan,JEA8003,SMK SULTAN ALAUDDIN,"BUKIT BESAR, GUGUSAN TAIB ANDAK",KULAI,81450,078977200,078976860
133,JOHOR,PPD KULAI,SM Kebangsaan,JEA8004,SMK BANDAR TENGGARA,JLN TUN ABDUL JALIL,"BANDAR TENGGARA",81440,078961037,078964452
134,JOHOR,PPD KULAI,SM Kebangsaan,JEA8005,SMK KELAPA SAWIT,"BATU 26, JALAN AYER HITAM",KULAI,81030,076521760,076524362
135,JOHOR,PPD KULAI,SM Kebangsaan,JEA8006,SMK KULAI BESAR,BATU 19  KULAI BESAR,KULAI,81000,076636700,076623210
136,JOHOR,PPD KULAI,SM Kebangsaan,JEA8007,SMK TAMAN KOTA KULAI,"PERSIARAN SRI PUTRI, TAMAN PUTRI",KULAI,81000,076625675,076625675
137,JOHOR,PPD KULAI,SM Kebangsaan,JEA8008,SMK KANGKAR PULAI,BANDAR BARU KANGKAR PULAI,JOHOR BAHRU,81300,075574737,075574736
138,JOHOR,PPD KULAI,SM Kebangsaan,JEA8009,SMK BANDAR TENGGARA 2,"JALAN TUN AHMAD,","BANDAR TENGGARA",81440,078966121,078966122
139,JOHOR,PPD KULAI,SM Kebangsaan,JEA8010,SMK SERI PINANG,"JALAN TUN ABD.MAJID,BANDAR TENGGARA","BANDAR TENGGARA",81440,078961300,078961300
140,JOHOR,PPD KULAI,SM Kebangsaan,JEA8011,SMK TAMAN PUTRI,"JALAN SRI PUTRI 1/16, TAMAN PUTRI",KULAIJAYA,81000,076626472,076634473
141,JOHOR,PPD KULAI,SM Kebangsaan,JEA8012,SMK BANDAR PUTRA,JALAN NURI 9 BANDAR PUTRA,KULAIJAYA,81000,075999409,075990928
142,JOHOR,PPD KULAI,SM Kebangsaan,JEA8013,SMK INDAHPURA 1,"JALAN INDAHPURA UTAMA, TAMAN INDAHPURA,",KULAI,81000,076624858,076637220
143,JOHOR,PPD KULAI,SM Kebangsaan,JEB8001,SMK MUNSHI ABDULLAH,"BATU 21, JALAN AIR HITAM",KULAI,81000,076631415,076624859
144,JOHOR,PPD KULAI,SM Kebangsaan,JEE8001,SMK SULTAN IBRAHIM,JLN LENGKONGAN,KULAI,81000,076631303,076631303
145,JOHOR,PPD KULAI,SM Khas,JEA8014,SM PENDIDIKAN KHAS VOKASIONAL INDAHPURA,SISIRAN INDAHPURA 36/6,KULAI,81000,076625625,076625623
146,JOHOR,PPD MERSING,SM agama,JFT4001,"SEKOLAH MENENGAH AGAMA AL-KHAIRIAH AL-ISLAMIAH","49/3, JALAN AWANG DAIK,",MERSING,86800,077996272,077996272
147,JOHOR,PPD MERSING,"SM Berasrama Penuh",JRA4001,SEKOLAH MENENGAH SAINS SULTAN ISKANDAR,"KM. 4, JALAN JEMALUANG",MERSING,86800,077997754,077997892
148,JOHOR,PPD MERSING,SM Kebangsaan,JEA4034,SMK (FELDA) TENGGAROH,"FELDA TENGGAROH 2,",MERSING,86810,077911272,077914223
149,JOHOR,PPD MERSING,SM Kebangsaan,JEA4035,SMK MERSING,"KM 3, JALAN ENDAU",MERSING,86800,077991480,077997104
150,JOHOR,PPD MERSING,SM Kebangsaan,JEA4036,SMK NITAR,PETI SURAT 29,MERSING,86807,077961860,077961812
151,JOHOR,PPD MERSING,SM Kebangsaan,JEA4037,SMK TAN SRI ABDUL KADIR,"JALAN ILMU, FELDA TENGGAROH 5",MERSING,86810,077911616,077911616
152,JOHOR,PPD MERSING,SM Kebangsaan,JEA4038,SMK ANJUNG BATU,"KM 2, JALAN JEMALUANG",MERSING,86800,077994912,077997442
153,JOHOR,PPD MERSING,SM Kebangsaan,JEB4044,SMK SRI MERSING,"PETI SURAT 10, JALAN ISMAIL",MERSING,86807,077991150,077995470
154,JOHOR,PPD MERSING,SM Kebangsaan,JEB4045,SMK PAI CHEE (CF),JALAN MESJID,MERSING,86800,077991466,077997784
155,JOHOR,PPD MERSING,SM Kebangsaan,JEE4036,SMK UNGKU HUSIN,JALAN HAJI ARIFFIN,ENDAU,86900,077943234,077942979
156,JOHOR,PPD MUAR,Kolej,JHA5001,KOLEJ VOKASIONAL MUAR,JLN SUNGAI ABONG,MUAR,84000,069512212,069556945
157,JOHOR,PPD MUAR,SM agama,JFT5001,SEKOLAH MENENGAH AGAMA AD-DINIAH,"PARIT SUBARI, PEKAN BARU, PARIT YUSUF",MUAR,83600,074162708,074162708
158,JOHOR,PPD MUAR,SM agama,JFT5002,SEKOLAH MENENGAH AGAMA LUGHATIL ARABIAH,JALAN SIALANG,TANGKAK,84900,069788492,069789499
159,JOHOR,PPD MUAR,SM agama,JFT5003,SEKOLAH MENENGAH AGAMA LUGHATUL QURAN,"KESANG TASEK,SUNGAI MATI",LEDANG,84400,069754833,069753384
160,JOHOR,PPD MUAR,SM agama,JFT5004,SEKOLAH MENENGAH AGAMA SHAMSUDDINIAH,"PARIT MEDAN, KUNDANG ULU",LEDANG,84710,069728200,069728200
161,JOHOR,PPD MUAR,SM agama,JFT5006,SEKOLAH MENENGAH AGAMA AT-TANWIRIAH,"JALAN TEMENGGONG AHMAD, PARIT JAWA",MUAR,84150,069872627,069872627
162,JOHOR,PPD MUAR,SM agama,JFT5007,SEKOLAH MENENGAH AGAMA DARUL ULUM,"SEROM 4, SUNGAI MATI",LEDANG,84410,069755049,069755049
163,JOHOR,PPD MUAR,"SM Berasrama Penuh",JEA5027,SM SAINS MUAR,"KARUNG BERKUNCI 511, TANJUNG AGAS",LEDANG,84009,069523181,069536693
164,JOHOR,PPD MUAR,SM Kebangsaan,JEA5021,SMK SERI MENANTI,"PETI SURAT 25, POS PARIT JAWA",MUAR,84150,069882823,069882989
165,JOHOR,PPD MUAR,SM Kebangsaan,JEA5022,SMK DATO' SRI AMAR DI RAJA (INTEG),JLN TUNKU BENDAHARA,MUAR,84000,069521472,069520593
166,JOHOR,PPD MUAR,SM Kebangsaan,JEA5023,SMK TUN PERAK,"KM 4, JLN SALLEH",MUAR,84000,069521771,069516693
167,JOHOR,PPD MUAR,SM Kebangsaan,JEA5024,SMK RAJA MUDA,"PS 3, JLN MAHMOOD",PARIT JAWA,84150,069874242,069872230
168,JOHOR,PPD MUAR,SM Kebangsaan,JEA5025,SMK TENGKU TEMENGGONG AHMAD,KUNDANG ULU,KUNDANG ULU,84710,069728488,069728488
169,JOHOR,PPD MUAR,SM Kebangsaan,JEA5026,SMK TUN MAMAT,JLN PAYAMAS,TANGKAK,84900,069781245,069789784
170,JOHOR,PPD MUAR,SM Kebangsaan,JEA5028,SMK BUKIT PASIR,JALAN JORAK,BUKIT PASIR,84300,069856861,069858445
171,JOHOR,PPD MUAR,SM Kebangsaan,JEA5031,SMK TUN SRI LANANG,FELDA SRI JAYA BKT SERAMPANG,JEMENTAH,85210,069776335,069777044
172,JOHOR,PPD MUAR,SM Kebangsaan,JEA5032,SMK PEKAN BARU MUAR,POS SEMERAH,SEMERAH,83600,074161221,074164357
173,JOHOR,PPD MUAR,SM Kebangsaan,JEA5033,SMK PARIT BUNGA,KM5 PARIT BUNGA,MUAR,84000,069522957,069543207
174,JOHOR,PPD MUAR,SM Kebangsaan,JEA5034,SMK TENGKU MAHMUD ISKANDAR,"BATU 8, SG MATI",LEDANG,84400,069751066,069756717
175,JOHOR,PPD MUAR,SM Kebangsaan,JEA5035,SMK TUN DR ISMAIL (STUDI),BAKRI,MUAR,84200,069866260,069864615
176,JOHOR,PPD MUAR,SM Kebangsaan,JEA5036,SMK BUKIT NANING,AYER HITAM BATU 15 BAKRI,MUAR,84200,074211382,074211380
177,JOHOR,PPD MUAR,SM Kebangsaan,JEA5037,SMK BANDAR MAHARANI,"KM 4, JALAN ISMAIL",MUAR,84000,6069535301,"6069524684"
178,JOHOR,PPD MUAR,SM Kebangsaan,JEA5038,SMK SAGIL TANGKAK,"KM 43, JLN SEGAMAT",SAGIL,84020,069773162,"06-9773892"
179,JOHOR,PPD MUAR,SM Kebangsaan,JEA5039,SMK SUNGAI ABONG,JLN SUNGAI ABONG,MUAR,84000,069548691,069548692
180,JOHOR,PPD MUAR,SM Kebangsaan,JEA5040,SMK SERI TANGKAK,"KM 32, JLN PAYAMAS",TANGKAK,84900,069788620,069788648
181,JOHOR,PPD MUAR,SM Kebangsaan,JEA5041,SMK FELCRA BUKIT KEPONG,"PETI SURAT 4,",LABIS,85300,079237767,079237767
182,JOHOR,PPD MUAR,SM Kebangsaan,JEA5042,SMK PESISIRAN PERDANA,"JALAN GADING 3, TAMAN GADING BARU, TANJUNG AGAS",LEDANG,84000,069537270,069538270
183,JOHOR,PPD MUAR,SM Kebangsaan,JEB5021,SEKOLAH TINGGI MUAR,JALAN MERIAM,MUAR,84000,069521360,069543360
184,JOHOR,PPD MUAR,SM Kebangsaan,JEB5022,SMK ST ANDREW,"PETI SURAT 11, JLN HASHIM",MUAR,84007,069522467,069514899
185,JOHOR,PPD MUAR,SM Kebangsaan,JEB5024,SMK SRI MUAR,"PETI SURAT 17, JALAN MERIAM,",MUAR,84007,069522334,069527307
186,JOHOR,PPD MUAR,SM Kebangsaan,JEB5025,SMK(P) SULTAN ABU BAKAR,"PETI SURAT 58, JLN ABDUL RAHMAN",MUAR,84007,069521261,069515386
187,JOHOR,PPD MUAR,SM Kebangsaan,JEB5026,SMK CONVENT (M),"NO 100, JLN DAUD",MUAR,84000,069521376,069521376
188,JOHOR,PPD MUAR,SM Kebangsaan,JEB5027,SMK PEI HWA (CF),PEKAN SUNGAI MATI,SUNGAI MATI,84400,069751143,069756716
189,JOHOR,PPD MUAR,SM Kebangsaan,JEB5028,SMK LEDANG,JLN SIALANG,TANGKAK,84900,069781266,069788727
190,JOHOR,PPD MUAR,SM Kebangsaan,JEE5023,SMK TENGKU MAHKOTA,"KM 5, PARIT RAJA, JALAN TEMENGGONG AHMAD",MUAR,84000,069812781,069813122
191,JOHOR,PPD MUAR,SM Kebangsaan,JEE5027,SMK SULTAN ALAUDDIN RIAYAT SHAH 1,PEKAN PAGOH,PAGOH,84600,069746228,069747908
192,JOHOR,PPD MUAR,SM Kebangsaan,JEE5029,SMK BUKIT GAMBIR,KG. SUNGAI JAYA,BUKIT GAMBIR,84800,069761050,069764900
193,JOHOR,PPD MUAR,SM Kebangsaan,JEE5030,SMK LENGA,"FELDA LENGA, BATU 27, LENGA,",MUAR,84040,069711725,069711725
194,JOHOR,PPD MUAR,SM Kebangsaan,JEE5031,"SEKOLAH MENENGAH KEBANGSAAN TUN SULAIMAN NINAM SHAH",PETI SURAT 70,MUAR,84007,069523893,069542977
195,JOHOR,PPD MUAR,SMK Agama,JRA5036,SMKA MAAHAD MUAR,"NO.97, JALAN JONED",MUAR,84000,069521943,069543145
196,JOHOR,PPD PASIR GUDANG,Sekolah Seni,JEA1091,SEKOLAH SENI JOHOR BAHRU,JALAN PERSIARAN ILMU,SERI ALAM,81750,073870215,073860215
197,JOHOR,PPD PASIR GUDANG,SM agama,JFT1001,MADRASAH ALATTAS ALARABIAH JOHOR,"KM 23, JALAN KOTA TINGGI, ULU TIRAM",JOHOR BAHRU,81800,078616901,078616890
198,JOHOR,PPD PASIR GUDANG,SM Kebangsaan,JEA1041,SMK PASIR GUDANG,"JLN.BANDAR,",PASIR GUDANG,81700,072512637,072527636
199,JOHOR,PPD PASIR GUDANG,SM Kebangsaan,JEA1042,SMK (FELDA) ULU TEBRAU,"FELDA ULU TEBRAU,",ULU TIRAM,81810,078601161,078601161
200,JOHOR,PPD PASIR GUDANG,SM Kebangsaan,JEA1045,SMK TAMAN JOHOR JAYA (1),"JALAN BAKAWALI 75,TAMAN JOHOR JAYA",JOHOR BAHRU,81100,073546651,073546651
201,JOHOR,PPD PASIR GUDANG,SM Kebangsaan,JEA1047,SMK PASIR GUDANG 2,"JLN. MAWAR PUTIH, TAMAN MAWAR",PASIR GUDANG,81700,072523955,072551755
202,JOHOR,PPD PASIR GUDANG,SM Kebangsaan,JEA1051,SMK TAMAN JOHOR JAYA 2,"JALAN TERATAI 32, TAMAN JOHOR JAYA,",JOHOR BAHRU,81100,073533068,073541076
203,JOHOR,PPD PASIR GUDANG,SM Kebangsaan,JEA1052,SMK PERMAS JAYA,"JLN PERMAS 3/10, BANDAR BARU PERMAS JAYA",MASAI,81750,073879754,073881046
204,JOHOR,PPD PASIR GUDANG,SM Kebangsaan,JEA1053,SMK TAMAN DAYA,"JLN. RUMBIA 39, TMN. DAYA",JOHOR BAHRU,81100,073514378,073553607
205,JOHOR,PPD PASIR GUDANG,SM Kebangsaan,JEA1057,SMK TAMAN DESA JAYA,"JALAN DANAU 40, TAMAN DESA JAYA,",JOHOR BAHRU,81100,073578654,073574654
206,JOHOR,PPD PASIR GUDANG,SM Kebangsaan,JEA1060,SMK SERI KOTA PUTERI,"JALAN BAYAN 45, TAMAN MEGAH RIA",MASAI,81750,073888949,073888949
207,JOHOR,PPD PASIR GUDANG,SM Kebangsaan,JEA1063,SMK BANDAR SERI ALAM,"JALAN TASEK 64, BANDAR SERI ALAM",MASAI,81750,072551139,072551129
208,JOHOR,PPD PASIR GUDANG,SM Kebangsaan,JEA1064,SMK TAMAN RINTING 2,"JALAN RINTING , TAMAN RINTING",MASAI,81750,073867137,073867193
209,JOHOR,PPD PASIR GUDANG,SM Kebangsaan,JEA1065,SMK DESA CEMERLANG,"NO 1, JLN KENANGA 1, TAMAN DESA CEMERLANG",ULU TIRAM,81800,078634149,078634923
210,JOHOR,PPD PASIR GUDANG,SM Kebangsaan,JEA1066,SMK PASIR PUTIH,"JALAN SELASIH 4, TAMAN PASIR PUTIH",PASIR GUDANG,81700,072520280,072522084
211,JOHOR,PPD PASIR GUDANG,SM Kebangsaan,JEA1067,SMK TAMAN MOLEK,"JALAN MOLEK 1/34, TAMAN MOLEK,",JOHOR BAHRU,81100,073526002,073591103
212,JOHOR,PPD PASIR GUDANG,SM Kebangsaan,JEA1068,SMK TAMAN MOUNT AUSTIN,JALAN MUTIARA EMAS 4/19 TAMAN MOUNT AUSTIN,JOHOR BAHRU,81100,073582972,073582972
213,JOHOR,PPD PASIR GUDANG,SM Kebangsaan,JEA1069,SMK SERI ALAM 2,BANDAR SERI ALAM,MASAI,81750,073864107,073864203
214,JOHOR,PPD PASIR GUDANG,SM Kebangsaan,JEA1070,SMK PUTERI WANGSA,"JALAN BELADAU/35, TAMAN PUTERI WANGSA",ULU TIRAM,81800,078672840,078674926
215,JOHOR,PPD PASIR GUDANG,SM Kebangsaan,JEA1071,SMK SERI KOTA PUTERI 2,"JALAN PENAGA, TAMAN KOTA PUTERI",JOHOR BAHRU,81750,073860485,073860486
216,JOHOR,PPD PASIR GUDANG,SM Kebangsaan,JEA1073,SMK TAMAN MEGAH RIA,"JALAN JELATANG 15, TAMAN MEGAH RIA",JOHOR BAHRU,81750,073868027,073868034
217,JOHOR,PPD PASIR GUDANG,SM Kebangsaan,JEA1074,SMK TAMAN DAYA 2,"JALAN ENAU 20,TAMAN DAYA",JOHOR BAHRU,81100,073548535,073549535
218,JOHOR,PPD PASIR GUDANG,SM Kebangsaan,JEA1075,SMK PASIR GUDANG 3,"JALAN JATI,TAMAN AIR BIRU",PASIR GUDANG,81700,072526254,072525813
219,JOHOR,PPD PASIR GUDANG,SM Kebangsaan,JEA1076,SMK PERMAS JAYA 2,"JLN PERMAS 12, BANDAR BARU PERMAS JAYA",MASAI,81750,073865368,073865268
220,JOHOR,PPD PASIR GUDANG,SM Kebangsaan,JEA1078,SMK KOTA MASAI,"JLN BACANG UTAMA, TAMAN KOTA MASAI",PASIR GUDANG,81700,072563911,072564912
221,JOHOR,PPD PASIR GUDANG,SM Kebangsaan,JEA1080,SMK TAMAN DESA TEBRAU,"JALAN HARMONIUM 22, TAMAN DESA TEBRAU",JOHOR BAHRU,81100,073511080,073591080
222,JOHOR,PPD PASIR GUDANG,SM Kebangsaan,JEA1081,SMK TAMAN PELANGI INDAH,"JALAN AYU 16, TAMAN PELANGI INDAH,",ULU TIRAM,81800,078634021,078634073
223,JOHOR,PPD PASIR GUDANG,SM Kebangsaan,JEA1082,SMK TAMAN DAYA 3,"JALAN NIBONG 48, TAMAN DAYA",JOHOR BAHRU,81100,073577423,073577340
224,JOHOR,PPD PASIR GUDANG,SM Kebangsaan,JEA1083,SMK PERMAS JAYA 3,"JLN PERMAS 13  , BANDAR BARU PERMAS JAYA",MASAI,81750,073868446,073868441
225,JOHOR,PPD PASIR GUDANG,SM Kebangsaan,JEA1089,SMK TG PUTERI RESORT,"JLN KELISA 1,",PASIR GUDANG,81700,072552454,072514917
226,JOHOR,PPD PASIR GUDANG,SM Kebangsaan,JEA1092,SMK KOTA MASAI 2,"JALAN TEMBIKAI UTAMA, TAMAN KOTA MASAI",PASIR GUDANG,81700,072561650,072561750
227,JOHOR,PPD PASIR GUDANG,SM Kebangsaan,JEA1093,SMK TAMAN NUSA DAMAI,"JALAN DAMAI UTAMA, TAMAN NUSA DAMAI",PASIR GUDANG,81700,072512340,072512339
228,JOHOR,PPD PASIR GUDANG,SM Kebangsaan,JEA1094,SMK SUNGAI TIRAM,"BATU 16, JALAN AHMAD DASUKI, SUNGAI TIRAM",ULU TIRAM,81800,078631978,078631849
229,JOHOR,PPD PASIR GUDANG,SM Kebangsaan,JEE1005,SMK DATO PENGGAWA TIMUR,"KM. 24, JALAN BESAR MASAI",MASAI,81750,072511035,072521671
230,JOHOR,PPD PASIR GUDANG,SM Kebangsaan,JEE1011,SMK ULU TIRAM,WAKIL POS ULU TIRAM,ULU TIRAM,81800,078611178,078631272
231,JOHOR,PPD PASIR GUDANG,SMK Agama,JRA1001,SMKA JOHOR BAHRU,"JALAN ANGGERIK 21, TAMAN JOHOR JAYA,",JOHOR BAHRU,81100,073517057,073517054
232,JOHOR,PPD PONTIAN,SM agama,JFT6001,SM AGAMA (ARAB) AN-NUR,"JALAN JAAFAR, BENUT",PONTIAN,82200,076906144,076906144
233,JOHOR,PPD PONTIAN,SM agama,JFT6002,SEKOLAH MAAHAD PONTIAN,"JALAN SEKOLAH ARAB, JALAN PARIT MESJID",PONTIAN,82000,076874470,076863482
234,JOHOR,PPD PONTIAN,SM agama,JFT6003,SEKOLAH MENENGAH AGAMA BUGISIAH,"TAMPOK, BENUT",PONTIAN,82200,074241901,074241901
235,JOHOR,PPD PONTIAN,SM Kebangsaan,JEA6005,SMK SRI TANJUNG,JALAN PARIT ISMAIL,BENUT,82200,076902054,076903700
236,JOHOR,PPD PONTIAN,SM Kebangsaan,JEA6006,SMK. DATO` PENGGAWA BARAT,"JLN PARIT MESJID,",PONTIAN,82000,076871628,076879567
237,JOHOR,PPD PONTIAN,SM Kebangsaan,JEA6007,SMK SRI KUKUP,KUKUP,KUKUP,82300,076960219,076960686
238,JOHOR,PPD PONTIAN,SM Kebangsaan,JEA6008,SMK  AYER BALOI,"JKR 1374, AYER BALOI",AYER BALOI,82100,076931237,076931236
239,JOHOR,PPD PONTIAN,SM Kebangsaan,JEA6009,SMK PARIT BETAK,JLN. PARIT BETAK,BENUT,82210,074259385,074257757
240,JOHOR,PPD PONTIAN,SM Kebangsaan,JEA6010,SMK DATO' MOHD. YUNOS SULAIMAN,"JLN. SAWAH,",PEKAN NANAS,81500,076991831,076996833
241,JOHOR,PPD PONTIAN,SM Kebangsaan,JEA6011,SMK KAYU ARA PASONG,JLN KAYU ARA PASONG,"KAYU ARA PASONG",82010,076952080,076952335
242,JOHOR,PPD PONTIAN,SM Kebangsaan,JEA6012,SMK TAN SRI OSMAN MOHD SA'AT,JALAN JOHOR,PONTIAN,82000,076868494,076868495
243,JOHOR,PPD PONTIAN,SM Kebangsaan,JEA6013,"SEKOLAH MENENGAH KEBANGSAAN SERI BANDAR PONTIAN",PTD15944 MUKIM PONTIAN,PONTIAN,82000,0137780258,""
244,JOHOR,PPD PONTIAN,SM Kebangsaan,JEB6012,SMK SRI PERHENTIAN,JLN PARIT IBRAHIM,PONTIAN,82000,076871606,076863225
245,JOHOR,PPD PONTIAN,SM Kebangsaan,JEB6014,SMK DATO` ALI HJ AHMAD,"JALAN PARIT MASJID,",PONTIAN,82000,076874399,076881071
246,JOHOR,PPD PONTIAN,SM Kebangsaan,JEE6009,SMK TELOK KERANG,JALAN PERADIN,TELOK KERANG,82020,076873903,076868421
247,JOHOR,PPD PONTIAN,SM Kebangsaan,JEE6011,SMK PEKAN NENAS,"JLN SAWAH,",PEKAN NANAS,81500,076991261,076992387
248,JOHOR,PPD PONTIAN,SM Kebangsaan,JEE6017,SMK BENUT,"JALAN JAAFAR,",BENUT,82200,076903254,076906613
249,JOHOR,PPD SEGAMAT,Kolej,JHA7002,KOLEJ VOKASIONAL SEGAMAT,"KM. 5, JALAN GENUANG",SEGAMAT,85000,079433103,079433375
250,JOHOR,PPD SEGAMAT,SM agama,JFT7001,SEKOLAH MENENGAH AGAMA AL-KHAIRIAH SEGAMAT,JALAN HUSSIEN,SEGAMAT,85000,07-9322484,079321494
251,JOHOR,PPD SEGAMAT,SM Kebangsaan,JEA7031,SMK BULUH KASAP,"KM 8, JLN BULOH KASAP,",SEGAMAT,85010,079441736,079442675
252,JOHOR,PPD SEGAMAT,SM Kebangsaan,JEA7032,SMK DATO' BENTARA DALAM,KM 3 JALAN GENUANG,SEGAMAT,85000,079433250,079436181
253,JOHOR,PPD SEGAMAT,SM Kebangsaan,JEA7033,SMK TENANG STESEN,"KM 19 JLN SEKOLAH, TENANG STESEN",SEGAMAT,85030,079279058,079279058
254,JOHOR,PPD SEGAMAT,SM Kebangsaan,JEA7034,SMK BEKOK,JALAN CHAAH,BEKOK,86500,079221252,079221951
255,JOHOR,PPD SEGAMAT,SM Kebangsaan,JEA7035,SMK PALONG TIMUR,JALAN SERI TANJUNG,BATU ANAM,85100,064668203,064667488
256,JOHOR,PPD SEGAMAT,SM Kebangsaan,JEA7036,SMK LKTP PEMANIS,PETI SURAT 67,SEGAMAT,85007,079456853,079456853
257,JOHOR,PPD SEGAMAT,SM Kebangsaan,JEA7037,SMK (LKTP) MAOKIL,JALAN ANGSANA 1,LABIS,85300,079191686,079191686
258,JOHOR,PPD SEGAMAT,SM Kebangsaan,JEA7038,SMK GEMEREH,"KM 5, JALAN MUAR,TAMAN BUNGA RAYA",SEGAMAT,85000,079320885,079320885
259,JOHOR,PPD SEGAMAT,SM Kebangsaan,JEA7039,SMK KAMARUL ARIFFIN,JALAN TENANG,LABIS,85300,079255793,079251464
260,JOHOR,PPD SEGAMAT,SM Kebangsaan,JEA7040,SMK SERI JEMENTAH,"KM 20, JALAN MUAR",JEMENTAH,85200,079473058,079473071
261,JOHOR,PPD SEGAMAT,SM Kebangsaan,JEA7041,SMK BANDAR PUTRA,BANDAR PUTRA,SEGAMAT,85000,079435107,079435107
262,JOHOR,PPD SEGAMAT,SM Kebangsaan,JEA7042,SMK SERI KENANGAN,BATU ANAM,SEGAMAT,85100,079499994,079499955
263,JOHOR,PPD SEGAMAT,SM Kebangsaan,JEA7043,SMK SERI BALI,"KM 1, JALAN YONG PENG, CHAAH",SEGAMAT,85400,079264501,079264502
264,JOHOR,PPD SEGAMAT,SM Kebangsaan,JEB7029,SMK TINGGI SEGAMAT,"JKR 106, JALAN SEKOLAH",SEGAMAT,85000,079312472,079319293
265,JOHOR,PPD SEGAMAT,SM Kebangsaan,JEB7030,SMK  SEG HWA (CF),"PETI SURAT 513,",SEGAMAT,85009,079311235,079311235
266,JOHOR,PPD SEGAMAT,SM Kebangsaan,JEB7031,SMK CANOSSIAN CONVENT (M),JALAN BULOH KASAP,SEGAMAT,85000,079312130,079312130
267,JOHOR,PPD SEGAMAT,SM Kebangsaan,JEB7032,SMK LABIS,"JALAN MUAR,",LABIS,85300,079251306,079251306
268,JOHOR,PPD SEGAMAT,SM Kebangsaan,JEB7034,SMK PADUKA TUAN,"JALAN GENUANG, SEGAMAT",SEGAMAT,85000,079431341,079437376
269,JOHOR,PPD SEGAMAT,SM Kebangsaan,JEE7033,SMK MUNSHI IBRAHIM,"JKR 484 JALAN SEKOLAH,",LABIS,85300,079251600,079254600
270,JOHOR,PPD SEGAMAT,SM Kebangsaan,JEE7035,SMK DATO' AHMAD ARSHAD,BATU ANAM,SEGAMAT,85100,079499131,079499131
271,JOHOR,PPD SEGAMAT,SM Kebangsaan,JEE7036,SMK JEMENTAH,KM 23 JALAN MUAR,JEMENTAH,85200,079471122,079475296
272,JOHOR,PPD SEGAMAT,SM Kebangsaan,JEE7037,SMK CHAAH,"JALAN KAMPUNG JAWA BARU, CHAAH",SEGAMAT,85400,079261133,079261133
273,JOHOR,PPD SEGAMAT,SMK Agama,JRA7001,SMKA SEGAMAT,"KM 5, JALAN GENUANG, SEGAMAT BARU",SEGAMAT,85000,079432284,079436332
