1,NEGERI SEMBILAN,"PPD JEMPOL/JELEBU",Jenis Kebangsaan (C),NBC0017,SJK(C) YUK HUA,JALAN PERTANG,KUALA KLAWANG.,71600,066136465,066136465
2,NEGERI SEMBILAN,"PPD JEMPOL/JELEBU",Jenis Kebangsaan (C),NBC0018,SJK(C) CHUN YIN,PEKAN TITI,TITI,71650,066111278,066111278
3,NEGERI SEMBILAN,"PPD JEMPOL/JELEBU",Jenis Kebangsaan (C),NBC0019,SJK(C) KG. BARU PETALING,PEKAN PETALING,KUALA KLAWANG,71600,066136570,066136570
4,NEGERI SEMBILAN,"PPD JEMPOL/JELEBU",Jenis Kebangsaan (C),NBC0020,SJK(C) KG BARU PERTANG,JALAN PERTANG,SPG. PERTANG,72300,064942572,064941802
5,NEGERI SEMBILAN,"PPD JEMPOL/JELEBU",Jenis Kebangsaan (C),NBC0021,SJK(C) SIMPANG PERTANG,JALAN  SIMPANG PERTANG,SIMPANG PERTANG,72300,064920455,064920455
6,NEGERI SEMBILAN,"PPD JEMPOL/JELEBU",Jenis Kebangsaan (C),NBC0022,SJK(C) KG BARU SUNGAI MUNTOH,"KG. BARU BT. 31, SG. MUNTOH, JELEBU",TITI,71650,066111386,066111386
7,NEGERI SEMBILAN,"PPD JEMPOL/JELEBU",Jenis Kebangsaan (C),NBC0023,SJK(C) DURIAN TIPUS,SIMPANG DURIAN,SIMPANG DURIAN,72400,064915277,064915277
8,NEGERI SEMBILAN,"PPD JEMPOL/JELEBU",Jenis Kebangsaan (C),NBC6001,SJK(C) CHI SIN,BATU KIKIR,BATU KIKIR,72200,064984120,064984120
9,NEGERI SEMBILAN,"PPD JEMPOL/JELEBU",Jenis Kebangsaan (C),NBC6002,SJK(C) CHI WEN,PEKAN BAHAU,BAHAU,72100,064541277,064540979
10,NEGERI SEMBILAN,"PPD JEMPOL/JELEBU",Jenis Kebangsaan (C),NBC6003,SJK(C) BAHAU,"KM2, JALAN KUALA PILAH",BAHAU,72100,064541353,064541710
11,NEGERI SEMBILAN,"PPD JEMPOL/JELEBU",Jenis Kebangsaan (C),NBC6004,SJK(C) CHUNG HUA,KAMPUNG GEDDES,"BANDAR SERI JEMPOL",72120,064611400,064611400
12,NEGERI SEMBILAN,"PPD JEMPOL/JELEBU",Jenis Kebangsaan (C),NBC6005,SJK(C) KG MAHSAN,KG.BARU MAHSAN,BAHAU,72100,064543918,064543918
13,NEGERI SEMBILAN,"PPD JEMPOL/JELEBU",Jenis Kebangsaan (C),NBC6006,SJK(C) LDG GLENDALE,KG. SERI AIR HITAM,"BANDAR SERI JEMPOL",72120,064676075,064676075
14,NEGERI SEMBILAN,"PPD JEMPOL/JELEBU",Jenis Kebangsaan (C),NBC6008,SJK(C) LADANG MIDDLETON,"JALAN PUTERI 34, TAMAN DESA PUTERI",BAHAU,72100,064542018,064542016
15,NEGERI SEMBILAN,"PPD JEMPOL/JELEBU",Jenis Kebangsaan (C),NBC6009,SJK(C) CHUNG SAN,KM 1 JALAN BATANG JELAI,ROMPIN,73500,064576228,064576207
16,NEGERI SEMBILAN,"PPD JEMPOL/JELEBU",Jenis Kebangsaan (T),NBD0024,SJK(T) LDG PERTANG,LADANG PERTANG,SIMPANG PERTANG,72300,064929764,064929764
17,NEGERI SEMBILAN,"PPD JEMPOL/JELEBU",Jenis Kebangsaan (T),NBD6001,SJK(T) LDG BAHAU,LADANG BAHAU,BAHAU,72100,064549362,064541920
18,NEGERI SEMBILAN,"PPD JEMPOL/JELEBU",Jenis Kebangsaan (T),NBD6002,SJK(T) LADANG AIR HITAM,"KM 3, JALAN AIR HITAM - SERTINGULU","BANDAR SERI JEMPOL",72120,064676723,064676724
19,NEGERI SEMBILAN,"PPD JEMPOL/JELEBU",Jenis Kebangsaan (T),NBD6003,"SJK(TAMIL & TELUGU) LADANG GEDDES",LADANG GEDDES,"BANDAR SERI JEMPOL",72120,064611627,064611617
20,NEGERI SEMBILAN,"PPD JEMPOL/JELEBU",Jenis Kebangsaan (T),NBD6004,SJK(T) LADANG SG SEBALING,LADANG SUNGAI SEBALING,BAHAU,72100,064611843,064611843
21,NEGERI SEMBILAN,"PPD JEMPOL/JELEBU",Jenis Kebangsaan (T),NBD6005,SJK(T) LDG KELPIN,"LADANG  KELPIN,",ROMPIN,73500,064577425,064577425
22,NEGERI SEMBILAN,"PPD JEMPOL/JELEBU",Jenis Kebangsaan (T),NBD6006,SJK(T) LDG SENAMA,LADANG SENAMA,BAHAU,72100,064576793,064576793
23,NEGERI SEMBILAN,"PPD JEMPOL/JELEBU",Jenis Kebangsaan (T),NBD6007,SJK(T) LADANG ST HELIER,LADANG ST. HELIER,BAHAU,72100,064547277,064547278
24,NEGERI SEMBILAN,"PPD JEMPOL/JELEBU",Jenis Kebangsaan (T),NBD6008,SJK(T) LDG SIALANG,LADANG SIALANG,BAHAU,72100,064549004,064541857
25,NEGERI SEMBILAN,"PPD JEMPOL/JELEBU",Jenis Kebangsaan (T),NBD6009,SJK(T) LDG JERAM PADANG,LDG. JERAM PADANG,BAHAU,72100,064541775,064541775
26,NEGERI SEMBILAN,"PPD JEMPOL/JELEBU",Jenis Kebangsaan (T),NBD6010,SJK(T) DATO' K.PATHMANABAN,KG.TANAH PANJIS,ROMPIN,73500,064576816,064576362
27,NEGERI SEMBILAN,"PPD JEMPOL/JELEBU",Jenis Kebangsaan (T),NBD6011,SJK(T) LDG MIDDLETON,"BATU 3 ,JALAN MIDDLETON",ROMPIN,73500,064576878,064576301
28,NEGERI SEMBILAN,"PPD JEMPOL/JELEBU",Kebangsaan,NBA0002,SK AMAR PENGHULU,"BATU 18 1/2, KG ULU KLAWANG, JALAN KUALA KLAWANG",KUALA KLAWANG,71600,066139154,066134039
29,NEGERI SEMBILAN,"PPD JEMPOL/JELEBU",Kebangsaan,NBA0003,SK KUALA KLAWANG,"0.5 KM JALAN KUALA KLAWANG - SEREMBAN.",KUALA KLAWANG,71600,066138168,066136940
30,NEGERI SEMBILAN,"PPD JEMPOL/JELEBU",Kebangsaan,NBA0005,SK TERIANG,"JALAN PETALING,KUALA KLAWANG",KUALA KLAWANG,71600,066137432,066136734
31,NEGERI SEMBILAN,"PPD JEMPOL/JELEBU",Kebangsaan,NBA0006,SK SEPRI TENGAH,KAMPUNG SEPRI,KUALA KLAWANG.,71600,066138687,066137578
32,NEGERI SEMBILAN,"PPD JEMPOL/JELEBU",Kebangsaan,NBA0007,SK KAMPAI,"BT. 3, KAMPUNG KAMPAI",KUALA KLAWANG,71600,066138696,066134026
33,NEGERI SEMBILAN,"PPD JEMPOL/JELEBU",Kebangsaan,NBA0008,SK PERADONG,KAMPUNG PERADONG,KUALA KLAWANG,71600,066138684,066138684
34,NEGERI SEMBILAN,"PPD JEMPOL/JELEBU",Kebangsaan,NBA0009,SK GELANG TERUSAN,"LOT 910 , KM 4 , JLN. KG. GEYLANG, PERTANG",SIMPANG PERTANG,72300,064941066,064941066
35,NEGERI SEMBILAN,"PPD JEMPOL/JELEBU",Kebangsaan,NBA0010,SK PETASEH,KAMPUNG PETASEH,KUALA KLAWANG,71600,064941400,064941458
36,NEGERI SEMBILAN,"PPD JEMPOL/JELEBU",Kebangsaan,NBA0011,SK DATUK UNDANG ABDULLAH,KG CHENNAH,TITI,71650,066112305,066111486
37,NEGERI SEMBILAN,"PPD JEMPOL/JELEBU",Kebangsaan,NBA0012,SK SUNGAI BULOH,KG SUNGAI BULOH,SIMPANG DURIAN,72400,064914799,064915119
38,NEGERI SEMBILAN,"PPD JEMPOL/JELEBU",Kebangsaan,NBA0013,SK DURIAN TIPUS,"KM 52 JALAN KUALA PILAH - MANCHIS",SIMPANG DURIAN,72400,064914814,064915814
39,NEGERI SEMBILAN,"PPD JEMPOL/JELEBU",Kebangsaan,NBA0014,SK PUTRA,SIMPANG DURIAN,SIMPANG DURIAN,72400,064951950,064951253
40,NEGERI SEMBILAN,"PPD JEMPOL/JELEBU",Kebangsaan,NBA0033,SK PASOH SATU,FELDA PASOH SATU,SIMPANG PERTANG,72300,064952367,064951245
41,NEGERI SEMBILAN,"PPD JEMPOL/JELEBU",Kebangsaan,NBA1106,SK (FELDA) PASOH 4,FELDA PASOH 4(FELDA),SIMPANG PERTANG,72300,064951002,064951226
42,NEGERI SEMBILAN,"PPD JEMPOL/JELEBU",Kebangsaan,NBA6001,SK (FELDA) PALONG 12,FELDA PALONG 12,GEMAS,73450,064669881,064669881
43,NEGERI SEMBILAN,"PPD JEMPOL/JELEBU",Kebangsaan,NBA6002,SK SERTING ULU,"BATU 40, JALAN PAHANG,",BATU KIKIR,72200,064984772,064981106
44,NEGERI SEMBILAN,"PPD JEMPOL/JELEBU",Kebangsaan,NBA6003,SK SERTING ILIR,"KAMPUNG SERTING ILIR, BATU KIKIR",BATU KIKIR,72200,064985407,064982951
45,NEGERI SEMBILAN,"PPD JEMPOL/JELEBU",Kebangsaan,NBA6004,SK JEMPOL,KG. KUALA JEMPOL,BAHAU,72100,064544845,064544845
46,NEGERI SEMBILAN,"PPD JEMPOL/JELEBU",Kebangsaan,NBA6005,SK ROMPIN,JALAN BESAR ROMPIN,ROMPIN,73500,064577042,064577042
47,NEGERI SEMBILAN,"PPD JEMPOL/JELEBU",Kebangsaan,NBA6006,SK AYER HITAM,"KM 1 JLN AIR HITAM - SERTING ULU","BANDAR SERI JEMPOL",72120,064676025,064676011
48,NEGERI SEMBILAN,"PPD JEMPOL/JELEBU",Kebangsaan,NBA6007,SK SUNGAI LUI,"KM 4O, FELDA SUNGAI LUI","BANDAR SERI JEMPOL",72120,064692270,064692328
49,NEGERI SEMBILAN,"PPD JEMPOL/JELEBU",Kebangsaan,NBA6008,SK SUNGAI SAMPO,KAMPUNG SUNGAI SAMPO,"BANDAR SERI JEMPOL",72120,064685388,064685388
50,NEGERI SEMBILAN,"PPD JEMPOL/JELEBU",Kebangsaan,NBA6009,SK (FELDA) PALONG 1,FELDA PALONG 1,GEMAS,73440,064628350,064628026
51,NEGERI SEMBILAN,"PPD JEMPOL/JELEBU",Kebangsaan,NBA6010,SK (FELDA) PALONG 2,FELDA PALONG 2,GEMAS,73450,064631326,064631326
52,NEGERI SEMBILAN,"PPD JEMPOL/JELEBU",Kebangsaan,NBA6011,SK (FELDA) PASOH 2,FELDA PASOH 2,SIMPANG PERTANG,72300,064961203,064962197
53,NEGERI SEMBILAN,"PPD JEMPOL/JELEBU",Kebangsaan,NBA6012,SK (FELDA) PASOH 3,FELDA PASOH 3,BATU KIKIR,72200,064961477,064962346
54,NEGERI SEMBILAN,"PPD JEMPOL/JELEBU",Kebangsaan,NBA6013,SK (FELDA) PALONG 3,FELDA PALONG 3,GEMAS,73460,064630320,064630080
55,NEGERI SEMBILAN,"PPD JEMPOL/JELEBU",Kebangsaan,NBA6014,SK LUI TIMOR,FELDA LUI TIMOR,"BANDAR SERI JEMPOL",72120,064691778,064692426
56,NEGERI SEMBILAN,"PPD JEMPOL/JELEBU",Kebangsaan,NBA6015,SK (FELDA) PALONG 4,PUSAT BANDAR PALONG,GEMAS,73430,064666377,064668075
57,NEGERI SEMBILAN,"PPD JEMPOL/JELEBU",Kebangsaan,NBA6016,SK (FELDA) PALONG 5,FELDA PALONG 5,GEMAS,73430,064666714,064666714
58,NEGERI SEMBILAN,"PPD JEMPOL/JELEBU",Kebangsaan,NBA6017,SK (FELDA) SERTING,FELDA RAJA ALIAS 2,"BANDAR SERI JEMPOL",72120,064581533,064585845
59,NEGERI SEMBILAN,"PPD JEMPOL/JELEBU",Kebangsaan,NBA6018,SK (FELDA) LUI SELATAN,FELDA LUI SELATAN,"BANDAR SERI JEMPOL",72120,064691014,064692830
60,NEGERI SEMBILAN,"PPD JEMPOL/JELEBU",Kebangsaan,NBA6019,SK (FELDA) PALONG 7,FELDA PALONG 7(F),GEMAS,73470,064645348,064645052
61,NEGERI SEMBILAN,"PPD JEMPOL/JELEBU",Kebangsaan,NBA6020,SK (FELDA) PALONG 9,FELDA PALONG 9,GEMAS,73430,064668384,064668182
62,NEGERI SEMBILAN,"PPD JEMPOL/JELEBU",Kebangsaan,NBA6021,SK PULAPAH,"PUSAT LATIHAN POLIS (PULAPOL)AYER HITAM,","BANDAR SERI JEMPOL,",72120,064683210,064683404
63,NEGERI SEMBILAN,"PPD JEMPOL/JELEBU",Kebangsaan,NBA6023,SK (FELDA) SERTING HILIR 2,FELDA SERTING HILIR 2,"BANDAR SERI JEMPOL",72120,064685892,064683541
64,NEGERI SEMBILAN,"PPD JEMPOL/JELEBU",Kebangsaan,NBA6024,SK (FELDA) LUI MUDA,KM 28.FELDA LUI MUDA.,"BANDAR SERI JEMPOL",72120,064691004,064692876
65,NEGERI SEMBILAN,"PPD JEMPOL/JELEBU",Kebangsaan,NBA6025,SK (FELDA) BANDAR BARU SERTING,"JALAN MASJID, BANDAR SERI JEMPOL","BANDAR SERI JEMPOL",72120,064584475,064581102
66,NEGERI SEMBILAN,"PPD JEMPOL/JELEBU",Kebangsaan,NBA6026,"SEKOLAH KEBANGSAAN FELDA RAJA ALIAS 3",FELDA RAJA ALIAS 3,"BANDAR SERI JEMPOL",72120,064581917,064585587
67,NEGERI SEMBILAN,"PPD JEMPOL/JELEBU",Kebangsaan,NBA6027,SK PALONG 14 (F),SK PALONG 14 (F),GEMAS,73470,064669032,064668185
68,NEGERI SEMBILAN,"PPD JEMPOL/JELEBU",Kebangsaan,NBA6028,SK SERTING HILIR KOMPLEKS,FELDA SERTING HILIR,"BANDAR SERI JEMPOL",72120,064684212,064684522
69,NEGERI SEMBILAN,"PPD JEMPOL/JELEBU",Kebangsaan,NBA6029,SK PALONG 8 (FELDA),FELDA PALONG 8,GEMAS,73470,064645503,064645503
70,NEGERI SEMBILAN,"PPD JEMPOL/JELEBU",Kebangsaan,NBA6030,SK TUNKU MUDA SERTING,KG BUKIT LAKA,BAHAU,72100,064543786,064544905
71,NEGERI SEMBILAN,"PPD JEMPOL/JELEBU",Kebangsaan,NBB0015,SK UNDANG JELEBU,"JALAN DATO MENTERI, JELEBU.",KUALA KLAWANG,71600,066136243,066139441
72,NEGERI SEMBILAN,"PPD JEMPOL/JELEBU",Kebangsaan,NBB0016,SK SIMPANG DURIAN,KM 1 JLN SUNGAI BULOH,SIMPANG DURIAN,72400,064914654,064914382
73,NEGERI SEMBILAN,"PPD JEMPOL/JELEBU",Kebangsaan,NBB6001,SK ST AIDAN (M),"JALAN BESAR BAHAU,",BAHAU,72100,064541276,064540244
74,NEGERI SEMBILAN,"PPD JEMPOL/JELEBU",Kebangsaan,NBE6001,SK BATU KIKIR,JALAN KUALA PILAH-BAHAU,BATU KIKIR,72200,064981311,064985404
75,NEGERI SEMBILAN,PPD KUALA PILAH,Jenis Kebangsaan (C),NBC1047,SJK(C) CHUNG HUA KUALA PILAH,KM 1 JALAN TAMPIN,KUALA PILAH,72000,064811061,064811061
76,NEGERI SEMBILAN,PPD KUALA PILAH,Jenis Kebangsaan (C),NBC1048,"SJK(C) CHUNG HUA, SENALING",PEKAN SENALING,KUALA PILAH,72000,064810235,064810235
77,NEGERI SEMBILAN,PPD KUALA PILAH,Jenis Kebangsaan (C),NBC1049,SJK(C) CHUNG HUA TG IPOH,KM7 JALAN KUALA PILAH,TANJONG IPOH,71500,06 4888101,06 4888101
78,NEGERI SEMBILAN,PPD KUALA PILAH,Jenis Kebangsaan (C),NBC1051,SJK(C) YUK CHAI JOHOL,"KM 23, JALAN TAMPIN",JOHOL,73100,064367118,064367118
79,NEGERI SEMBILAN,PPD KUALA PILAH,Jenis Kebangsaan (C),NBC1052,SJK(C) KG BARU BKT GELUGOR,KG. BARU BUKIT GELUGOR,BATU KIKIR,72200,064984202,064984202
80,NEGERI SEMBILAN,PPD KUALA PILAH,Jenis Kebangsaan (C),NBC1053,SJK(C) PEI CHUN DANGI,PEKAN DANGI,JOHOL,73100,064369580,064369580
81,NEGERI SEMBILAN,PPD KUALA PILAH,Jenis Kebangsaan (C),NBC1054,SJK(C) KG BARU KEPIS,"BATU 10, KEPIS,",JOHOL,73100,064511330,064511330
82,NEGERI SEMBILAN,PPD KUALA PILAH,Jenis Kebangsaan (C),NBC1056,SJK(C) PARIT TINGGI,"KM. 10,  KG..BARU PARIT TINGGI",KUALA PILAH,72000,6064841037,6064841037
83,NEGERI SEMBILAN,PPD KUALA PILAH,Jenis Kebangsaan (C),NBC1057,SJK(C) YOKE HUA AIR MAWANG,"KM1, JALAN AIR MAWANG",JOHOL,73100,064367096,064367096
84,NEGERI SEMBILAN,PPD KUALA PILAH,Jenis Kebangsaan (C),NBC1058,SJK(C) YUK HUA JUASSEH,JALAN KERETAPI LAMA JUASSEH,JUASSEH,72500,064981776,064981776
85,NEGERI SEMBILAN,PPD KUALA PILAH,Jenis Kebangsaan (T),NBD1066,SJK(T) KUALA PILAH,"JALAN BURHANUDIN KUALA PILAH",KUALA PILAH,72000,064841546,064810578
86,NEGERI SEMBILAN,PPD KUALA PILAH,Jenis Kebangsaan (T),NBD1067,SJK(T) LDG JUASSEH,KM 12 JALAN JUASSEH,KUALA PILAH,72000,064981984,064982479
87,NEGERI SEMBILAN,PPD KUALA PILAH,Kebangsaan,NBA1001,SK ULU BENDOL,BT.13 JALAN SEREMBAN,TANJUNG IPOH,71500,064889270,064889270
88,NEGERI SEMBILAN,PPD KUALA PILAH,Kebangsaan,NBA1002,SK YAMTUAN HITAM,"BATU 16 1/2, JALAN SEREMBAN",TANJUNG IPOH,71500,064888720,064889854
89,NEGERI SEMBILAN,PPD KUALA PILAH,Kebangsaan,NBA1004,SK YAMTUAN LENGGANG,KAMPUNG TENGAH,TANJONG IPOH,71500,064888126,064889834
90,NEGERI SEMBILAN,PPD KUALA PILAH,Kebangsaan,NBA1005,SK AMPANG TINGGI,"BATU 22, JALAN SEREMBAN LAMA",TANJUNG IPOH,71500,064818380,064843099
91,NEGERI SEMBILAN,PPD KUALA PILAH,Kebangsaan,NBA1006,SK KAMPONG PARIT,JALAN SEREMBAN LAMA,KUALA PILAH,72000,064842678,064842678
92,NEGERI SEMBILAN,PPD KUALA PILAH,Kebangsaan,NBA1007,SK TALANG,"KM.5,KAMPUNG TALANG,",TANJONG IPOH,71500,064889902,064887876
93,NEGERI SEMBILAN,PPD KUALA PILAH,Kebangsaan,NBA1008,"SK YAMTUAN ANTAH,GUNUNG PASIR",KAMPUNG GUNONG PASIR,SERI MENANTI,71550,064970187,064970187
94,NEGERI SEMBILAN,PPD KUALA PILAH,Kebangsaan,NBA1009,SK SERI PILAH,KAMPUNG SERI PILAH,KUALA PILAH,72000,064979809,064970500
95,NEGERI SEMBILAN,PPD KUALA PILAH,Kebangsaan,NBA1010,SK TANAH MELINTANG,"KM 2 JALAN SENALING SRI MENANTI",KUALA PILAH,72000,064841617,064814194
96,NEGERI SEMBILAN,PPD KUALA PILAH,Kebangsaan,NBA1011,SK KUALA PILAH,KM 1 JALAN BAHAU,KUALA PILAH,72000,064815913,064843295
97,NEGERI SEMBILAN,PPD KUALA PILAH,Kebangsaan,NBA1012,SK SENALING,"KM 6, JALAN TAMPIN KUALA PILAH",KUALA PILAH,72000,064813016,064813016
98,NEGERI SEMBILAN,PPD KUALA PILAH,Kebangsaan,NBA1013,SK SUNGAI DUA,"BATU 2 1/2, KAMPUNG SUNGAI DUA",KUALA PILAH,72000,064818912,064843504
99,NEGERI SEMBILAN,PPD KUALA PILAH,Kebangsaan,NBA1014,SK ULU SUNGAI DUA,"KAMPUNG SUNGAI DUA BESAR,",KUALA PILAH,72000,064819684,064819684
100,NEGERI SEMBILAN,PPD KUALA PILAH,Kebangsaan,NBA1015,SK DANGI,"KM 20 JALAN TAMPIN/BAHAU, JOHOL",JOHOL,73100,064369484,064369484
101,NEGERI SEMBILAN,PPD KUALA PILAH,Kebangsaan,NBA1016,SK DATO' INAS,KAMPUNG ULU INAS,JOHOL,73100,064369533,064368180
102,NEGERI SEMBILAN,PPD KUALA PILAH,Kebangsaan,NBA1017,SK INAS,"KM 8,   KAMPUNG INAS",JOHOL,73100,064369867,064369817
103,NEGERI SEMBILAN,PPD KUALA PILAH,Kebangsaan,NBA1018,SK UNDANG JOHOL,"KM21 JALAN KUALA PILAH /TAMPIN",JOHOL,73100,064367246,064369730
104,NEGERI SEMBILAN,PPD KUALA PILAH,Kebangsaan,NBA1019,SK DATO' UNDANG KAMAT,POS JOHOL,JOHOL,73100,064369641,064369641
105,NEGERI SEMBILAN,PPD KUALA PILAH,Kebangsaan,NBA1020,SK NURI,KM 2 KG. LENDING,JOHOL,73100,064369569,064367467
106,NEGERI SEMBILAN,PPD KUALA PILAH,Kebangsaan,NBA1021,SK SENIBAI,KM4 JALAN KAMPUNG BATU,JOHOL,73100,064369106,064367035
107,NEGERI SEMBILAN,PPD KUALA PILAH,Kebangsaan,NBA1022,SK KEPIS,KAMPONG KEPIS,JOHOL,73100,064512561,064512561
108,NEGERI SEMBILAN,PPD KUALA PILAH,Kebangsaan,NBA1023,SK KUALA KEPIS,"LOT 49B, KAMPUNG KUALA KEPIS",JUASSEH,72500,064981112,064984424
109,NEGERI SEMBILAN,PPD KUALA PILAH,Kebangsaan,NBA1024,SK PELANGAI,"BATU 27 3/4 JLN BAHAU, KG PELANGAI",KUALA PILAH,72000,064818041,064818042
110,NEGERI SEMBILAN,PPD KUALA PILAH,Kebangsaan,NBA1025,SK PUSAT JUASSEH,"KM 10, JALAN KUALA PILAH - BAHAU",JUASSEH,72500,064983094,064985946
111,NEGERI SEMBILAN,PPD KUALA PILAH,Kebangsaan,NBA1026,SK JUASEH TENGAH,KAMPUNG JUASSEH TENGAH,KUALA PILAH,72000,064841577,064841577
112,NEGERI SEMBILAN,PPD KUALA PILAH,Kebangsaan,NBA1027,SK REMBANG PANAS,KM14 JALAN REMBANG PANAS,JUASSEH,72500,064981003,064984257
113,NEGERI SEMBILAN,PPD KUALA PILAH,Kebangsaan,NBA1028,SK PASIR AMBOR,"KM 5 JALAN PASIR AMBOR/SUNGAI TALAN",KUALA PILAH,72000,064817200,064817200
114,NEGERI SEMBILAN,PPD KUALA PILAH,Kebangsaan,NBA1032,SK TENGKEK,KG TENGKEK,BATU KIKIR.,72200,064981879,064981879
115,NEGERI SEMBILAN,PPD KUALA PILAH,Kebangsaan,NBA1033,SK TAPAK,KAMPUNG TAPAK,BATU KIKIR,72200,064985331,064985331
116,NEGERI SEMBILAN,PPD KUALA PILAH,Kebangsaan,NBA1034,SK PADANG LEBAR,KAMPUNG PADANG LEBAR,BATU KIKIR,72200,064984278,064985159
117,NEGERI SEMBILAN,PPD KUALA PILAH,Kebangsaan,NBA1110,SK (FELDA) KEPIS,"FELDA KEPIS, BATU 9, JALAN BAHAU-TAMPIN,",BAHAU,72100,064512337,064512549
118,NEGERI SEMBILAN,PPD KUALA PILAH,Kebangsaan,NBA1111,SK BUKIT ROKAN BARAT (F),BUKIT ROKAN BARAT (F),GEMENCHEH,73200,064512612,064512612
119,NEGERI SEMBILAN,PPD KUALA PILAH,Kebangsaan,NBB1042,SK TUNKU MUNAWIR,"BT. 1, JALAN BAHAU KUALA PILAH",KUALA PILAH,72000,064812314,064812877
120,NEGERI SEMBILAN,PPD KUALA PILAH,Kebangsaan,NBB1043,SK TUNKU KURSHIAH,"KM 2, JALAN TAMPIN",KUALA PILAH,72000,064811517,064811653
121,NEGERI SEMBILAN,PPD KUALA PILAH,Kebangsaan,NBB1044,SK DATO' IDRIS,TANJONG IPOH,TANJONG IPOH,71500,064887342,064887320
122,NEGERI SEMBILAN,PPD KUALA PILAH,Kebangsaan,NBE1040,SK TUNKU LAKSAMANA NASIR,"JALAN ISTANA LAMA SERI MENANTI,",SERI MENANTI,71550,064979834,064970541
123,NEGERI SEMBILAN,"PPD PORT DICKSON",Jenis Kebangsaan (C),NBC2016,SJK(C) CHUNG HUA PORT DICKSON,"KM 1, JALAN SEREMBAN , PORT DICKSON",PORT DICKSON,71000,066471291,066477223
124,NEGERI SEMBILAN,"PPD PORT DICKSON",Jenis Kebangsaan (C),NBC2017,SJK(C) CHUNG HUA LUKUT,KM6 JALAN SEREMBAN,LUKUT,71010,066511899,066514611
125,NEGERI SEMBILAN,"PPD PORT DICKSON",Jenis Kebangsaan (C),NBC2018,SJK(C) CHUNG HWA TELOK KEMANG,"BATU 7, JALAN PANTAI, TELOK KEMANG",SI RUSA,71050,066627633,066627633
126,NEGERI SEMBILAN,"PPD PORT DICKSON",Jenis Kebangsaan (C),NBC2019,SJK(C) CHUNG HUA PASIR PANJANG,JALAN BESAR PASIR PANJANG,PASIR PANJANG,71250,066619475,066619475
127,NEGERI SEMBILAN,"PPD PORT DICKSON",Jenis Kebangsaan (C),NBC2020,SJK(C) CHUNG PIN,"KM3, JALAN BESAR LINGGI,",LINGGI,71150,066979880,066979880
128,NEGERI SEMBILAN,"PPD PORT DICKSON",Jenis Kebangsaan (C),NBC2021,SJK(C) YIK CHIAO,"PEKAN BUKIT PELANDOK,",PORT DICKSON,71960,066672022,066674793
129,NEGERI SEMBILAN,"PPD PORT DICKSON",Jenis Kebangsaan (C),NBC2022,SJK(C) CHUAH,WAKIL POS CHUAH,PORT DICKSON,71960,066582913,066582913
130,NEGERI SEMBILAN,"PPD PORT DICKSON",Jenis Kebangsaan (C),NBC2023,SJK(C) YIK HWA,"KM 43 JLN PORT DICKSON,PENGKALAN KEMPAS.",LINGGI,71150,066970143,066970143
131,NEGERI SEMBILAN,"PPD PORT DICKSON",Jenis Kebangsaan (C),NBC2024,SJK(C) KG BARU SG NIPAH,"",PORT DICKSON,71960,066583286,066583286
132,NEGERI SEMBILAN,"PPD PORT DICKSON",Jenis Kebangsaan (C),NBC2025,SJK(C) KG BARU TANAH MERAH 'A',"KM 25 JALAN PD KG BARU TANAH MERAH SITE A",SEPANG,43900,066674115,066674115
133,NEGERI SEMBILAN,"PPD PORT DICKSON",Jenis Kebangsaan (C),NBC2026,SJK(C) TANAH MERAH SITE C,KAMPUNG TANAH MERAH SITE C,BKT PELANDOK,71960,066582408,066582408
134,NEGERI SEMBILAN,"PPD PORT DICKSON",Jenis Kebangsaan (C),NBC2028,SJK(C) LADANG SUA BETONG,"KM 22 JLN LINGGI, LADANG SUA BETONG, SI RUSA",PORT DICKSON,71000,066930566,066930566
135,NEGERI SEMBILAN,"PPD PORT DICKSON",Jenis Kebangsaan (C),NBC2029,SJK(C) ST LEONARDS,LADANG PORT DICKSON LUKUT,PORT DICKSON,71000,066476227,066476227
136,NEGERI SEMBILAN,"PPD PORT DICKSON",Jenis Kebangsaan (C),NBC2030,SJK(C) LADANG SILIAU,KM 8 JALAN RANTAU   SILIAU,SILIAU,71100,066946532,066946532
137,NEGERI SEMBILAN,"PPD PORT DICKSON",Jenis Kebangsaan (C),NBC2031,SJK(C) LDG BRADWALL,KUALA LUKUT,PORT DICKSON,71010,066515850,066515850
138,NEGERI SEMBILAN,"PPD PORT DICKSON",Jenis Kebangsaan (C),NBC2033,SJK(C) BANDAR SPRINGHILL,BANDAR SPRINGHILL,LUKUT,71010,066930907,066515103
139,NEGERI SEMBILAN,"PPD PORT DICKSON",Jenis Kebangsaan (T),NBD2034,SJK(T) PORT DICKSON,JALAN DATO K.PATHMANABAN,PORT DICKSON,71000,066473442,066473442
140,NEGERI SEMBILAN,"PPD PORT DICKSON",Jenis Kebangsaan (T),NBD2035,SJK(T) LDG ST LEONARD,"BATU 2, JALAN PANTAI, TAMAN PD UTAMA",PORT DICKSON,71000,066470641,066470641
141,NEGERI SEMBILAN,"PPD PORT DICKSON",Jenis Kebangsaan (T),NBD2037,SJK(T) LADANG SENDAYAN,KM 18 JALAN PORT DICKSON,LUKUT,71010,066516385,066516385
142,NEGERI SEMBILAN,"PPD PORT DICKSON",Jenis Kebangsaan (T),NBD2038,SJK(T) KEM ASKAR MELAYU,"BT.4, JLN SUA BETONG",PORT DICKSON,71050,066463870,066463870
143,NEGERI SEMBILAN,"PPD PORT DICKSON",Jenis Kebangsaan (T),NBD2039,SJK(T) LADANG SENGKANG,"BT.18 LADANG SENGKANG PASIR PANJANG",PORT DICKSON,71250,066610488,066610488
144,NEGERI SEMBILAN,"PPD PORT DICKSON",Jenis Kebangsaan (T),NBD2040,SJK(T) LDG SUNGALA,"BATU 6, JALAN PANTAI, LADANG SUNGALA",SIRUSA,71050,066626733,066626733
145,NEGERI SEMBILAN,"PPD PORT DICKSON",Jenis Kebangsaan (T),NBD2041,SJK(T) LDG SUA BETONG,"KM 22 JLN LINGGI, LADANG SUA BETONG, SI RUSA",PORT DICKSON,71050,066930852,066930852
146,NEGERI SEMBILAN,"PPD PORT DICKSON",Jenis Kebangsaan (T),NBD2042,SJK(T) LADANG TANAH MERAH,LDG.TANAH MERAH,LUKUT,71010,066672005,066672005
147,NEGERI SEMBILAN,"PPD PORT DICKSON",Jenis Kebangsaan (T),NBD2043,SJK(T) LADANG ATHERTON,"",SILIAU,71100,066934320,066934320
148,NEGERI SEMBILAN,"PPD PORT DICKSON",Jenis Kebangsaan (T),NBD2044,SJK(T) LDG BRADWALL,"SILIAU, PORT DICKSON",SILIAU,71100,066942134,066942134
149,NEGERI SEMBILAN,"PPD PORT DICKSON",Jenis Kebangsaan (T),NBD2045,SJK(T) BANDAR SPRING HILL,"KM 16 JALAN SEREMBAN,BANDAR SPRINGHILL",LUKUT,71010,066513358,066512208
150,NEGERI SEMBILAN,"PPD PORT DICKSON",Jenis Kebangsaan (T),NBD2046,SJK(T) LDG. SUNGAI SALAK,"KM 9 JALAN SEREMBAN, LUKUT, PORT DICKSON",LUKUT,71010,066511105,066511105
151,NEGERI SEMBILAN,"PPD PORT DICKSON",Jenis Kebangsaan (T),NBD2047,SJK(T) LDG SAGGA,LADANG SAGGA,SILIAU,71100,066944168,066944168
152,NEGERI SEMBILAN,"PPD PORT DICKSON",Jenis Kebangsaan (T),NBD2048,SJK(T) LDG SILIAU,KM 8 JALAN SILIAU,SILIAU,71100,066943031,066943031
153,NEGERI SEMBILAN,"PPD PORT DICKSON",Jenis Kebangsaan (T),NBD2049,SJK(T) LADANG LINSUM,"KM25 LADANG LINSUM, JLN LINGGI SEREMBAN",RANTAU,71200,066944955,066944955
154,NEGERI SEMBILAN,"PPD PORT DICKSON",Jenis Kebangsaan (T),NBD2051,SJK(T) LADANG TAMPIN LINGGI,"KM 24,JLN LINGGI,LADANG TAMPIN LINGGI.",RANTAU,71200,066970627,066970627
155,NEGERI SEMBILAN,"PPD PORT DICKSON",Jenis Kebangsaan (T),NBD2052,SJK(T) MUKUNDAN,BUKIT PELANDOK,PORT DICKSON,71960,066674006,066674006
156,NEGERI SEMBILAN,"PPD PORT DICKSON",Kebangsaan,NBA2001,SK KAMPONG GELAM,"KM 1, JALAN SEREMBAN",PORT DICKSON,71000,066476876,066475629
157,NEGERI SEMBILAN,"PPD PORT DICKSON",Kebangsaan,NBA2003,SK SI-RUSA,"KM 6 JALAN PANTAI, SI RUSA",PORT DICKSON,71050,066473094,066473094
158,NEGERI SEMBILAN,"PPD PORT DICKSON",Kebangsaan,NBA2004,SK SUNGALA,"KEM SUNGGALA,2 ARMOR DI-RAJA,SI RUSA",PORT DICKSON,71050,066473030,066473030
159,NEGERI SEMBILAN,"PPD PORT DICKSON",Kebangsaan,NBA2005,SK TELOK KEMANG,"BT 8 JALAN PANTAI TELOK KEMANG",PORT DICKSON,71050,066625025,066626012
160,NEGERI SEMBILAN,"PPD PORT DICKSON",Kebangsaan,NBA2006,SK CHUAH,"KM 25, JALAN PORT DICKSON - SUNGAI NIPAH",PORT DICKSON,71960,066581566,066581566
161,NEGERI SEMBILAN,"PPD PORT DICKSON",Kebangsaan,NBA2007,SK KG SAWAH,BUKIT PELANDOK,PORT DICKSON,71960,066582402,066582402
162,NEGERI SEMBILAN,"PPD PORT DICKSON",Kebangsaan,NBA2008,SK JIMAH,KAMPUNG JIMAH,SEREMBAN,70300,067923201,067923201
163,NEGERI SEMBILAN,"PPD PORT DICKSON",Kebangsaan,NBA2009,SK JIMAH BARU,SILIAU,PORT DICKSON,71100,067922149,067922149
164,NEGERI SEMBILAN,"PPD PORT DICKSON",Kebangsaan,NBA2010,SK PASIR PANJANG,"JALAN BESAR,PASIR PANJANG",PASIR PANJANG,71250,066619032,066619032
165,NEGERI SEMBILAN,"PPD PORT DICKSON",Kebangsaan,NBA2011,SK TANJONG AGAS,PASIR PANJANG,PORT DICKSON,71250,066619424,066619424
166,NEGERI SEMBILAN,"PPD PORT DICKSON",Kebangsaan,NBA2012,SK PERMATANG PASIR,"KM.45 JLN.LINGGI , KG. PERMATANG PASIR",LINGGI,71150,066979724,066979724
167,NEGERI SEMBILAN,"PPD PORT DICKSON",Kebangsaan,NBA2013,SK LINGGI,LINGGI,LINGGI,71150,066979458,066979458
168,NEGERI SEMBILAN,"PPD PORT DICKSON",Kebangsaan,NBA2014,SK LUKUT,KM 11 JALAN SEREMBAN,LUKUT,71010,066517063,066514223
169,NEGERI SEMBILAN,"PPD PORT DICKSON",Kebangsaan,NBA2015,SK KAMPUNG BARU SIRUSA,JALAN SUA BETUNG,SI RUSA,71050,066463844,066463844
170,NEGERI SEMBILAN,"PPD PORT DICKSON",Kebangsaan,NBA2016,"SEKOLAH KEBANGSAAN INTAN PERDANA","BATU 9, JALAN PANTAI",PORT DICKSON,71050,0133047347,""
171,NEGERI SEMBILAN,"PPD PORT DICKSON",Kebangsaan,NBB2014,SK PORT DICKSON,"JALAN PANTAI, BANDAR PORT DICKSON",PORT DICKSON,71000,066471293,066463209
172,NEGERI SEMBILAN,"PPD PORT DICKSON",Kebangsaan,NBE2067,SK PANGLIMA ADNAN,"BATU 4, JALAN PANTAI, BAGAN PINANG, SI RUSA,",PORT DICKSON,71050,06-6471614,06-6470010
173,NEGERI SEMBILAN,PPD REMBAU,Jenis Kebangsaan (C),NBC3027,SJK(C) YUK HUA REMBAU,JALAN DATO' ABDULLAH,REMBAU,71300,066857678,066857678
174,NEGERI SEMBILAN,PPD REMBAU,Jenis Kebangsaan (C),NBC3028,SJK(C) PEI HWA PEDAS,KM 0.5 JALAN KUNDOR,PEDAS,71400,066855400,066855400
175,NEGERI SEMBILAN,PPD REMBAU,Jenis Kebangsaan (C),NBC3029,SJK(C) PEI TECK KOTA,KM 14 JALAN SEREMBAN TAMPIN,KOTA,71350,064381779,064381779
176,NEGERI SEMBILAN,PPD REMBAU,Jenis Kebangsaan (T),NBD3031,SJK(T) LADANG BATU HAMPAR,LADANG BATU HAMPAR,REMBAU,71300,066854694,066854694
177,NEGERI SEMBILAN,PPD REMBAU,Jenis Kebangsaan (T),NBD3032,SJK(T) LADANG CHEMBONG,LADANG CHEMBONG,REMBAU,71300,06 6853699,06 6853699
178,NEGERI SEMBILAN,PPD REMBAU,Jenis Kebangsaan (T),NBD3033,SJK(T) LADANG BUKIT BERTAM,LADANG BUKIT BERTAM,LINGGI,71150,066966325,066966325
179,NEGERI SEMBILAN,PPD REMBAU,Jenis Kebangsaan (T),NBD5036,SJK(T) LADANG SG BARU,LADANG SUNGAI BARU,LINGGI,71150,066967393,066967393
180,NEGERI SEMBILAN,PPD REMBAU,Kebangsaan,NBA3001,SK PEDAS,"BATU 2, JLN KUNDOR",PEDAS,71400,066854267,066854267
181,NEGERI SEMBILAN,PPD REMBAU,Kebangsaan,NBA3002,SK KUNDOR,"JALAN KAMPONG KUNDOR TENGAH",PEDAS,71400,066970140,066970955
182,NEGERI SEMBILAN,PPD REMBAU,Kebangsaan,NBA3003,SK SEPRI,"JALAN KG. AIR SEKAPAS, SEPRI",REMBAU,71300,066857059,066857059
183,NEGERI SEMBILAN,PPD REMBAU,Kebangsaan,NBA3005,SK SEBERANG BATU HAMPAR,"KAMPUNG SEBERANG BATU HAMPAR",REMBAU,71300,066851918,066851918
184,NEGERI SEMBILAN,PPD REMBAU,Kebangsaan,NBA3006,SK KAYU ARA,"KM 13, KAMPUNG RENDAH",REMBAU,71300,066853041,066853041
185,NEGERI SEMBILAN,PPD REMBAU,Kebangsaan,NBA3009,SK KAMPONG BATU,KAMPONG BATU,REMBAU,71300,066858516,066858516
186,NEGERI SEMBILAN,PPD REMBAU,Kebangsaan,NBA3010,SK SALAK NAMA,"KM 30, JLN SEREMBAN-TAMPIN, REMBAU",REMBAU,71300,066852790,066852790
187,NEGERI SEMBILAN,PPD REMBAU,Kebangsaan,NBA3011,SK BONGEK,"KM31, JALAN TAMPIN,",REMBAU,71300,066857614,066857614
188,NEGERI SEMBILAN,PPD REMBAU,Kebangsaan,NBA3012,SK PULAU BESAR,KAMPUNG PULAU BESAR,REMBAU,71300,066858542,066858542
189,NEGERI SEMBILAN,PPD REMBAU,Kebangsaan,NBA3013,SK PILIN,"KG PILIN, JLN LUBOK CHINA",REMBAU,71300,066970544,066970544
190,NEGERI SEMBILAN,PPD REMBAU,Kebangsaan,NBA3014,"SEKOLAH KEBANGSAAN TUN HAJI ABDUL MALEK","KG PENAJIS TENGAH, PENAJIS",REMBAU,71300,064384906,064684906
191,NEGERI SEMBILAN,PPD REMBAU,Kebangsaan,NBA3015,SK CHENGKAU,KAMPONG LADA,REMBAU,71300,064382334,064382334
192,NEGERI SEMBILAN,PPD REMBAU,Kebangsaan,NBA3016,SK KOTA,KM 10 JLN TAMPIN SEREMBAN,KOTA,71350,064381206,064381206
193,NEGERI SEMBILAN,PPD REMBAU,Kebangsaan,NBA3017,SK KAMPONG TANJONG,"JALAN MASJID KG SEBERANG PAYA",KOTA,71350,064382585,064382585
194,NEGERI SEMBILAN,PPD REMBAU,Kebangsaan,NBA3019,SK SAWAH RAJA,KG SAWAH RAJA,KOTA,71350,064384860,064384860
195,NEGERI SEMBILAN,PPD REMBAU,Kebangsaan,NBA3020,SK SEMERBOK,KG.SEMERBOK,KOTA,71350,064383492,064383492
196,NEGERI SEMBILAN,PPD REMBAU,Kebangsaan,NBA3021,SK LEGONG ULU,KG.LEGONG ULU,KOTA,71350,064382077,064382077
197,NEGERI SEMBILAN,PPD REMBAU,Kebangsaan,NBA3022,SK DATO SHAH BANDAR REMBAU,"SEKOLAH KEBANGSAAN DATO' SHAH BANDAR REMBAU",LINGGI,71150,066967062,066967062
198,NEGERI SEMBILAN,PPD REMBAU,Kebangsaan,NBA3023,SK TITIAN BINTANGOR,KAMPUNG TITIAN BINTANGOR,LINGGI,71150,066967808,066967808
199,NEGERI SEMBILAN,PPD REMBAU,Kebangsaan,NBA3024,SK TAMAN SERI REMBAU,TAMAN SERI REMBAU,REMBAU,71300,066858550,066858550
200,NEGERI SEMBILAN,PPD REMBAU,Kebangsaan,NBE3024,SK CHEMBONG,BT 17 JALAN SEREMBAN-TAMPIN,REMBAU.,71300,066857191,066857191
201,NEGERI SEMBILAN,PPD REMBAU,Kebangsaan,NBE3042,SK UNDANG REMBAU,JALAN BATU HAMPAR,REMBAU,71309,066852715,06 6855770
202,NEGERI SEMBILAN,PPD REMBAU,Kebangsaan,NBE3043,SK ASTANA RAJA,KAMPUNG ASTANA RAJA,KOTA,71350,064381510,064381510
203,NEGERI SEMBILAN,PPD SEREMBAN,Jenis Kebangsaan (C),NBC4042,SJK(C) CHUNG HUA,"KM 3, JALAN TUANKU MUNAWIR",SEREMBAN,70000,067612735,067618462
204,NEGERI SEMBILAN,PPD SEREMBAN,Jenis Kebangsaan (C),NBC4043,SJK(C) CHI HWA,JLN. TEMIANG,SEREMBAN,70200,067630109,067630109
205,NEGERI SEMBILAN,PPD SEREMBAN,Jenis Kebangsaan (C),NBC4044,SJK(C) CHAN WA,"46, JALAN TAN SRI MANICKAVASAGAM",SEREMBAN,70200,067612971,067648670
206,NEGERI SEMBILAN,PPD SEREMBAN,Jenis Kebangsaan (C),NBC4045,SJK(C) SAN MIN,20 JALAN LEE SAM,SEREMBAN,70000,067624327,067624327
207,NEGERI SEMBILAN,PPD SEREMBAN,Jenis Kebangsaan (C),NBC4046,SJK(C) PEI HUA,"JLN. TUN DR. ISMAIL, SEREMBAN",SEREMBAN,70200,067612076,067624996
208,NEGERI SEMBILAN,PPD SEREMBAN,Jenis Kebangsaan (C),NBC4047,SJK(C) KUO MIN,JALAN TUN DR ISMAIL,SEREMBAN,70200,067624913,067624913
209,NEGERI SEMBILAN,PPD SEREMBAN,Jenis Kebangsaan (C),NBC4048,SJK(C) SINO ENGLISH,JALAN LEE SAM,SEREMBAN,70000,067626139,067672190
210,NEGERI SEMBILAN,PPD SEREMBAN,Jenis Kebangsaan (C),NBC4050,SJK(C) SIN HUA,JALAN TOK UNGKU,SEREMBAN,70100,066310488,066337989
211,NEGERI SEMBILAN,PPD SEREMBAN,Jenis Kebangsaan (C),NBC4051,"SJK(C) MA HWA, KG. BARU RASAH",KAMPUNG BARU RASAH,SEREMBAN,70300,067620014,067620014
212,NEGERI SEMBILAN,PPD SEREMBAN,Jenis Kebangsaan (C),NBC4052,SJK(C) KG BARU RAHANG,KAMPUNG BARU RAHANG,SEREMBAN,70450,067613775,067620187
213,NEGERI SEMBILAN,PPD SEREMBAN,Jenis Kebangsaan (C),NBC4053,SJK(C) KG SERI SIKAMAT,"KM 5,KG SERI SIKAMAT",SEREMBAN,70400,067638784,067638784
214,NEGERI SEMBILAN,PPD SEREMBAN,Jenis Kebangsaan (C),NBC4054,SJK(C) KG BARU MAMBAU,KAMPUNG BARU MAMBAU,SEREMBAN,70300,066310615,066313859
215,NEGERI SEMBILAN,PPD SEREMBAN,Jenis Kebangsaan (C),NBC4055,SJK(C) LADANG HILLSIDE,"BT 4, JALAN LABU",SEREMBAN,70200,067613641,067613641
216,NEGERI SEMBILAN,PPD SEREMBAN,Jenis Kebangsaan (C),NBC4056,SJK(C) KG BARU BT 8 LABU,BT 8 JALAN LABU,SEREMBAN,71900,067911019,067911019
217,NEGERI SEMBILAN,PPD SEREMBAN,Jenis Kebangsaan (C),NBC4057,SJK(C) MIN SHING,BATU10   PEKAN LABU,LABU,71900,067916042,067916042
218,NEGERI SEMBILAN,PPD SEREMBAN,Jenis Kebangsaan (C),NBC4058,SJK(C) KUO MIN,"KM 1, JALAN BESAR NILAI",NILAI,71800,067990793,067996016
219,NEGERI SEMBILAN,PPD SEREMBAN,Jenis Kebangsaan (C),NBC4059,SJK(C) KG BARU PAROI,"KM 9,KG.SERI PAROI  JALAN KUALA PILAH",SEREMBAN,70400,066775070,066778076
220,NEGERI SEMBILAN,PPD SEREMBAN,Jenis Kebangsaan (C),NBC4060,SJK(C) KG BARU PANTAI,"KG. BARU PANTAI, KM 12, JALAN SEREMBAN-JELEBU",SEREMBAN,71770,067677960,067677960
221,NEGERI SEMBILAN,PPD SEREMBAN,Jenis Kebangsaan (C),NBC4061,SJK(C) SIN MIN,"LOT 2043 BATU 9 1/2 JLN KUALA SAWAH",RANTAU,71200,066942866,066942866
222,NEGERI SEMBILAN,PPD SEREMBAN,Jenis Kebangsaan (C),NBC4062,SJK(C) CHUNG HUA MANTIN,BT 10 JALAN BESAR MANTIN,MANTIN,71700,067581775,067571579
223,NEGERI SEMBILAN,PPD SEREMBAN,Jenis Kebangsaan (C),NBC4063,SJK(C) CHI CHI MANTIN,KAMPUNG  ATAP,MANTIN,71700,067571910,067584036
224,NEGERI SEMBILAN,PPD SEREMBAN,Jenis Kebangsaan (C),NBC4064,SJK(C) KG BARU PAJAM,KG. BARU PAJAM,MANTIN,71700,067583067,067582592
225,NEGERI SEMBILAN,PPD SEREMBAN,Jenis Kebangsaan (C),NBC4065,SJK(C) KG BARU BROGA,KG.BARU BROGA,LENGGENG,71750,0387611128,0387611128
226,NEGERI SEMBILAN,PPD SEREMBAN,Jenis Kebangsaan (C),NBC4066,SJK(C) YU CHAI ULU BERANANG,"KM.17 JALAN BESAR ULU BERANANG, LENGGENG",LENGGENG,71750,0387611298,0387611298
227,NEGERI SEMBILAN,PPD SEREMBAN,Jenis Kebangsaan (C),NBC4067,SJK(C) CHUNG HUA RANTAU,PEKAN RANTAU,RANTAU,71200,066941246,066941246
228,NEGERI SEMBILAN,PPD SEREMBAN,Jenis Kebangsaan (C),NBC4068,SJK(C) LADANG ULU KANCHONG,LADANG ULU KANCHONG,RANTAU,71200,066943887,066943887
229,NEGERI SEMBILAN,PPD SEREMBAN,Jenis Kebangsaan (C),NBC4069,SJK(C) KELPIN SEREMBAN,JALAN TOK UNGKU,SEREMBAN,70100,066332313,066332313
230,NEGERI SEMBILAN,PPD SEREMBAN,Jenis Kebangsaan (C),NBC4070,"SJK(C) TUNG HUA LADANG TANAH MERAH","PERSIARAN SAUJANA INDAH, SAUJANA INDAH, S2 HEIGHTS,",SEREMBAN,70300,066720012,066314292
231,NEGERI SEMBILAN,PPD SEREMBAN,Jenis Kebangsaan (C),NBC4071,"SEKOLAH JENIS KEBANGSAAN (CINA) SUNGAI SALAK",TAMAN SEREMBAN JAYA,SEREMBAN,70450,066795729,066795732
232,NEGERI SEMBILAN,PPD SEREMBAN,Jenis Kebangsaan (C),NBC5028,SJK(C) PUTRA NILAI,"NO 5, PERSIARAN UNIVERSITI, PUTRA NILAI",NILAI,71800,0127481496,TIADA
233,NEGERI SEMBILAN,PPD SEREMBAN,Jenis Kebangsaan (T),NBD4069,"SJK(T) CONVENT SEREMBAN (KOMPLEKS WAWASAN)","KOMP. SK WAWASAN, JLN S2 F22, GARDEN HOMES, SBAN2",SEREMBAN,70300,0066337441,0066335806
234,NEGERI SEMBILAN,PPD SEREMBAN,Jenis Kebangsaan (T),NBD4070,SJK(T) LORONG JAVA,"LORONG JAWA 1,",SEREMBAN,70000,067633708,067611741
235,NEGERI SEMBILAN,PPD SEREMBAN,Jenis Kebangsaan (T),NBD4071,SJK(T) JALAN LOBAK,JLN TAN SRI MANICKAVASAGAM,SEREMBAN,70200,067635251,067614508
236,NEGERI SEMBILAN,PPD SEREMBAN,Jenis Kebangsaan (T),NBD4072,SJK(T) NILAI,KM 24 JALAN BESAR NILAI,NILAI,71800,067991532,067998215
237,NEGERI SEMBILAN,PPD SEREMBAN,Jenis Kebangsaan (T),NBD4073,SJK(T) LADANG BATANG BENAR,"KM 3  JALAN NILAI 3, LADANG BATANG BENAR",NILAI,71800,067998157,067998157
238,NEGERI SEMBILAN,PPD SEREMBAN,Jenis Kebangsaan (T),NBD4074,SJK(T) LADANG KIRBY,"BATU 9, JALAN LABU",LABU,71900,067912646,067912646
239,NEGERI SEMBILAN,PPD SEREMBAN,Jenis Kebangsaan (T),NBD4075,SJK(T) LADANG KUBANG,LADANG KUBANG,NILAI,71800,067911746,067911746
240,NEGERI SEMBILAN,PPD SEREMBAN,Jenis Kebangsaan (T),NBD4076,SJK(T) DESA CEMPAKA,"TAMAN DESA CEMPAKA, JALAN SEPANG",NILAI,71800,067996814,067996814
241,NEGERI SEMBILAN,PPD SEREMBAN,Jenis Kebangsaan (T),NBD4077,SJK(T) LDG CAIRO,JALAN BESAR,MANTIN,71700,067587651,067587651
242,NEGERI SEMBILAN,PPD SEREMBAN,Jenis Kebangsaan (T),NBD4078,SJK(T) LABU BHG 1,PEKAN LABU,SEREMBAN,71900,067914804,067914804
243,NEGERI SEMBILAN,PPD SEREMBAN,Jenis Kebangsaan (T),NBD4079,SJK(T) LADANG LABU BHG 4,LADANG LABU BAHAGIAN 4,LABU,71900,067912521,067912521
244,NEGERI SEMBILAN,PPD SEREMBAN,Jenis Kebangsaan (T),NBD4080,SJK(T) LADANG SENAWANG,"KM 7, JALAN TAMPIN",SEREMBAN,71450,066776037,066776037
245,NEGERI SEMBILAN,PPD SEREMBAN,Jenis Kebangsaan (T),NBD4081,SJK(T) LADANG SEREMBAN,LADANG SEREMBAN,SEREMBAN,71450,066772473,066772473
246,NEGERI SEMBILAN,PPD SEREMBAN,Jenis Kebangsaan (T),NBD4082,SJK(T) LDG PERHENTIAN TINGGI,"SUNGAI GADUT, SEREMBAN",SUNGAI GADUT,71450,066777478,TIADA
247,NEGERI SEMBILAN,PPD SEREMBAN,Jenis Kebangsaan (T),NBD4083,SJK(T) LADANG KOMBOK,"LADANG KOMBOK ,RANTAU",RANTAU,71200,066945359,066945359
248,NEGERI SEMBILAN,PPD SEREMBAN,Jenis Kebangsaan (T),NBD4084,SJK(T) RANTAU,BANDAR EKAR,SEREMBAN,71200,066947523,066947523
249,NEGERI SEMBILAN,PPD SEREMBAN,Jenis Kebangsaan (T),NBD4085,SJK(T) LADANG SHANGHAI SEREMBAN,LADANG SHANGHAI SEREMBAN,SEREMBAN,70300,066310360,066310360
250,NEGERI SEMBILAN,PPD SEREMBAN,Jenis Kebangsaan (T),NBD4086,SJK(T) TUN SAMBANTHAN,"PAJAM,MANTIN.",MANTIN,71700,067582645,067582645
251,NEGERI SEMBILAN,PPD SEREMBAN,Jenis Kebangsaan (T),NBD4087,SJK(T) LADANG LENGGENG,LADANG LENGGENG,LENGGENG,71750,067591323,TIADA
252,NEGERI SEMBILAN,PPD SEREMBAN,Kebangsaan,NBA4001,SK DATO' KLANA PUTRA,"KM 1,JALAN LENGGENG",LENGGENG,71750,0387660388,0387660388
253,NEGERI SEMBILAN,PPD SEREMBAN,Kebangsaan,NBA4002,SK SUNGAI MACHANG,KG SG MACHANG HILIR,LENGGENG,71750,067585422,067585422
254,NEGERI SEMBILAN,PPD SEREMBAN,Kebangsaan,NBA4003,SK ULU BERANANG,BATU 17 PEKAN ULU BERANANG,LENGGENG,71750,0387610207,0387610137
255,NEGERI SEMBILAN,PPD SEREMBAN,Kebangsaan,NBA4004,SK SUNGAI JAI,"KG.SUNGAI JAI,LENGGENG",LENGGENG,71750,0387660782,0387660025
256,NEGERI SEMBILAN,PPD SEREMBAN,Kebangsaan,NBA4005,SK KAMPONG DACHING,"LOT 2100 KAMPUNG DACHING HILIR",LENGGENG,71750,0387660433,0387660433
257,NEGERI SEMBILAN,PPD SEREMBAN,Kebangsaan,NBA4006,SK MENDUM,KG.SUNGAI BUNGA,LENGGENG,71750,067583706,067583706
258,NEGERI SEMBILAN,PPD SEREMBAN,Kebangsaan,NBA4009,SK BATANG BENAR,JALAN MASJID BATANG BENAR,MANTIN,71700,6067994277,6067996527
259,NEGERI SEMBILAN,PPD SEREMBAN,Kebangsaan,NBA4010,SK DATO' AHMAD MANAF,BATU 16 JALAN SEPANG,NILAI,71800,067997650,067997650
260,NEGERI SEMBILAN,PPD SEREMBAN,Kebangsaan,NBA4011,SK JIJAN,KG. JIJAN,NILAI,71800,067914191,067917591
261,NEGERI SEMBILAN,PPD SEREMBAN,Kebangsaan,NBA4013,SK LABU ULU,BT. 8 JALAN LABU,LABU,71900,067911727,067911727
262,NEGERI SEMBILAN,PPD SEREMBAN,Kebangsaan,NBA4014,SK LABU,BATU 10,LABU,71900,067914008,067914008
263,NEGERI SEMBILAN,PPD SEREMBAN,Kebangsaan,NBA4015,SK TEKIR,"BATU 10, JALAN LABU",LABU,71900,067912211,067912211
264,NEGERI SEMBILAN,PPD SEREMBAN,Kebangsaan,NBA4016,SK GADONG JAYA,GADONG JAYA,LABU,71900,067922455,067922455
265,NEGERI SEMBILAN,PPD SEREMBAN,Kebangsaan,NBA4017,SK L B JOHNSON,KAMPUNG LB. JOHNSON,SEREMBAN,71760,067914382,067914382
266,NEGERI SEMBILAN,PPD SEREMBAN,Kebangsaan,NBA4018,SK TEMIANG,JALAN TEMIANG,SEREMBAN,70200,067623488,067626524
267,NEGERI SEMBILAN,PPD SEREMBAN,Kebangsaan,NBA4019,SK RAHANG,JALAN MEDAN,SEREMBAN,70100,067626752,067671478
268,NEGERI SEMBILAN,PPD SEREMBAN,Kebangsaan,NBA4020,SK SERI KELANA,JALAN DATO SIAMANG GAGAP,SEREMBAN,70100,067639154,067624153
269,NEGERI SEMBILAN,PPD SEREMBAN,Kebangsaan,NBA4021,SK AMPANGAN,"KM 4 JLN KUALA PILAH, AMPANGAN",SEREMBAN,70400,067612018,067637902
270,NEGERI SEMBILAN,PPD SEREMBAN,Kebangsaan,NBA4022,SK PAROI,"KM 8, JALAN KUALA PILAH,",SEREMBAN,70400,066772488,066776601
271,NEGERI SEMBILAN,PPD SEREMBAN,Kebangsaan,NBA4023,SK PANTAI,"BATU 8, JALAN JELEBU, PANTAI",SEREMBAN,71770,067646863,067674281
272,NEGERI SEMBILAN,PPD SEREMBAN,Kebangsaan,NBA4024,SK DATO' BANDAR RASAH,"KM 2, JALAN RASAH,",SEREMBAN,70300,067626039,067651859
273,NEGERI SEMBILAN,PPD SEREMBAN,Kebangsaan,NBA4025,SK MAMBAU,"KM 5 JALAN SEREMBAN-PORT DICKSON",SEREMBAN,70300,066310470,066321513
274,NEGERI SEMBILAN,PPD SEREMBAN,Kebangsaan,NBA4026,SK NYATOH,"KM4, JALAN KUALA SAWAH",RANTAU,71200,066945329,066945329
275,NEGERI SEMBILAN,PPD SEREMBAN,Kebangsaan,NBA4027,SK SEGA,"KAMPUNG SEGA, RANTAU",SEREMBAN,71200,066943411,066946588
276,NEGERI SEMBILAN,PPD SEREMBAN,Kebangsaan,NBA4028,SK DATUK AKHIR ZAMAN,JALAN BESAR.,SEREMBAN,71200,066943950,066943950
277,NEGERI SEMBILAN,PPD SEREMBAN,Kebangsaan,NBA4029,SK SELIAU,KAMPONG SELIAU,RANTAU,71200,066944978,066944978
278,NEGERI SEMBILAN,PPD SEREMBAN,Kebangsaan,NBA4030,SK SENDAYAN,FELDA SENDAYAN,SEREMBAN,71950,067922067,067923102
279,NEGERI SEMBILAN,PPD SEREMBAN,Kebangsaan,NBA4031,SK SENAWANG,"JALAN RHU, TAMAN MARIDA, SENAWANG",SEREMBAN,70450,066776871,066784763
280,NEGERI SEMBILAN,PPD SEREMBAN,Kebangsaan,NBA4032,SK PENDIDIKAN KHAS SEREMBAN,JLN MUTHU CUMARU,SEREMBAN,70200,067624181,067624181
281,NEGERI SEMBILAN,PPD SEREMBAN,Kebangsaan,NBA4033,SK TAMAN PAROI JAYA,"JALAN PERSIARAN MERAK, TAMAN PAROI JAYA",SEREMBAN,70400,066793241,066772340
282,NEGERI SEMBILAN,PPD SEREMBAN,Kebangsaan,NBA4034,SK TAMAN RASAH JAYA,"JALAN RASAH JAYA 1/1, TAMAN RASAH JAYA",SEREMBAN,70300,066310534,06-6326359
283,NEGERI SEMBILAN,PPD SEREMBAN,Kebangsaan,NBA4035,SK TAMAN DUSUN NYIOR,JALAN TUANKU ANTAH,SEREMBAN,70100,067646625,067616189
284,NEGERI SEMBILAN,PPD SEREMBAN,Kebangsaan,NBA4036,SK TAMAN SRI MAWAR,"JALAN SRI MAWAR 1, TAMAN SRI MAWAR, SENAWANG",SEREMBAN,70450,066783514,066789589
285,NEGERI SEMBILAN,PPD SEREMBAN,Kebangsaan,NBA4037,SK TAMAN TUANKU JAAFAR,"JALAN SUNGAI GADUT, SENAWANG ,",SEREMBAN,71450,066782368,066770176
286,NEGERI SEMBILAN,PPD SEREMBAN,Kebangsaan,NBA4038,SK KOMPLEKS KLIA,JALAN KUARTERS KLIA,NILAI,71800,067916901,067912509
287,NEGERI SEMBILAN,PPD SEREMBAN,Kebangsaan,NBA4039,SK TAMAN TASIK JAYA,"PERSIARAN UTAMA TAMAN TASIK JAYA",SEREMBAN,70400,066791199,066781306
288,NEGERI SEMBILAN,PPD SEREMBAN,Kebangsaan,NBA4040,SK DESA CEMPAKA,"TAMAN DESA CEMPAKA,",NILAI,71800,067990611,067991414
289,NEGERI SEMBILAN,PPD SEREMBAN,Kebangsaan,NBA4041,SK TAMAN SEMARAK,"JALAN TS2/5D, TAMAN SEMARAK 2",NILAI,71800,067997298,067997682
290,NEGERI SEMBILAN,PPD SEREMBAN,Kebangsaan,NBA4042,SK DESA JASMIN,BANDAR BARU NILAI,NILAI,71800,067590960,067591426
291,NEGERI SEMBILAN,PPD SEREMBAN,Kebangsaan,NBA4043,SK SIKAMAT,"TAMAN PELANGI, SIKAMAT",SEREMBAN,70400,067635608,067623893
292,NEGERI SEMBILAN,PPD SEREMBAN,Kebangsaan,NBA4044,SK TAMAN SERI PAGI,TAMAN SERI PAGI,SEREMBAN,70450,066779348,066779348
293,NEGERI SEMBILAN,PPD SEREMBAN,Kebangsaan,NBA4045,SK TAMAN TUANKU JAAFAR 2,"TAMAN TUANKU JAAFAR ,SG GADUT ,SEREMBAN",SEREMBAN,71450,066787170,066793248
294,NEGERI SEMBILAN,PPD SEREMBAN,Kebangsaan,NBA4046,SK SEREMBAN 2A,PERSIARAN S2/A4 SEREMBAN 2,SEREMBAN,70300,066011769,066014757
295,NEGERI SEMBILAN,PPD SEREMBAN,Kebangsaan,NBA4047,SK SEREMBAN 2B,"PERSIARAN S2/A4, JALANSEREMBAN 2",SEREMBAN,70300,066012294,066012290
296,NEGERI SEMBILAN,PPD SEREMBAN,Kebangsaan,NBA4048,SK PANCHOR,KG MELAYU PANCHOR,SEREMBAN,70400,066794089,066792906
297,NEGERI SEMBILAN,PPD SEREMBAN,Kebangsaan,NBA4049,SK WAWASAN,"JLNS2 F22, GARDEN HOMES,SBN2",SEREMBAN,70300,066334539,066335235
298,NEGERI SEMBILAN,PPD SEREMBAN,Kebangsaan,NBA4050,SK SEREMBAN JAYA,TAMAN SEREMBAN JAYA,SEREMBAN,70450,066780430,066798505
299,NEGERI SEMBILAN,PPD SEREMBAN,Kebangsaan,NBA4051,SK SEREMBAN JAYA 2,TAMAN SEREMBAN JAYA,SEREMBAN,70450,066753323,066753304
300,NEGERI SEMBILAN,PPD SEREMBAN,Kebangsaan,NBA4052,SK LAVENDER HEIGHTS,TAMAN BANDAR SENAWANG,SENAWANG,70450,066776590,066776590
301,NEGERI SEMBILAN,PPD SEREMBAN,Kebangsaan,NBA4053,SK TAMAN WARISAN PUTERI,TAMAN WARISAN PUTERI,SEREMBAN,70400,067625349,067625349
302,NEGERI SEMBILAN,PPD SEREMBAN,Kebangsaan,NBA4054,SEKOLAH KEBANGSAAN SENAWANG 3,TAMAN MATAHARI INDAH,SEREMBAN,70450,066791017,066795017
303,NEGERI SEMBILAN,PPD SEREMBAN,Kebangsaan,NBB4031,SK KING GEORGE V,"KM 4, JLN KUALA PILAH, AMPANGAN",SEREMBAN,70400,067623041,06-7620181
304,NEGERI SEMBILAN,PPD SEREMBAN,Kebangsaan,NBB4032,SK DATO  KLANA MAAMOR,JALAN MUTHU CUMARU,SEREMBAN,70200,067615407,067615407
305,NEGERI SEMBILAN,PPD SEREMBAN,Kebangsaan,NBB4036,SK ST PAUL (M),"JALAN SUNGAI UJONG,",SEREMBAN,70200,067637405,067677582
306,NEGERI SEMBILAN,PPD SEREMBAN,Kebangsaan,NBB4037,SK METHODIST (ACS) SEREMBAN,JALAN LINTANG SEREMBAN,SEREMBAN,70000,067622795,067622795
307,NEGERI SEMBILAN,PPD SEREMBAN,Kebangsaan,NBB4038,SK PUTERI,JALAN LABU LAMA,SEREMBAN,70200,067624954,067642360
308,NEGERI SEMBILAN,PPD SEREMBAN,Kebangsaan,NBB4041,SK DATO' RAJA MELANA,JALAN LINSOM,RANTAU,71200,066943601,066940125
309,NEGERI SEMBILAN,PPD SEREMBAN,Kebangsaan,NBE4136,SK MANTIN,"KM20.JLN.BESAR SEREMBAN - KUALA LUMPUR",MANTIN,71700,067581264,067581264
310,NEGERI SEMBILAN,PPD SEREMBAN,Kebangsaan,NBE4143,"SK DATO' SHAH  BANDAR ABU BAKAR LABU HILIR","BATU 13, JALAN LABU HILIR",LABU,71900,067992511,067992511
311,NEGERI SEMBILAN,PPD TAMPIN,Jenis Kebangsaan (C),NBC5020,SJK(C) CHUNG HUA TAMPIN,JALAN BESAR TAMPIN,TAMPIN,73000,064415142,064415142
312,NEGERI SEMBILAN,PPD TAMPIN,Jenis Kebangsaan (C),NBC5021,SJK(C) KG BARU TAMPIN,KG. BARU TAMPIN,TAMPIN,73000,064416435,064416435
313,NEGERI SEMBILAN,PPD TAMPIN,Jenis Kebangsaan (C),NBC5022,SJK(C) KUO MIN GEMAS,PEKAN GEMAS,GEMAS,73400,079482367,079482367
314,NEGERI SEMBILAN,PPD TAMPIN,Jenis Kebangsaan (C),NBC5023,SJK(C) KG BARU GEMAS,KAMPUNG BARU GEMAS,GEMAS,73400,079485195,079485195
315,NEGERI SEMBILAN,PPD TAMPIN,Jenis Kebangsaan (C),NBC5024,SJK(C) SIN MIN GEMENCHEH,SIN MIN GEMENCHEH,GEMENCHEH,73200,064319050,064319050
316,NEGERI SEMBILAN,PPD TAMPIN,Jenis Kebangsaan (C),NBC5025,SJK(C) KG BARU GEDOK,KAMPUNG BARU GEDOK,GEMENCHEH,73200,064318051,064318051
317,NEGERI SEMBILAN,PPD TAMPIN,Jenis Kebangsaan (C),NBC5026,SJK(C) AIR KUNING SELATAN,KG. BARU AIR KUNING SELATAN,GEMENCHEH,73200,064478481,064478481
318,NEGERI SEMBILAN,PPD TAMPIN,Jenis Kebangsaan (C),NBC5027,SJK(C) LADANG REGENT,LADANG REGENT,GEMENCHEH,73200,064319402,064319402
319,NEGERI SEMBILAN,PPD TAMPIN,Jenis Kebangsaan (T),NBD5029,SJK(T) TAMPIN,"KM 1, JALAN SEREMBAN",TAMPIN,73000,064412735,064412735
320,NEGERI SEMBILAN,PPD TAMPIN,Jenis Kebangsaan (T),NBD5030,SJK(T) LADANG REPAH,LADANG REPAH,TAMPIN,73000,064416396,064412184
321,NEGERI SEMBILAN,PPD TAMPIN,Jenis Kebangsaan (T),NBD5031,SJK(T) LADANG REGENT,LADANG REGENT,GEMENCHEH,73200,064316643,064316643
322,NEGERI SEMBILAN,PPD TAMPIN,Jenis Kebangsaan (T),NBD5032,SJK(T) AIR KUNING SELATAN,"AIR KUNING SELATAN,",GEMENCHEH,73200,064479529,064479529
323,NEGERI SEMBILAN,PPD TAMPIN,Jenis Kebangsaan (T),NBD5033,SJK(T) LADANG BUKIT KLEDEK,LADANG BUKIT KLEDEK,GEMENCHEH,73200,065360061,065360061
324,NEGERI SEMBILAN,PPD TAMPIN,Jenis Kebangsaan (T),NBD5034,SJK(T) GEMAS,JALAN TOK SULONG,GEMAS,73400,079484935,079484935
325,NEGERI SEMBILAN,PPD TAMPIN,Jenis Kebangsaan (T),NBD5035,SJK(T) LADANG SG KELAMAH,"KM 7, JALAN TAMPIN GEMAS, LADANG SUNGAI KELAMAH",GEMAS,73400,079485368,079485368
326,NEGERI SEMBILAN,PPD TAMPIN,Kebangsaan,NBA5001,SK TAMPIN,JALAN SEREMBAN-TAMPIN,TAMPIN,73000,064418699,064418699
327,NEGERI SEMBILAN,PPD TAMPIN,Kebangsaan,NBA5002,"SEKOLAH KEBANGSAAN TUNKU SYED SYAABAN","KM. 16, JALAN TAMPIN GEMAS",TAMPIN,73000,064486896,064486896
328,NEGERI SEMBILAN,PPD TAMPIN,Kebangsaan,NBA5003,SK KERU,"BATU  7, JALAN GEMAS",TAMPIN,73000,064419166,064419166
329,NEGERI SEMBILAN,PPD TAMPIN,Kebangsaan,NBA5004,SK DATUK ABDULLAH,KM 2 JALAN GEMENCHEH LAMA,GEMENCHEH,73200,064317317,064317317
330,NEGERI SEMBILAN,PPD TAMPIN,Kebangsaan,NBA5005,SK GEDOK,KAMPUNG GEDOK,GEMENCHEH,73200,064317369,064317369
331,NEGERI SEMBILAN,PPD TAMPIN,Kebangsaan,NBA5006,SK SUNGAI JERNEH,KG. SUNGAI JERNEH,GEMENCHEH,73200,064310953,064310953
332,NEGERI SEMBILAN,PPD TAMPIN,Kebangsaan,NBA5007,SK ROKAN,KAMPONG BATANG ROKAN,GEMENCHEH,73200,064317737,064317737
333,NEGERI SEMBILAN,PPD TAMPIN,Kebangsaan,NBA5008,SK BUKIT ROKAN (LKTP),FELDA BUKIT ROKAN,GEMENCHEH,73200,064310502,064310502
334,NEGERI SEMBILAN,PPD TAMPIN,Kebangsaan,NBA5009,SK SUNGAI DUA,KG. SG. DUA,GEMENCHEH,73200,064348797,064348797
335,NEGERI SEMBILAN,PPD TAMPIN,Kebangsaan,NBA5010,SK AIR KUNING SELATAN,PEKAN AIR KUNING SELATAN,GEMENCHEH,73200,064478441,064478441
336,NEGERI SEMBILAN,PPD TAMPIN,Kebangsaan,NBA5011,SK (FELDA) PASIR BESAR,KM 1 JALAN PALONG,GEMAS,73420,064576500,064576500
337,NEGERI SEMBILAN,PPD TAMPIN,Kebangsaan,NBA5012,SK LONDAH,KG LONDAH,GEMAS,73400,079485978,079481894
338,NEGERI SEMBILAN,PPD TAMPIN,Kebangsaan,NBA5013,SK KAMPONG LADANG,KG.LADANG,GEMAS,73400,079484706,079484706
339,NEGERI SEMBILAN,PPD TAMPIN,Kebangsaan,NBA5014,SK GEMAS,JALAN BATU ANAM,GEMAS,73400,079482468,079482468
340,NEGERI SEMBILAN,PPD TAMPIN,Kebangsaan,NBA5015,SK SUNGAI KELAMAH 'RKTP',"KAMPUNG FELDA SUNGAI KELAMAH",GEMAS,73400,064349231,064349231
341,NEGERI SEMBILAN,PPD TAMPIN,Kebangsaan,NBA5016,SK (FELDA) BUKIT JALOR,"JALAN MUHIBAH, FELDA BUKIT JALOR",GEMENCHEH,73200,064478594,064478594
342,NEGERI SEMBILAN,PPD TAMPIN,Kebangsaan,NBA5017,SK JELAI 2 (FELDA),FELDA JELAI 2,GEMAS,73480,064347043,064347043
343,NEGERI SEMBILAN,PPD TAMPIN,Kebangsaan,NBA5050,SK BUKIT ROKAN UTARA (F),KG.BUKIT ROKAN UTARA,GEMENCHEH,73200,064511446,064511446
344,NEGERI SEMBILAN,PPD TAMPIN,Kebangsaan,NBA5051,SK JELAI 1 (F),FELDA JELAI 1,GEMAS,73480,064347528,064347528
345,NEGERI SEMBILAN,PPD TAMPIN,Kebangsaan,NBA5052,SK JELAI 3 (FELDA),FELDA JELAI 3,GEMAS,73480,064347034,064347034
346,NEGERI SEMBILAN,PPD TAMPIN,Kebangsaan,NBA5053,SK DR. SULAIMAN,KM 1 JALAN TAMPIN-SEREMBAN,TAMPIN,73000,064416673,064416673
347,NEGERI SEMBILAN,PPD TAMPIN,Kebangsaan,NBA5054,SK KEM SYED SIRAJUDDIN,KEM SYED SIRAJUDIN,GEMAS,73400,079483079,079483867
348,NEGERI SEMBILAN,PPD TAMPIN,Kebangsaan,NBB5017,SK TUANKU ABDUL RAHMAN,JALAN TOK SULONG,GEMAS,73400,079481257,079481257
349,NEGERI SEMBILAN,PPD TAMPIN,Kebangsaan,NBB5019,SK TUNKU BESAR TAMPIN,KM 2 JLN. SEREMBAN,TAMPIN,73000,064411348,064411410
