1,SELANGOR,PPD GOMBAK,Jenis Kebangsaan (C),BBC7401,SJK(C) CHAP KHUAN,BATU ARANG,BATU ARANG,48100,0360352254,0360352254
2,SELANGOR,PPD GOMBAK,Jenis Kebangsaan (C),BBC7402,SJK(C) KHEOW BIN,BATU CAVES,BATU CAVES,68100,0361850993,0361860993
3,SELANGOR,PPD GOMBAK,Jenis Kebangsaan (C),BBC7403,SJK(C) KUANG,KAMPUNG BARU KUANG,RAWANG,48050,0360372936,0360372936
4,SELANGOR,PPD GOMBAK,Jenis Kebangsaan (C),BBC7404,SJK(C) KUNDANG,KAMPUNG BARU KUNDANG,RAWANG,48020,0360342345,0360342345
5,SELANGOR,PPD GOMBAK,Jenis Kebangsaan (C),BBC7405,SJK(C) SAN YUK,KAMPUNG KENANGA,RAWANG,48000,0360916391,0360916391
6,SELANGOR,PPD GOMBAK,Jenis Kebangsaan (C),BBC7406,SJK(C) SELAYANG BARU,"JALAN 45, SELAYANG BARU",BATU CAVES,68100,0361389089,0361363541
7,SELANGOR,PPD GOMBAK,Jenis Kebangsaan (C),BBC7407,SJK(C) DESA JAYA,KEPONG,KUALA LUMPUR,52100,0362761185,0362751185
8,SELANGOR,PPD GOMBAK,Jenis Kebangsaan (C),BBC7408,SJKC KOTA EMERALD,"LINGKARAN BUKIT EMERALD, TAMAN EMERALD",RAWANG,48000,0360912386,0360914708
9,SELANGOR,PPD GOMBAK,Jenis Kebangsaan (T),BBD7451,SJK(T) BATU CAVES,BATU CAVES,BATU CAVES,68100,0361890354,0361890354
10,SELANGOR,PPD GOMBAK,Jenis Kebangsaan (T),BBD7452,SJK(T) BATU ARANG,BATU ARANG,BATU ARANG,48100,0360352350,0360352350
11,SELANGOR,PPD GOMBAK,Jenis Kebangsaan (T),BBD7453,SJK(T) KUANG,KUANG,RAWANG,48050,0360372271,0360372271
12,SELANGOR,PPD GOMBAK,Jenis Kebangsaan (T),BBD7454,SJK(T) BUKIT DARAH,JALAN KUALA SELANGOR,SUNGAI BULOH,47000,0360381335,0360381335
13,SELANGOR,PPD GOMBAK,Jenis Kebangsaan (T),BBD7455,SJK(T) RAWANG,JALAN KUALA GARING,RAWANG,48000,0360916057,0360916057
14,SELANGOR,PPD GOMBAK,Jenis Kebangsaan (T),BBD7456,SJK(T) TAMAN MELAWATI,"JLN MELAWATI 5, TMN MELAWATI",KUALA LUMPUR,53100,0341053136,0341053136
15,SELANGOR,PPD GOMBAK,Jenis Kebangsaan (T),BBD8457,SJK(T) SARASWATHY,SUNGAI BULOH,SUNGAI BULOH,47000,0361565751,0361565751
16,SELANGOR,PPD GOMBAK,Kebangsaan,BBA7101,SK SELAYANG BARU (2),"JALAN 42, SELAYANG BARU",BATU CAVES,68100,0361386333,0361362333
17,SELANGOR,PPD GOMBAK,Kebangsaan,BBA7102,SK (2) TAMAN SELAYANG,JALAN SG TUA,BATU CAVES,68100,0361882337,0361850849
18,SELANGOR,PPD GOMBAK,Kebangsaan,BBA7103,SK (2) TAMAN KERAMAT,JALAN ENGGANG TIMUR 1,KUALA LUMPUR,54200,0342573546,0342568867
19,SELANGOR,PPD GOMBAK,Kebangsaan,BBA7201,SK HULU KELANG,JALAN HULU KELANG,AMPANG,68000,0341078662,0341078662
20,SELANGOR,PPD GOMBAK,Kebangsaan,BBA7202,SK KLANG GATE,JALAN GENTING KLANG,KUALA LUMPUR,53100,0341084646,0341078125
21,SELANGOR,PPD GOMBAK,Kebangsaan,BBA7203,SK GOMBAK SETIA,PEJABAT POS GOMBAK,KUALA LUMPUR,53100,0361897851,0361896167
22,SELANGOR,PPD GOMBAK,Kebangsaan,BBA7204,SK GOMBAK UTARA,"KM11, JALAN GOMBAK",KUALA LUMPUR,53100,0361893546,0361893546
23,SELANGOR,PPD GOMBAK,Kebangsaan,BBA7205,SK SG TUA BAHARU,"JALAN MELATI, KG SG TUA BAHARU",BATU CAVES,68100,0361897052,0361874468
24,SELANGOR,PPD GOMBAK,Kebangsaan,BBA7206,SK KEPONG,"INSTITUT PENYELIDIKAN PERHUTANAN MALAYSIA",KUALA LUMPUR,52100,0362756264,0362773045
25,SELANGOR,PPD GOMBAK,Kebangsaan,BBA7207,SK RAWANG,JALAN KUALA GARING,RAWANG,48000,0360918453,0360918453
26,SELANGOR,PPD GOMBAK,Kebangsaan,BBA7208,SK KUANG,"KM 28, JALAN KUANG",RAWANG,48050,0360383780,0360382199
27,SELANGOR,PPD GOMBAK,Kebangsaan,BBA7209,SK SG SERAI,KUANG,RAWANG,48050,0360371259,0360371259
28,SELANGOR,PPD GOMBAK,Kebangsaan,BBA7210,SK SG PELONG,SUNGAI PELONG,SUNGAI BULOH,47000,0360383576,0360384734
29,SELANGOR,PPD GOMBAK,Kebangsaan,BBA7211,SK TAMAN KERAMAT (1),JALAN ENGGANG TIMUR 1,KUALA LUMPUR,54200,0342561317,0342515921
30,SELANGOR,PPD GOMBAK,Kebangsaan,BBA7212,SK SG BULUH,SK SUNGAI BULOH,SUNGAI BULOH,47000,0361561669,0361571926
31,SELANGOR,PPD GOMBAK,Kebangsaan,BBA7213,SK TAMAN EHSAN,"JALAN  25 ,  DESA  JAYA",KUALA  LUMPUR,52100,0362762768,0362774121
32,SELANGOR,PPD GOMBAK,Kebangsaan,BBA7214,SK TAMAN MELAWATI,"JALAN F-13, TAMAN MELAWATI",KUALA LUMPUR,53100,0341078763,0341055169
33,SELANGOR,PPD GOMBAK,Kebangsaan,BBA7215,SK (1) TAMAN SELAYANG,JALAN SUNGAI TUA,BATU CAVES,68100,0361898813,0361898813
34,SELANGOR,PPD GOMBAK,Kebangsaan,BBA7216,SK TAMAN SERI GOMBAK,"JALAN SG 1/1, TAMAN SERI GOMBAK",BATU CAVES,68100,0361894886,0361894886
35,SELANGOR,PPD GOMBAK,Kebangsaan,BBA7217,SK LEMBAH KERAMAT,"JLN AU 5C/6, LEMBAH KERAMAT",KUALA LUMPUR,54200,0341082520,0341072521
36,SELANGOR,PPD GOMBAK,Kebangsaan,BBA7219,SK SELAYANG JAYA,"JALAN SJ 24, TAMAN SELAYANG JAYA",BATU CAVES,68100,0361385270,0361369782
37,SELANGOR,PPD GOMBAK,Kebangsaan,BBA7220,SK BANDAR BARU SELAYANG,BANDAR BARU SELAYANG,BATU CAVES,68100,0361381802,0361366937
38,SELANGOR,PPD GOMBAK,Kebangsaan,BBA7221,SK TAMAN SELASIH,TAMAN SELASIH FASA 2,BATU CAVES,68100,0361880307,0361880307
39,SELANGOR,PPD GOMBAK,Kebangsaan,BBA7222,SK TAMAN PERMATA,"JALAN PERMATA 9,TAMAN PERMATA, HULU KELANG",KUALA LUMPUR,53300,0341077259,0341087275
40,SELANGOR,PPD GOMBAK,Kebangsaan,BBA7224,SK TAMAN MELAWATI 2,TAMAN MELAWATI,KUALA  LUMPUR,53100,0341086619,0341062591
41,SELANGOR,PPD GOMBAK,Kebangsaan,BBA7225,SK SELAYANG UTAMA,"JALAN SU40, TAMAN SELAYANG UTAMA",BATU CAVES,68100,0361364020,0361364020
42,SELANGOR,PPD GOMBAK,Kebangsaan,BBA7226,SK SUNGAI KERTAS,JALAN SUNGAI TUA,BATU CAVES,68100,0361851767,0361888441
43,SELANGOR,PPD GOMBAK,Kebangsaan,BBA7227,SK TAMAN SAMUDRA,"JALAN SAMUDRA BARAT 4, TAMAN SAMUDRA",BATU CAVES,68100,0361866649,0361866649
44,SELANGOR,PPD GOMBAK,Kebangsaan,BBA7228,SK SUNGAI PUSU,"KM.11, JALAN GOMBAK",GOMBAK,53100,0361862639,0361862639
45,SELANGOR,PPD GOMBAK,Kebangsaan,BBA7229,SK TAMAN SETIA,"JALAN AKIK, TAMAN SETIA",KUALA LUMPUR,53100,0361884104,0361884107
46,SELANGOR,PPD GOMBAK,Kebangsaan,BBA7230,SK TAMAN DESA,BANDAR COUNTRY HOMES,RAWANG,48000,0360937562,0360914582
47,SELANGOR,PPD GOMBAK,Kebangsaan,BBA7231,SK BUKIT RAWANG JAYA,"JALAN BUKIT RAWANG, TAMAN BUKIT RAWANG JAYA",RAWANG,48000,0360935044,0360935043
48,SELANGOR,PPD GOMBAK,Kebangsaan,BBA7232,SK TAMAN BUKIT INDAH,TAMAN BUKIT INDAH,AMPANG,68000,0342808317,0342808325
49,SELANGOR,PPD GOMBAK,Kebangsaan,BBA7233,SK BUKIT RAHMAN PUTRA,BUKIT RAHMAN PUTRA,SUNGAI BULOH,47000,0361562454,0361562187
50,SELANGOR,PPD GOMBAK,Kebangsaan,BBA7234,SK SERI KUNDANG,KG MELAYU SERI KUNDANG,RAWANG,48020,0360344816,0360344815
51,SELANGOR,PPD GOMBAK,Kebangsaan,BBA7235,SK TAMAN SERI GOMBAK 2,JALAN SG 1/1 TAMAN SERI GOMBAK,BATU CAVES,68100,0361858566,0361872544
52,SELANGOR,PPD GOMBAK,Kebangsaan,BBA7236,SK TAMAN DESA 2,BANDAR COUNTRY HOMES,RAWANG,48000,0360917918,0360927301
53,SELANGOR,PPD GOMBAK,Kebangsaan,BBA7237,SK BANDAR BARU RAWANG,PERSIARAN PELANGI,RAWANG,48000,0360915707,0360915707
54,SELANGOR,PPD GOMBAK,Kebangsaan,BBA7238,SK BANDAR TASIK PUTERI,BANDAR TASIK PUTERI,RAWANG,48000,0360342978,0360344059
55,SELANGOR,PPD GOMBAK,Kebangsaan,BBA7239,SK DESA AMANPURI,"PERSIARAN PERDANA , KEPONG",KUALA LUMPUR,52100,0362804744,0362804744
56,SELANGOR,PPD GOMBAK,Kebangsaan,BBA7240,SK TAMAN PRIMA SELAYANG,"OFF JALAN MELATI 7, TAMAN SRI MELATI",BATU CAVES,68100,0361389329,0361375095
57,SELANGOR,PPD GOMBAK,Kebangsaan,BBA7241,SK BANDAR BARU SELAYANG (2),"PERSIARAN 2, FASA 1C, BANDAR BARU SELAYANG",BATU CAVES,68100,0361374800,0361379700
58,SELANGOR,PPD GOMBAK,Kebangsaan,BBA7242,SK TASIK PUTERI 2,BANDAR TASIK PUTERI,RAWANG,48000,0360342595,0360342726
59,SELANGOR,PPD GOMBAK,Kebangsaan,BBA7243,SK TAMAN TUN TEJA,"JALAN SEKOLAH TUN TEJA, BATU 16",RAWANG,48000,0360918710,0360918714
60,SELANGOR,PPD GOMBAK,Kebangsaan,BBA8207,SK MERBAU SEMPAK,MERBAU SEMPAK,SHAH ALAM,40160,0360383050,0360383896
61,SELANGOR,PPD GOMBAK,Kebangsaan,BBA8226,SK BANDAR BARU SUNGAI BULOH,BANDAR BARU SUNGAI BULOH,SUNGAI BULOH,47000,0361568482,0361403855
62,SELANGOR,PPD GOMBAK,Kebangsaan,BBB7301,SK (1) GOMBAK,"KM 8,  JALAN GOMBAK",KUALA LUMPUR,53100,0361896143,0361896143
63,SELANGOR,PPD GOMBAK,Kebangsaan,BBB7302,SK (2) GOMBAK,"KM 8, JALAN GOMBAK",KUALA LUMPUR,53100,0361890175,0361890175
64,SELANGOR,PPD GOMBAK,Kebangsaan,BBB7303,SK (1) KUALA AMPANG,JALAN AWAN,AMPANG,68000,0342523294,0342523294
65,SELANGOR,PPD GOMBAK,Kebangsaan,BBB7304,SK (2) KUALA AMPANG,"LOT 3303, JALAN NIPAH OFF JALAN AMPANG",AMPANG,55000,0193937317,""
66,SELANGOR,PPD GOMBAK,Kebangsaan,BBB7305,SK (1) SELAYANG BARU,"JALAN 45, SELAYANG BARU",BATU CAVES,68100,0361385618,0361207014
67,SELANGOR,PPD GOMBAK,Kebangsaan,BBB7306,SK SINARAN BUDI,JALAN KUALA GARING,RAWANG,48000,0360916480,0360916480
68,SELANGOR,PPD GOMBAK,Kebangsaan,BBB7307,SK BATU ARANG,BATU ARANG,BATU ARANG,48100,0360352126,0360352126
69,SELANGOR,PPD HULU LANGAT,Jenis Kebangsaan (C),BBC4034,SJK(C) BALAKONG,KAMPUNG BARU BALAKONG,SERI KEMBANGAN,43300,0389612319,0389610691
70,SELANGOR,PPD HULU LANGAT,Jenis Kebangsaan (C),BBC4035,SJK(C) BATU 9 CHERAS,"JALAN CHERAS,",CHERAS,43200,0390758118,0390749533
71,SELANGOR,PPD HULU LANGAT,Jenis Kebangsaan (C),BBC4036,SJK(C) BATU 11,"JALAN SEKOLAH, KG. BARU BATU SEBELAS CHERAS,",CHERAS,43200,0390763446,0390753660
72,SELANGOR,PPD HULU LANGAT,Jenis Kebangsaan (C),BBC4037,SJK(C) CHOON HWA,"BATU 18, JALAN DUSUN TUA",HULU LANGAT,43100,0390211288,0390211288
73,SELANGOR,PPD HULU LANGAT,Jenis Kebangsaan (C),BBC4039,SJK(C) KG BARU SEMENYIH,KAMPUNG BARU SEMENYIH,SEMENYIH,43500,0387238708,0387238708
74,SELANGOR,PPD HULU LANGAT,Jenis Kebangsaan (C),BBC4040,SJK(C) SIN MING,JALAN BESAR,SEMENYIH,43500,0387238310,0387238310
75,SELANGOR,PPD HULU LANGAT,Jenis Kebangsaan (C),BBC4041,SJK(C) SUNGAI CHUA,"JALAN SEKOLAH, KG BARU SG CHUA",KAJANG,43000,0387361349,0387361349
76,SELANGOR,PPD HULU LANGAT,Jenis Kebangsaan (C),BBC4042,SJK(C) TON FAH,JALAN BESAR,BERANANG,43700,0387669331,0387669331
77,SELANGOR,PPD HULU LANGAT,Jenis Kebangsaan (C),BBC4043,SJK(C) BATU 14,BATU 14 HULU LANGAT,HULU LANGAT,43100,0390213744,0390213744
78,SELANGOR,PPD HULU LANGAT,Jenis Kebangsaan (C),BBC4044,SJK(C) YOKE MIN,BANGI,KAJANG,43000,0389202893,0389202893
79,SELANGOR,PPD HULU LANGAT,Jenis Kebangsaan (C),BBC4045,SJK(C) YU HUA,JALAN LOW TI KOK,KAJANG,43000,0387367516,0387379643
80,SELANGOR,PPD HULU LANGAT,Jenis Kebangsaan (C),BBC4046,SJK(C) KG BARU AMPANG,KG. BARU  AMPANG,AMPANG,68000,0342914245,0342927377
81,SELANGOR,PPD HULU LANGAT,Jenis Kebangsaan (C),BBC4047,SJK(C) ON PONG,"LOT 6, JALAN BESAR",AMPANG,68000,0342912225,0342802019
82,SELANGOR,PPD HULU LANGAT,Jenis Kebangsaan (C),BBC4048,SJK(C) CONNAUGHT (2),BANDAR DAMAI PERDANA,CHERAS,56000,0391012461,0391003125
83,SELANGOR,PPD HULU LANGAT,Jenis Kebangsaan (C),BBC4049,SJK(C) ON PONG 2,PANDAN MEWAH,AMPANG,68000,0342910270,0342910271
84,SELANGOR,PPD HULU LANGAT,Jenis Kebangsaan (T),BBD4051,SJK(T) BANGI,"LADANG BROOME, BANGI",KAJANG,43000,0389202706,0389202706
85,SELANGOR,PPD HULU LANGAT,Jenis Kebangsaan (T),BBD4053,SJK(T) LDG DOMINION,LADANG DOMINION,SEMENYIH,43500,0387239080,0387239080
86,SELANGOR,PPD HULU LANGAT,Jenis Kebangsaan (T),BBD4055,SJK(T) KAJANG,JALANKOLAM AIR,KAJANG,43000,0387331590,0387331590
87,SELANGOR,PPD HULU LANGAT,Jenis Kebangsaan (T),BBD4057,SJK(T) LDG RINCHING,"23RD MILE, JALAN SEREMBAN",SEMENYIH,43500,0387231143,0387231143
88,SELANGOR,PPD HULU LANGAT,Jenis Kebangsaan (T),BBD4060,SJK(T) LADANG SEMENYIH,JALAN BROGA,SEMENYIH,43500,0387238911,0387238911
89,SELANGOR,PPD HULU LANGAT,Jenis Kebangsaan (T),BBD4063,SJK(T) LDG WEST COUNTRY 'TIMUR',JALAN 5 SEKSYEN 5 BDR BARU BANGI,KAJANG,43000,0387364041,0387364041
90,SELANGOR,PPD HULU LANGAT,Jenis Kebangsaan (T),BBD4064,SJK(T) AMPANG,JALAN AMPANG,AMPANG,68000,0342953179,0342953179
91,SELANGOR,PPD HULU LANGAT,Kebangsaan,BBA4001,SK SUNGAI SERAI,"KM.16, JALAN HULU LANGAT",HULU LANGAT,43100,0390741377,0390741377
92,SELANGOR,PPD HULU LANGAT,Kebangsaan,BBA4002,SK JALAN ENAM,JALAN ENAM,BANDAR BARU BANGI,43650,0389256373,0389256373
93,SELANGOR,PPD HULU LANGAT,Kebangsaan,BBA4003,SK AMPANG CAMPURAN,"AMPANG CAMPURAN, JALAN IKAN JELAWAT.",AMPANG,68000,0342921034,0342954897
94,SELANGOR,PPD HULU LANGAT,Kebangsaan,BBA4004,SK SERI SEKAMAT,"BT 12 1/2, JALAN CHERAS,",KAJANG,43000,0387360579,0387342842
95,SELANGOR,PPD HULU LANGAT,Kebangsaan,BBA4005,SK BATU SEMBILAN,"BATU 9 , JALAN CHERAS",CHERAS,43200,0390758542,0390749914
96,SELANGOR,PPD HULU LANGAT,Kebangsaan,BBA4006,SK TUN ABD AZIZ MAJID,KM 22 JALAN AMPANG,HULU LANGAT,43100,0390212641,0390212641
97,SELANGOR,PPD HULU LANGAT,Kebangsaan,BBA4007,SK SG TEKALI,KM 27 JALAN  HULU LANGAT,HULU LANGAT,43100,0390214572,0390214572
98,SELANGOR,PPD HULU LANGAT,Kebangsaan,BBA4008,SK KUALA POMSON,BT 22 1/2,HULU LANGAT,43100,0390214678,0390214678
99,SELANGOR,PPD HULU LANGAT,Kebangsaan,BBA4009,SK DUSUN TUA,"BATU 16 3/4,",HULU LANGAT,43100,0390211367,0390211367
100,SELANGOR,PPD HULU LANGAT,Kebangsaan,BBA4010,SK LUBOK KELUBI,BATU 19 JALAN HULU LANGAT,HULU LANGAT,43100,0390212404,0390212404
101,SELANGOR,PPD HULU LANGAT,Kebangsaan,BBA4011,SK SUNGAI LUI,"KM 33, KAMPUNG SUNGAI LUI",HULU LANGAT,43100,0390214327,0390214327
102,SELANGOR,PPD HULU LANGAT,Kebangsaan,BBA4012,SK LEFTENAN ADNAN,SUNGAI RAMAL LUAR,KAJANG,43000,0387333595,0387395207
103,SELANGOR,PPD HULU LANGAT,Kebangsaan,BBA4013,SK SUNGAI RAMAL DALAM,SK SUNGAI RAMAL DALAM,KAJANG,43000,0389262932,0389262932
104,SELANGOR,PPD HULU LANGAT,Kebangsaan,BBA4014,SK TAMAN NIRWANA,"JALAN NIRWANA 13, TAMAN NIRWANA",AMPANG,68000,0392849270,0392812059
105,SELANGOR,PPD HULU LANGAT,Kebangsaan,BBA4015,SK KAJANG,JALAN LOW TI KOK 43000 KAJANG,KAJANG,43000,0387330179,0387330179
106,SELANGOR,PPD HULU LANGAT,Kebangsaan,BBA4016,SK BERANANG,JALAN SEMENYIH,BERANANG,43700,0387667226,0387667226
107,SELANGOR,PPD HULU LANGAT,Kebangsaan,BBA4017,SK KG KUALA PAJAM,KAMPUNG BATU 2  KUALA PAJAM,BERANANG,43700,0387660668,0387660080
108,SELANGOR,PPD HULU LANGAT,Kebangsaan,BBA4018,SK BANGI,JALAN AMAN 10,KAJANG,43000,0389201515,0389202676
109,SELANGOR,PPD HULU LANGAT,Kebangsaan,BBA4019,SEKOLAH KEBANGSAAN KG CHERAS BAHARU,"JALAN 34B,KG.CHERAS BARU,",CHERAS,56100,0342941801,0342941801
110,SELANGOR,PPD HULU LANGAT,Kebangsaan,BBA4020,SK LEMBAH JAYA,"LEMBAH JAYA SELATAN,",AMPANG,68000,0342916046,0342916056
111,SELANGOR,PPD HULU LANGAT,Kebangsaan,BBA4021,SK ULU SEMENYIH,"KM 40, JALAN SG. LALANG,",SEMENYIH,43500,0387233233,0387233233
112,SELANGOR,PPD HULU LANGAT,Kebangsaan,BBA4022,SK KG RINCING,KAMPUNG RINCHING,BERANANG,43700,0387234597,0387234637
113,SELANGOR,PPD HULU LANGAT,Kebangsaan,BBA4023,SK RINCHING HILIR,"KG. RINCHING HILIR, BANGI",KAJANG,43000,0389202975,0389202975
114,SELANGOR,PPD HULU LANGAT,Kebangsaan,BBA4024,SK AMPANG,"JALAN MERBAU, KG MELAYU AMPANG",AMPANG,68000,0342564342,0342564342
115,SELANGOR,PPD HULU LANGAT,Kebangsaan,BBA4025,SK BANDAR BARU BANGI,"JALAN 2/1, SEKSYEN 2,",BANDAR BARU BANGI,43650,0389250033,0389250033
116,SELANGOR,PPD HULU LANGAT,Kebangsaan,BBA4026,SK TAMAN TASIK,TAMAN TASIK TAMBAHAN,AMPANG,68000,0342919397,0342919397
117,SELANGOR,PPD HULU LANGAT,Kebangsaan,BBA4027,SK SUNGAI KANTAN,"JALAN PADANG TEMBAK, SUNGAI KANTAN",Kajang,43000,0387368646,0387368646
118,SELANGOR,PPD HULU LANGAT,Kebangsaan,BBA4028,SK TAMAN MUDA,TAMAN MUDA AMPANG,KUALA LUMPUR,56100,0342921354,0342921354
119,SELANGOR,PPD HULU LANGAT,Kebangsaan,BBA4029,SK TAMAN CUEPACS,"BATU 9,CHERAS",CHERAS,43200,0390742131,0390742131
120,SELANGOR,PPD HULU LANGAT,Kebangsaan,BBA4030,SK TAMAN KOSAS,"JALAN KOSAS 3/9, TAMAN KOSAS",AMPANG,68000,0342934089,0342934089
121,SELANGOR,PPD HULU LANGAT,Kebangsaan,BBA4031,SK TAMING JAYA,TAMAN TAMING JAYA,SERI KEMBANGAN,43300,0389614553,0389614013
122,SELANGOR,PPD HULU LANGAT,Kebangsaan,BBA4032,SK JALAN 3,"JALAN 3/4, SEKSYEN 3",BANDAR BARU BANGI,43650,0389254875,0389257624
123,SELANGOR,PPD HULU LANGAT,Kebangsaan,BBA4033,SK PANDAN INDAH,"JALAN PANDAN ILMU, PANDAN INDAH",KUALA LUMPUR,55100,0342953735,0342953835
124,SELANGOR,PPD HULU LANGAT,Kebangsaan,BBA4034,SK BANDAR TUN HUSSEIN ONN,"JALAN SUASANA,BANDAR TUN HUSSEIN ONN",CHERAS,43200,0390763548,0390804800
125,SELANGOR,PPD HULU LANGAT,Kebangsaan,BBA4035,SK PANDAN JAYA,TAMAN PANDAN JAYA,KUALA LUMPUR,55100,0392838210,0392838019
126,SELANGOR,PPD HULU LANGAT,Kebangsaan,BBA4036,SK SAUJANA IMPIAN,"KM 22, JALAN CHERAS",KAJANG,43000,0387343931,0387343931
127,SELANGOR,PPD HULU LANGAT,Kebangsaan,BBA4037,SK KAJANG UTAMA,"JALAN BESAR,TAMAN KAJANG UTAMA",Kajang,43000,0387349678,0387349678
128,SELANGOR,PPD HULU LANGAT,Kebangsaan,BBA4038,SK TAMAN RAKAN,JALAN BANDAR SUNGAI LONG,KAJANG,43000,0387377186,0387377186
129,SELANGOR,PPD HULU LANGAT,Kebangsaan,BBA4039,SK SRI JELOK,JLN 6 TMN SRI JELOK,KAJANG,43000,0387376172,0387376172
130,SELANGOR,PPD HULU LANGAT,Kebangsaan,BBA4040,SK CHERAS INDAH,"JALAN MELATI 4, TAMAN MAJU JAYA, AMPANG,",KUALA LUMPUR,56100,0392836300,0392836300
131,SELANGOR,PPD HULU LANGAT,Kebangsaan,BBA4041,SK BUKIT RAYA,"BT 10, JALAN HULU LANGAT",CHERAS,43200,0390757527,0390757527
132,SELANGOR,PPD HULU LANGAT,Kebangsaan,BBA4042,SK TASEK PERMAI,JALAN PERMAI 24A KG TASEK PERMAI,AMPANG,68000,0342949585,0342949585
133,SELANGOR,PPD HULU LANGAT,Kebangsaan,BBA4043,SK DESA BAIDURI,"PERSIARAN BAIDURI, TAMAN DESA BAIDURI",CHERAS,56000,0391003792,0391003791
134,SELANGOR,PPD HULU LANGAT,Kebangsaan,BBA4044,SK TAMAN JASMIN,"JALAN JASMIN 2, TAMAN JASMIN",KAJANG,43000,0387399142,0387399142
135,SELANGOR,PPD HULU LANGAT,Kebangsaan,BBA4045,SK JALAN EMPAT,"JALAN 4/8, BANDAR BARU BANGI",BANDAR BARU BANGI,43650,0389256971,0389256975
136,SELANGOR,PPD HULU LANGAT,Kebangsaan,BBA4046,SK KANTAN PERMAI,"PERSIARAN TKP, TAMAN KANTAN PERMAI",KAJANG,43000,0387391872,0387391871
137,SELANGOR,PPD HULU LANGAT,Kebangsaan,BBA4047,SK SEKSYEN 7,"JALAN 7/3, SEKSYEN 7",BANDAR BARU BANGI,43650,0389222707,0389222717
138,SELANGOR,PPD HULU LANGAT,Kebangsaan,BBA4048,SK PANDAN PERDANA,JALAN PERDANA 3/1 PANDAN PERDANA,KUALA LUMPUR,55300,0392821446,0392821439
139,SELANGOR,PPD HULU LANGAT,Kebangsaan,BBA4049,SK SAUJANA IMPIAN (2),"PERSIARAN IMPIAN PERDANA, SAUJANA IMPIAN",KAJANG,43000,0387339008,0387349017
140,SELANGOR,PPD HULU LANGAT,Kebangsaan,BBA4050,SK CHERAS JAYA,"JALAN CJ 15, TAMAN CHERAS JAYA, BALAKONG,",CHERAS,43200,0390754929,0390743237
141,SELANGOR,PPD HULU LANGAT,Kebangsaan,BBA4051,SK BANDAR TASIK KESUMA,"JALAN KESUMA 7/1,BANDAR TASIK KESUMA",BERANANG,43700,0387668281,0387660763
142,SELANGOR,PPD HULU LANGAT,Kebangsaan,BBA4052,SK BANDAR RINCHING,"JALAN 1/1, BANDAR RINCHING",SEMENYIH,43500,0387247725,0387246712
143,SELANGOR,PPD HULU LANGAT,Kebangsaan,BBA4053,SK BANDAR TEKNOLOGI,"JALAN 3/12, SEKSYEN 3, BANDAR TEKNOLOGI KAJANG",SEMENYIH,43500,0387248380,0387248907
144,SELANGOR,PPD HULU LANGAT,Kebangsaan,BBA4054,SK DUSUN NANDING,"KM 17, JALAN HULU LANGAT",HULU LANGAT,43100,0390765243,0390755143
145,SELANGOR,PPD HULU LANGAT,Kebangsaan,BBA4055,SK BANDAR TUN HUSSEIN ONN 2,"JALAN SUADAMAI, BANDAR TUN HUSSEIN ONN",CHERAS,43200,0390757952,0390756952
146,SELANGOR,PPD HULU LANGAT,Kebangsaan,BBA4056,SK TAMAN BUKIT TERATAI,"JALAN TERATAI 1/2H , TAMAN BUKIT TERATAI",AMPANG,56100,0342974067,0342973894
147,SELANGOR,PPD HULU LANGAT,Kebangsaan,BBA4057,SK TAMAN PUTERI,"BATU 9, JALAN HULU LANGAT",CHERAS,43200,0390763914,0390763914
148,SELANGOR,PPD HULU LANGAT,Kebangsaan,BBA4058,SK BANDAR SERI PUTRA,SK BANDAR SERI PUTRA,KAJANG,43000,0389259717,0389259854
149,SELANGOR,PPD HULU LANGAT,Kebangsaan,BBA4060,"SEKOLAH KEBANGSAAN BANDAR BUKIT MAHKOTA","JALAN BM 5/12, SEKSYEN 5, BANDAR BUKIT MAHKOTA, BANGI",KAJANG,43000,0193758674,""
150,SELANGOR,PPD HULU LANGAT,Kebangsaan,BBB4028,SK CONVENT (M),JALAN GEREJA,KAJANG,43000,0387366493,0387366493
151,SELANGOR,PPD HULU LANGAT,Kebangsaan,BBB4029,SK JALAN BUKIT SATU,JALAN BUKIT,KAJANG,43000,0387331029,0387331029
152,SELANGOR,PPD HULU LANGAT,Kebangsaan,BBB4030,SK (2) JALAN BUKIT,JALAN BUKIT,KAJANG,43000,0387331516,0387331516
153,SELANGOR,PPD HULU LANGAT,Kebangsaan,BBB4031,SK JALAN SEMENYIH '1'(INTEG),JALAN SEMENYIH,KAJANG,43000,0387367519,0387367519
154,SELANGOR,PPD HULU LANGAT,Kebangsaan,BBB4032,SK JALAN SEMENYIH '2'(INTEG),JALAN KOLAM AIR OFF JALAN SEMENYIH,KAJANG,43000,0387367523,0387367523
155,SELANGOR,PPD HULU LANGAT,Kebangsaan,BBB4033,SK SEMENYIH,P. POS SEMENYIH,SEMENYIH,43500,0387238088,0387236799
156,SELANGOR,PPD HULU SELANGOR,Jenis Kebangsaan (C),BBC5023,SJK(C) BATANG KALI,KAMPUNG BUKIT CHANDANG,BATANG KALI,44300,0360574028,0360574028
157,SELANGOR,PPD HULU SELANGOR,Jenis Kebangsaan (C),BBC5024,SJK(C) BKT TANGGA,JALAN KASTURI SEKSYEN BB8,BUKIT BERUNTUNG,48300,0360213831,0360213835
158,SELANGOR,PPD HULU SELANGOR,Jenis Kebangsaan (C),BBC5027,SJK(C) CHOONG CHEE,"JALAN BESAR, HULU YAM LAMA",BATANG KALI,44300,0360752973,0360752973
159,SELANGOR,PPD HULU SELANGOR,Jenis Kebangsaan (C),BBC5028,SJK(C) BUKIT FRASER,JALAN PADANG,BUKIT FRASER,49000,093622390,093622390
160,SELANGOR,PPD HULU SELANGOR,Jenis Kebangsaan (C),BBC5029,SJK(C) KALUMPANG,KAMPUNG BARU KALUMPANG,KERLING,44100,0360491664,0360491664
161,SELANGOR,PPD HULU SELANGOR,Jenis Kebangsaan (C),BBC5030,SJK(C) KAMPUNG GURNEY,ULU YAM BARU,BATANG KALI,44300,0360752072,0360751513
162,SELANGOR,PPD HULU SELANGOR,Jenis Kebangsaan (C),BBC5031,SJK(C) KERLING,KAMPUNG AIR PANAS,KERLING,44100,0360481217,0360481217
163,SELANGOR,PPD HULU SELANGOR,Jenis Kebangsaan (C),BBC5032,SJK(C) KHING MING,JALAN SEKOLAH,KUALA KUBU BHARU,44000,0360641167,0360641167
164,SELANGOR,PPD HULU SELANGOR,Jenis Kebangsaan (C),BBC5035,SJK(C) RASA,"JALAN KUALA KALI,",RASA,44200,0360573344,0360573344
165,SELANGOR,PPD HULU SELANGOR,Jenis Kebangsaan (C),BBC5037,SJK(C) SERENDAH,JALAN BESAR SERENDAH,SERENDAH,48200,0360811433,0360811433
166,SELANGOR,PPD HULU SELANGOR,Jenis Kebangsaan (T),BBD5041,SJK(T) LADANG BATANG KALI,LADANG BATANG KALI,BATANG KALI,44300,0360570857,0360570857
167,SELANGOR,PPD HULU SELANGOR,Jenis Kebangsaan (T),BBD5043,SJK(T) LDG CHANGKAT ASA,LADANG CHANGKAT ASA,TANJUNG MALIM,35900,054590984,054590984
168,SELANGOR,PPD HULU SELANGOR,Jenis Kebangsaan (T),BBD5044,SJK(T) LDG ESCOT,"LADANG ESCOT,",TANJONG MALIM,35900,0126478391,TIADA
169,SELANGOR,PPD HULU SELANGOR,Jenis Kebangsaan (T),BBD5045,SJK(T) KUALA KUBU BHARU,JALAN DATO' BALAI,KUALA KUBU BHARU,44000,0360644255,0360644255
170,SELANGOR,PPD HULU SELANGOR,Jenis Kebangsaan (T),BBD5047,SJK(T) LADANG KERLING,LADANG KERLING,KERLING,44100,60360482499,0360482499
171,SELANGOR,PPD HULU SELANGOR,Jenis Kebangsaan (T),BBD5048,SJK(T) LADANG KALUMPANG,"LADANG KALUMPANG,",TANJONG MALIM,35900,054590601,054590601
172,SELANGOR,PPD HULU SELANGOR,Jenis Kebangsaan (T),BBD5051,SJK(T) LDG LIMA BELAS,"LADANG LIMA BELAS,",SLIM RIVER,35800,0123729350,TIADA
173,SELANGOR,PPD HULU SELANGOR,Jenis Kebangsaan (T),BBD5058,SJK(T) LDG SG CHOH,"TAMAN BUKIT TERATAI,",RAWANG,48000,0360282275,0360282275
174,SELANGOR,PPD HULU SELANGOR,Jenis Kebangsaan (T),BBD5059,SJK(T) BUKIT BERUNTUNG,"BANDAR BARU BUKIT BERUNTUNG,",RAWANG,48300,0360285213,0360285213
175,SELANGOR,PPD HULU SELANGOR,Kebangsaan,BBA5002,SK BATANG KALI,JALAN ULU YAM BHARU,BATANG KALI,44300,0360572157,0360572157
176,SELANGOR,PPD HULU SELANGOR,Kebangsaan,BBA5003,SK RASA,KAMPUNG SEKOLAH,RASA,44200,0360572052,0360572052
177,SELANGOR,PPD HULU SELANGOR,Kebangsaan,BBA5004,SK SG CHOH,KAMPUNG SUNGAI CHOH,RAWANG,48000,0360918661,0360918661
178,SELANGOR,PPD HULU SELANGOR,Kebangsaan,BBA5005,SK SG SELISEK,KAMPUNG SUNGAI SELISEK,KUALA KUBU BHARU,44020,054543358,054543358
179,SELANGOR,PPD HULU SELANGOR,Kebangsaan,BBA5006,SK ULU YAM BHARU,JALAN ULU YAM BATANG KALI,BATANG KALI,44300,0360752978,0360752979
180,SELANGOR,PPD HULU SELANGOR,Kebangsaan,BBA5007,SK ULU YAM LAMA,KG. ULU YAM LAMA,BATANG KALI,44300,0360752117,0360752117
181,SELANGOR,PPD HULU SELANGOR,Kebangsaan,BBA5008,SK HULU BERNAM,"KAMPUNG BARU 'B', HULU BERNAM, HULU SELANGOR",TG. MALIM,35900,054596787,054596787
182,SELANGOR,PPD HULU SELANGOR,Kebangsaan,BBA5009,SK KUALA KUBU BHARU,"JALAN SEKOLAH,",KUALA KUBU BHARU,44000,0360641482,0360641482
183,SELANGOR,PPD HULU SELANGOR,Kebangsaan,BBA5010,SK KERLING,KAMPUNG KERLING,KERLING,44100,0360482032,0360482032
184,SELANGOR,PPD HULU SELANGOR,Kebangsaan,BBA5011,SK KALUMPANG,KAMPUNG KALUMPANG,KERLING,44100,0360491866,0360491866
185,SELANGOR,PPD HULU SELANGOR,Kebangsaan,BBA5012,SK KG KUANTAN,KAMPUNG KUANTAN,BATANG KALI,44300,60360571848,60360571848
186,SELANGOR,PPD HULU SELANGOR,Kebangsaan,BBA5013,SK GEDANGSA,FELDA GEDANGSA,KUALA KUBU BHARU,44020,0360463616,0360463616
187,SELANGOR,PPD HULU SELANGOR,Kebangsaan,BBA5014,SK SUNGAI BUAYA,KG SUNGAI BUAYA,RAWANG,48010,0360282010,0360282010
188,SELANGOR,PPD HULU SELANGOR,Kebangsaan,BBA5015,SK KAMPUNG SOEHARTO,KG SOEHARTO,KUALA KUBU BHARU,44010,0360463424,0360463424
189,SELANGOR,PPD HULU SELANGOR,Kebangsaan,BBA5016,SK TUN ABDUL RAZAK,JALAN PADANG GOLF,"KUALA KUBU BHARU,",44000,0360641776,0360641776
190,SELANGOR,PPD HULU SELANGOR,Kebangsaan,BBA5018,SK GESIR TENGAH,KG GESIR TENGAH,KUALA KUBU BHARU,44020,054543326,054543326
191,SELANGOR,PPD HULU SELANGOR,Kebangsaan,BBA5020,SK SG TENGI,DESA MAJU SG TENGI,KUALA KUBU BHARU,44010,0360421060,0360421060
192,SELANGOR,PPD HULU SELANGOR,Kebangsaan,BBA5021,SK SRI KELEDANG,"SKC BERNAM,HULU SELANGOR",SLIM RIVER,35800,0162650448,TIADA
193,SELANGOR,PPD HULU SELANGOR,Kebangsaan,BBA5022,SK SERENDAH,"KAMPUNG SRI SERENDAH,",SERENDAH,48200,0360812889,0360811069
194,SELANGOR,PPD HULU SELANGOR,Kebangsaan,BBA5023,SK BUKIT BERUNTUNG,JALAN MELATI BUKIT BERUNTUNG,RAWANG,48300,0360284424,0360284425
195,SELANGOR,PPD HULU SELANGOR,Kebangsaan,BBA5024,SK AMPANG PECAH,"LOT 1817, JALAN HAMZAH",KUALA KUBU BHARU,44000,0360645439,0360645439
196,SELANGOR,PPD HULU SELANGOR,Kebangsaan,BBA5025,SK BANDAR BARU BATANG KALI,"SEKSYEN 3, BANDAR UTAMA",BATANG KALI,44300,0360573855,0360573513
197,SELANGOR,PPD HULU SELANGOR,Kebangsaan,BBA5026,SK BANDAR SUNGAI BUAYA,BANDAR SUNGAI BUAYA,RAWANG,48010,0360284358,0360284093
198,SELANGOR,PPD HULU SELANGOR,Kebangsaan,BBA5027,SK SERI FAJAR,FELDA SUNGAI TENGI SELATAN,KUALA KUBU BHARU,44010,0360422318,0360422318
199,SELANGOR,PPD HULU SELANGOR,Kebangsaan,BBA5028,SK TAMAN BUNGA RAYA (1),"JLN BUNGA RAYA, TMN.BUNGA RAYA, BKT. BERUNTUNG",RAWANG,48300,0360215067,0360215067
200,SELANGOR,PPD HULU SELANGOR,Kebangsaan,BBA5029,SK LEMBAH BERINGIN,LEMBAH BERINGIN,KUALA KUBU BHARU,44100,0360471526,TIADA
201,SELANGOR,PPD HULU SELANGOR,Kebangsaan,BBA5030,SK BUKIT SENTOSA,"JALAN BUKIT SENTOSA 7,BUKIT SENTOSA,",RAWANG,48300,0360217829,0360217929
202,SELANGOR,PPD HULU SELANGOR,Kebangsaan,BBA5031,SK ANTARA GAPI,"JALAN GAPI 1A, ANTARA GAPI",SERENDAH,48200,0360812655,0360812835
203,SELANGOR,PPD HULU SELANGOR,Kebangsaan,BBA5032,SK BUKIT BERUNTUNG 2,"LINGKARAN SEROJA ,SEKSYEN BB7",RAWANG,48300,0360211675,0360211679
204,SELANGOR,PPD HULU SELANGOR,Kebangsaan,BBA5033,SK TAMAN BUNGA RAYA 2,PERSIARAN BUNGA RAYA,RAWANG,48300,0360212029,0360212124
205,SELANGOR,PPD HULU SELANGOR,Kebangsaan,BBB5021,SK KUALA KUBU BARU SATU,"JALAN RASATHURAI,",KUALA KUBU BHARU,44000,0360641261,0360641261
206,SELANGOR,PPD HULU SELANGOR,Kebangsaan,BBB5023,SK KUALA KUBU BHARU DUA,"JALAN RASATHURAI,",KUALA KUBU BHARU,44000,0360641559,0360641559
207,SELANGOR,PPD KLANG,Jenis Kebangsaan (C),BBC0040,SJK(C) PEREMPUAN,"95A, JALAN KOTA RAJA",KLANG,41000,0333713760,0333713869
208,SELANGOR,PPD KLANG,Jenis Kebangsaan (C),BBC0041,SJK(C) CHUEN MIN,"LOT 389, JALAN JAMBU BOL / KS 1, TELOK PULAI",KLANG,41100,0333726675,0333701479
209,SELANGOR,PPD KLANG,Jenis Kebangsaan (C),BBC0042,SJK(C) CHUNG HUA,"NO1A, PERSIARAN ANGGERIK ERIA, SEC 31, KOTA KEMUNING",SHAH ALAM,40460,0351213640,0351210842
210,SELANGOR,PPD KLANG,Jenis Kebangsaan (C),BBC0043,SJK(C) HIN HUA,"JALAN BATU NILAM, BANDAR BUKIT TINGGI",KLANG,41200,0333233401,0333245935
211,SELANGOR,PPD KLANG,Jenis Kebangsaan (C),BBC0044,SJK(C) HWA LIEN,"JALAN SEKOLAH, PULAU KETAM",PELABUHAN KLANG,42940,0331104062,0331104164
212,SELANGOR,PPD KLANG,Jenis Kebangsaan (C),BBC0045,SJK(C) KENG CHEE,"BAGAN TEOCHEW, PULAU KETAM",PELABUHAN KLANG,42940,0331104208,0331104208
213,SELANGOR,PPD KLANG,Jenis Kebangsaan (C),BBC0046,SJK(C) KHE BENG,"BATU 8, JALAN  BUKIT KEMUNING",KLANG,42450,0351211318,0351211318
214,SELANGOR,PPD KLANG,Jenis Kebangsaan (C),BBC0047,SJK(C) KONG HOE,"54, JALAN BATU TIGA",KLANG,41300,0333425729,0333410441
215,SELANGOR,PPD KLANG,Jenis Kebangsaan (C),BBC0048,SJK(C) LEE MIN,KAMPUNG TELOK GONG,PELABUHAN KLANG,42000,0331341180,0331341180
216,SELANGOR,PPD KLANG,Jenis Kebangsaan (C),BBC0049,SJK(C) PANDAMARAN 'A',JALAN BESAR,PELABUHAN KLANG,42000,0331686632,0331663185
217,SELANGOR,PPD KLANG,Jenis Kebangsaan (C),BBC0050,SJK(C) PANDAMARAN 'B',JALAN YOUNG PANDAMARAN,PELABUHAN KLANG,42000,0331686784,0331686784
218,SELANGOR,PPD KLANG,Jenis Kebangsaan (C),BBC0051,SJK(C) PIN HWA (1),"2, PERSIARAN SETIA MURNI,SETIA ALAM, SEKSYEN U13",SHAH ALAM,40170,0333445831,0333444210
219,SELANGOR,PPD KLANG,Jenis Kebangsaan (C),BBC0052,SJK(C) PUI YING,"BATU 4, JALAN KAPAR",KLANG,42100,0332911658,0332911658
220,SELANGOR,PPD KLANG,Jenis Kebangsaan (C),BBC0053,SJK(C) SIN BIN,"SUNGAI LIMA, PULAU KETAM",PELABUHAN KLANG,42940,0333631334,TIADA
221,SELANGOR,PPD KLANG,Jenis Kebangsaan (C),BBC0054,SJK(C) SOO JIN,PEKAN KAPAR,KAPAR,42200,0332508072,0332509184
222,SELANGOR,PPD KLANG,Jenis Kebangsaan (C),BBC0055,SJK(C) TIONG HUA KOK BIN,"PEKAN MERU, BATU 6, OFF JALAN MERU",KLANG,41050,0333922394,0333922394
223,SELANGOR,PPD KLANG,Jenis Kebangsaan (C),BBC0056,SJK(C) TSHING NIAN,"25, JALAN TENGKU BADAR",PELABUHAN KLANG,42000,0331686293,0331686293
224,SELANGOR,PPD KLANG,Jenis Kebangsaan (C),BBC0057,SJK(C) WU TECK,"PERSIARAN DELIMA 3, BANDAR PARKLANDS",KLANG,41200,0163086385,TIADA
225,SELANGOR,PPD KLANG,Jenis Kebangsaan (C),BBC0058,SJK(C) YING WAH,"BATU 12, JALAN KAPAR",KAPAR,42200,0332508195,0332592986
226,SELANGOR,PPD KLANG,Jenis Kebangsaan (C),BBC0059,SJK(C) PIN HWA (2),P.T. 51544 AMAN PERDANA,KLANG,41050,0332901292,0332901431
227,SELANGOR,PPD KLANG,Jenis Kebangsaan (C),BBC0060,SJK(C) TAMAN RASHNA,JALAN BATU TIGA LAMA,KLANG,41300,0333447912,0333421302
228,SELANGOR,PPD KLANG,Jenis Kebangsaan (T),BBD0060,SJK(T) LADANG BATU AMPAT,JALAN KOTA RAJA,KLANG,41000,0351619703,0351619703
229,SELANGOR,PPD KLANG,Jenis Kebangsaan (T),BBD0061,SJK(T) LADANG BRAFFERTON,LADANG BRAFFERTON,KAPAR,42200,0123625406,TIADA
230,SELANGOR,PPD KLANG,Jenis Kebangsaan (T),BBD0062,SJK(T) LADANG BUKIT RAJAH,"LOT 27(OFF JALAN HAJI SIRAT BATU BELAH),JALAN SUMAZAU",KLANG,41050,0333446007,0333446007
231,SELANGOR,PPD KLANG,Jenis Kebangsaan (T),BBD0072,SJK(T) LADANG EMERALD,"BATU 8, JALAN KAMPUNG JAWA",KLANG,42450,0351212520,0351212825
232,SELANGOR,PPD KLANG,Jenis Kebangsaan (T),BBD0074,SJK(T) LADANG HIGHLANDS,"PERSIARAN BATU NILAM 2, BANDAR BUKIT TINGGI 2",KLANG,41200,0333235274,0333243579
233,SELANGOR,PPD KLANG,Jenis Kebangsaan (T),BBD0075,SJK(T) LADANG JALAN ACOB,LADANG JALAN ACOB,KAPAR,42200,0332593485,0332593485
234,SELANGOR,PPD KLANG,Jenis Kebangsaan (T),BBD0076,SJK(T) JALAN TEPI SUNGAI,"JALAN TEPI SUNGAI OFF JALAN LEMBAGA BANDARAN",KLANG,41000,0333724173,0333724173
235,SELANGOR,PPD KLANG,Jenis Kebangsaan (T),BBD0077,SJK(T) PERSIARAN RAJA MUDA MUSA,JALAN PERSIARAN RAJA MUDA MUSA,PELABUHAN KLANG,42000,0331686678,0331656500
236,SELANGOR,PPD KLANG,Jenis Kebangsaan (T),BBD0078,SJK(T) JALAN MERU,JALAN MERU,KLANG,41050,0333415593,0333415593
237,SELANGOR,PPD KLANG,Jenis Kebangsaan (T),BBD0079,SJK(T) METHODIST,JALAN BUKIT KAPAR,KAPAR,42200,0332500424,0332500424
238,SELANGOR,PPD KLANG,Jenis Kebangsaan (T),BBD0084,SJK(T) SIMPANG LIMA,"JALAN LANGAT, TAMAN  SRI  ANDALAS",KLANG,41200,0333242900,0333242600
239,SELANGOR,PPD KLANG,Jenis Kebangsaan (T),BBD0092,SJK(T) LDG VALLAMBROSA,"BATU 7, JALAN KAPAR, KAPAR",KLANG,42200,0332902107,0332902107
240,SELANGOR,PPD KLANG,Jenis Kebangsaan (T),BBD8464,SJK(T) LADANG NORTH HUMMOCK,"LADANG NORTH HUMMOCK, BATU 5, JALAN MERU",KLANG,41050,0333443602,0333443602
241,SELANGOR,PPD KLANG,Kebangsaan,BBA0001,SK KLANG,JALAN DATO'  HAMZAH,KLANG,41000,0333712957,0333712957
242,SELANGOR,PPD KLANG,Kebangsaan,BBA0002,SK TELOK GADONG,JALAN YADI,KLANG,41250,0333713193,0333701362
243,SELANGOR,PPD KLANG,Kebangsaan,BBA0003,SK PELABUHAN KELANG,JALAN SEKOLAH,PELABUHAN KLANG,42000,0331686848,0331686848
244,SELANGOR,PPD KLANG,Kebangsaan,BBA0004,SK TELOK MENEGON,"BATU 3, JALAN KOTA RAJA",KLANG,41000,0333713852,0333701020
245,SELANGOR,PPD KLANG,Kebangsaan,BBA0005,SK BUKIT NAGA,"BATU 6, KG. BUKIT NAGA",SHAH ALAM,40460,0351616852,0351613859
246,SELANGOR,PPD KLANG,Kebangsaan,BBA0006,SK JALAN KEBUN,"BATU 7 1/2, JALAN KEBUN",KLANG,42450,0351611993,0351615004
247,SELANGOR,PPD KLANG,Kebangsaan,BBA0007,SK BATU BELAH,JALAN RANTAU PANJANG,KLANG,42100,0333415475,0333415475
248,SELANGOR,PPD KLANG,Kebangsaan,BBA0008,SK RANTAU PANJANG,"JALAN GENTING, RANTAU PANJANG",KLANG,42100,0332911582,0332911512
249,SELANGOR,PPD KLANG,Kebangsaan,BBA0009,SK SEMENTA,"BATU 6, JALAN KAPAR",KLANG,42100,0332911308,0332911308
250,SELANGOR,PPD KLANG,Kebangsaan,BBA0010,SK KAPAR,PEJABAT POS KAPAR,KAPAR,42200,0332508335,0332508335
251,SELANGOR,PPD KLANG,Kebangsaan,BBA0011,SK BUKIT KAPAR,"JALAN SETIA JAYA, KG BUKIT KAPAR",KAPAR,42200,0333922087,0333922087
252,SELANGOR,PPD KLANG,Kebangsaan,BBA0012,SK SUNGAI BINJAI,"BATU 6, PEKAN MERU",KLANG,41050,0333921048,0333921048
253,SELANGOR,PPD KLANG,Kebangsaan,BBA0013,SK PULAU INDAH,"JALAN SIDANG SULAIMAN, PULAU INDAH",PELABUHAN KLANG,42920,0331012139,0331012144
254,SELANGOR,PPD KLANG,Kebangsaan,BBA0014,SK TOK MUDA,JLN KG TOK MUDA,KAPAR,42200,0332500395,0332500395
255,SELANGOR,PPD KLANG,Kebangsaan,BBA0015,SK BUKIT KUDA,JALAN LANDASAN,KLANG,41300,0333416115,0333416115
256,SELANGOR,PPD KLANG,Kebangsaan,BBA0016,SK KG RAJA UDA,"JALAN KENANGA, KG RAJA UDA",PELABUHAN KLANG,42000,0331685810,0331650458
257,SELANGOR,PPD KLANG,Kebangsaan,BBA0017,SK PANDAMARAN JAYA,"JALAN 12, PANDAMARAN JAYA",PELABUHAN KLANG,42000,0331673389,0331651993
258,SELANGOR,PPD KLANG,Kebangsaan,BBA0018,SK KG JOHAN SETIA,JALAN JOHAN SETIA OFF JALAN LANGAT,KLANG,41200,0351613893,0351610625
259,SELANGOR,PPD KLANG,Kebangsaan,BBA0019,SK SUNGAI SERDANG,"BT 13 1/2, JALAN KAPAR",KAPAR,42200,0332500545,0332500545
260,SELANGOR,PPD KLANG,Kebangsaan,BBA0021,SK KG PENDAMAR,KAMPUNG PENDAMAR,KLANG,41200,0331688517,0331688517
261,SELANGOR,PPD KLANG,Kebangsaan,BBA0022,SK TELOK GONG,"KG NELAYAN, TELOK GONG",PELABUHAN KLANG,42000,0331341231,0331341231
262,SELANGOR,PPD KLANG,Kebangsaan,BBA0023,SK TAMAN KLANG JAYA,"JALAN SERULING 56, OFF JALAN LANGAT",KLANG,41200,0333237837,0333230741
263,SELANGOR,PPD KLANG,Kebangsaan,BBA0025,SK TELOK PULAI,TAMAN BERTEK,KLANG,41100,0333720516,0333743043
264,SELANGOR,PPD KLANG,Kebangsaan,BBA0026,SK SUNGAI UDANG,JALAN YADI,KLANG,41250,0333715071,0333715071
265,SELANGOR,PPD KLANG,Kebangsaan,BBA0028,SK PELABUHAN  UTARA,BANDAR SULTAN SULEIMAN,PELABUHAN KLANG,42000,0331765366,0331766197
266,SELANGOR,PPD KLANG,Kebangsaan,BBA0029,SK ABDUL SAMAT,"BATU 11, JALAN KAPAR",KAPAR,42200,0332509263,0332509263
267,SELANGOR,PPD KLANG,Kebangsaan,BBA0030,SK MERU,PERSIARAN HAMZAH ALANG,KAPAR,42200,0333923910,0333923910
268,SELANGOR,PPD KLANG,Kebangsaan,BBA0031,SK KAMPUNG IDAMAN,JALAN IDAMAN 17,PELABUHAN KLANG,42000,0331681569,0331650350
269,SELANGOR,PPD KLANG,Kebangsaan,BBA0032,SK TAMAN KLANG UTAMA,JALAN HAJI SIRAT,KLANG,42100,0332918212,0332918212
270,SELANGOR,PPD KLANG,Kebangsaan,BBA0033,SK KAMPUNG JAWA,"JALAN KOTA RAJA, KAMPUNG JAWA",KLANG,41000,0333732731,0333732731
271,SELANGOR,PPD KLANG,Kebangsaan,BBA0034,SK TAMAN SRI ANDALAS,"JALAN TUN DR. ISMAIL, OFF JALAN LANGAT",KLANG,41200,0333721713,0333726148
272,SELANGOR,PPD KLANG,Kebangsaan,BBA0035,SK TAMAN GEMBIRA,"JALAN HILIR DUA, TELOK GADONG",KLANG,41100,0333729943,0333710324
273,SELANGOR,PPD KLANG,Kebangsaan,BBA0036,SK BUKIT TINGGI,BANDAR BUKIT TINGGI,KLANG,41200,0333240137,0333240137
274,SELANGOR,PPD KLANG,Kebangsaan,BBA0037,SK BUKIT KEMUNING 2,"LOT N0 4, JALAN ANGGERIK DORITIS 31/143",SHAH ALAM,40460,0351227124,0351219914
275,SELANGOR,PPD KLANG,Kebangsaan,BBA0038,SK MERU (2),"JALAN PAIP, PEKAN MERU",KLANG,41050,0333931598,0333927951
276,SELANGOR,PPD KLANG,Kebangsaan,BBA0039,SK SUNGAI KAPAR INDAH,"JLN SUNGAI KAPAR INDAH 6, TMN SUNGAI KAPAR INDAH",KAPAR,42200,0332902324,0332904355
277,SELANGOR,PPD KLANG,Kebangsaan,BBA0040,SK BUKIT KEMUNING,"JALAN ANGGERIK ARANDA 31/8, KOTA KEMUNING",SHAH ALAM,40460,0351216436,0351210657
278,SELANGOR,PPD KLANG,Kebangsaan,BBA0041,SK KAMPUNG JAWA 2,JALAN KOTA RAJA,KLANG,41000,0333725391,0333713435
279,SELANGOR,PPD KLANG,Kebangsaan,BBA0042,SK PULAU INDAH (2),"BANDAR ARMADA PUTRA, PULAU INDAH",PELABUHAN KLANG,42900,0331014070,0331014070
280,SELANGOR,PPD KLANG,Kebangsaan,BBA0043,SK BUKIT RIMAU,"11 PERSIARAN SUNGAI SELANGOR, SEKSYEN 32",SHAH ALAM,40460,0351224148,0351224148
281,SELANGOR,PPD KLANG,Kebangsaan,BBA0044,SK BATU UNJUR,JALAN BATU NILAM 1/KS 6,KLANG,41200,0333263063,0333263064
282,SELANGOR,PPD KLANG,Kebangsaan,BBA3030,SK BUKIT CERAKA,FELDA BUKIT CERAKA  KAPAR,KAPAR,42200,0333926043,0333926043
283,SELANGOR,PPD KLANG,Kebangsaan,BBB0024,SK METHODIST ACS,JALAN MELAWIS,KLANG,41000,0333711571,0333711571
284,SELANGOR,PPD KLANG,Kebangsaan,BBB0025,SK (1) JALAN BATU TIGA,"JALAN PEKAN BARU, TAMAN ENG ANN","KLANG,",41150,0333417768,0333417768
285,SELANGOR,PPD KLANG,Kebangsaan,BBB0026,SK (2) JALAN BATU TIGA,"JALAN PEKAN BARU, TAMAN ENG ANN",KLANG,41150,0333417757,0333417757
286,SELANGOR,PPD KLANG,Kebangsaan,BBB0027,SK CONVENT (1) (M),"112, JALAN TENGKU KELANA",KLANG,41000,0333718669,0333718669
287,SELANGOR,PPD KLANG,Kebangsaan,BBB0028,SK CONVENT (2) (M),"112, JALAN TENGKU KELANA",KLANG,41000,0333713439,0333713439
288,SELANGOR,PPD KLANG,Kebangsaan,BBB0029,SK LA SALLE,"143, PERSIARAN RAJA MUDA MUSA",KLANG,41200,0333719593,0333736164
289,SELANGOR,PPD KLANG,Kebangsaan,BBB0030,SK (1) JALAN MERU,JALAN MERU,KLANG,41050,0333415786,0333416345
290,SELANGOR,PPD KLANG,Kebangsaan,BBB0031,SK (2) JALAN MERU,JALAN MERU,KLANG,41050,0333415797,0333410120
291,SELANGOR,PPD KLANG,Kebangsaan,BBB0032,SK METHODIST (M),JALAN ORKID,PELABUHAN KLANG,42000,0331686535,0331657115
292,SELANGOR,PPD KLANG,Kebangsaan,BBB0033,SK PEREMPUAN METHODIST,JALAN RAYA BARAT,KLANG,41000,0333713960,0333713960
293,SELANGOR,PPD KLANG,Kebangsaan,BBB0034,SK TENGKU BENDAHARA AZMAN (1),"LORONG SABAH, PANDAMARAN",PELABUHAN KLANG,42000,0331686648,0331686648
294,SELANGOR,PPD KLANG,Kebangsaan,BBB0035,SK TENGKU BENDAHARA AZMAN (2),"LORONG SABAH, PANDAMARAN",PELABUHAN KLANG,42000,0331687155,0331687155
295,SELANGOR,PPD KLANG,Kebangsaan,BBB0036,SK PEREMPUAN BUKIT KUDA,JALAN LANDASAN,KLANG,41300,0333414887,0333411242
296,SELANGOR,PPD KLANG,Kebangsaan,BBB0037,SK (1) SIMPANG LIMA,PERSIARAN RAJA MUDA MUSA,KLANG,41200,0333715930,0333715930
297,SELANGOR,PPD KLANG,Kebangsaan,BBB0038,SK (2) SIMPANG LIMA,PERSIARAN RAJA MUDA MUSA,KLANG,41200,0333711752,03-33712964
298,SELANGOR,PPD KLANG,Kebangsaan,BBB0039,SK ST ANNE'S CONVENT,PERSIARAN RAJA MUDA MUSA,PELABUHAN KLANG,42000,0331688359,60331688359
299,SELANGOR,PPD KUALA LANGAT,Jenis Kebangsaan (C),BBC1035,SJK(C) CHOONG HUA,517 JALAN SULTAN ALAM SHAH,BANTING,42700,0331872752,0331872752
300,SELANGOR,PPD KUALA LANGAT,Jenis Kebangsaan (C),BBC1036,SJK(C) JENJAROM,JALAN SEKOLAH,JENJAROM,42600,0331913244,0331916153
301,SELANGOR,PPD KUALA LANGAT,Jenis Kebangsaan (C),BBC1037,SJK(C) KAH WAH,"KG. PULAU, TELOK BUNUT",BANTING,42700,0331871024,0331871024
302,SELANGOR,PPD KUALA LANGAT,Jenis Kebangsaan (C),BBC1038,SJK(C) PENG MING,"TELOK PANGLIMA GARANG, KUALA LANGAT","TELOK PANGLIMA GARANG",42500,0331227154,0331227154
303,SELANGOR,PPD KUALA LANGAT,Jenis Kebangsaan (C),BBC1040,SJK(C) SIMPANG MORIB,SIMPANG MORIB,BANTING,42700,0331982901,0331982901
304,SELANGOR,PPD KUALA LANGAT,Jenis Kebangsaan (C),BBC1041,SJK(C) TANJONG SEPAT,"JLN BESAR,TANJONG SEPAT",TANJONG SEPAT,42800,0331974224,0331972387
305,SELANGOR,PPD KUALA LANGAT,Jenis Kebangsaan (C),BBC1043,SJK(C) TIONG NAM,SUNGAI BUAYA,BANTING,42700,0331201507,0331201507
306,SELANGOR,PPD KUALA LANGAT,Jenis Kebangsaan (T),BBD1047,SJK(T) SG MANGGIS,SUNGAI MANGGIS,BANTING,42700,0331878055,0331878055
307,SELANGOR,PPD KUALA LANGAT,Jenis Kebangsaan (T),BBD1053,SJK(T) LDG GADONG,GADONG,TG. SEPAT,42800,0331481090,0331481090
308,SELANGOR,PPD KUALA LANGAT,Jenis Kebangsaan (T),BBD1054,SJK(T) LDG JUGRA,JALAN SULTAN ABDUL SAMAD,BANTING,42700,0331203193,0331203193
309,SELANGOR,PPD KUALA LANGAT,Jenis Kebangsaan (T),BBD1055,SJK(T) JENJAROM,JENJAROM,JENJAROM,42600,0331912401,0331917280
310,SELANGOR,PPD KUALA LANGAT,Jenis Kebangsaan (T),BBD1058,SJK(T) SIMPANG MORIB,SIMPANG MORIB,BANTING,42700,0331982245,0331982245
311,SELANGOR,PPD KUALA LANGAT,Jenis Kebangsaan (T),BBD1060,SJK(T) SUNGAI SEDU,SUNGAI SEDU,BANTING,42700,0331916855,0331916855
312,SELANGOR,PPD KUALA LANGAT,Jenis Kebangsaan (T),BBD1061,SJK(T) SUNGAI BUAYA,SUNGAI BUAYA,BANTING,42700,0331872326,0331872326
313,SELANGOR,PPD KUALA LANGAT,Jenis Kebangsaan (T),BBD1062,SJK(T) TELOK PANGLIMA GARANG,TELOK PANGLIMA GARANG,"TELOK PANGLIMA GARANG",42500,0331229732,0331229732
314,SELANGOR,PPD KUALA LANGAT,Jenis Kebangsaan (T),BBD1063,SJK(T) PUSAT TELOK DATOK,JALAN ORKID,BANTING,42700,0331872873,0331872873
315,SELANGOR,PPD KUALA LANGAT,Jenis Kebangsaan (T),BBD1065,SJK(T) LADANG TUMBUK,TANJUNG SEPAT,TANJUNG SEPAT,42800,0331973868,0331973868
316,SELANGOR,PPD KUALA LANGAT,Jenis Kebangsaan (T),BBD1066,SJK(T) PULAU CAREY SELATAN,"PULAU CAREY SELATAN, KUALA LANGAT,",PULAU CAREY,42960,0162177163,TIADA
317,SELANGOR,PPD KUALA LANGAT,Jenis Kebangsaan (T),BBD1067,SJK(T) PULAU CAREY BARAT,PULAU CAREY BARAT,PULAU CAREY,42960,0166447273,TIADA
318,SELANGOR,PPD KUALA LANGAT,Jenis Kebangsaan (T),BBD1068,SJK(T) PULAU CAREY TIMUR,PULAU  CAREY TIMUR,PULAU CAREY,42960,0124852373,TIADA
319,SELANGOR,PPD KUALA LANGAT,Kebangsaan,BBA1002,SK SUNGAI BUAYA,KAMPUNG SUNGAI BUAYA,BANTING,42700,0331202514,0331202514
320,SELANGOR,PPD KUALA LANGAT,Kebangsaan,BBA1003,SK BANDAR,"JALAN ISTANA, KAMPUNG BANDAR",BANTING,42700,0331202645,0331202645
321,SELANGOR,PPD KUALA LANGAT,Kebangsaan,BBA1004,SK SUNGAI MANGGIS,KAMPONG SUNGAI MANGGIS,BANTING,42700,0331875481,0331875481
322,SELANGOR,PPD KUALA LANGAT,Kebangsaan,BBA1005,SK OLAK LEMPIT,KAMPUNG OLAK LEMPIT,BANTING,42700,0331492589,0331492589
323,SELANGOR,PPD KUALA LANGAT,Kebangsaan,BBA1006,SK LABOHAN DAGANG,KG. LABOHAN DAGANG,BANTING,42700,0331493776,0331493776
324,SELANGOR,PPD KUALA LANGAT,Kebangsaan,BBA1007,SK BKT CHANGGANG,"KG. BUKIT CHANGGANG,BANTING, KUALA LANGAT",BANTING,42700,0331491141,0331491141
325,SELANGOR,PPD KUALA LANGAT,Kebangsaan,BBA1008,SK JENJAROM,JALAN SEKOLAH,JENJAROM,42600,0331914336,0331911948
326,SELANGOR,PPD KUALA LANGAT,Kebangsaan,BBA1009,SK TELOK PANGLIMA GARANG,PEKAN TELOK,"TELOK PANGLIMA GARANG",42500,0331228453,0331228453
327,SELANGOR,PPD KUALA LANGAT,Kebangsaan,BBA1010,SK KEBUN BAHARU,KAMPUNG KEBUN BAHARU,"TELOK PANGLIMA GARANG",42500,0331228415,0331220500
328,SELANGOR,PPD KUALA LANGAT,Kebangsaan,BBA1011,SK SIJANGKANG,KG SIJANGKANG,TLK PGLMA GARANG,42500,0331226158,0331227680
329,SELANGOR,PPD KUALA LANGAT,Kebangsaan,BBA1012,SK SG  BUMBUN (A),PULAU CAREY,KUALA LANGAT,42960,0331850423,TIADA
330,SELANGOR,PPD KUALA LANGAT,Kebangsaan,BBA1013,SK SUNGAI JUDAH,KAMPUNG SUNGAI JUDAH,PULAU CAREY,42960,0331032758,TIADA
331,SELANGOR,PPD KUALA LANGAT,Kebangsaan,BBA1014,SK BUKIT TADOM,SK BUKIT TADOM,BANTING,42700,0331491128,0331491128
332,SELANGOR,PPD KUALA LANGAT,Kebangsaan,BBA1015,SK SERI CHEDING,KG. SERI CHEDING,BANTING,42700,0331911413,0331911413
333,SELANGOR,PPD KUALA LANGAT,Kebangsaan,BBA1016,SK (ASLI) BKT CHEDING,SK BUKIT CHEDING,BANTING,42700,0331916158,0331916158
334,SELANGOR,PPD KUALA LANGAT,Kebangsaan,BBA1023,SK TG SEPAT,JALAN SEKOLAH KG TG SEPAT,TANJONG SEPAT,42800,0331975839,0331973297
335,SELANGOR,PPD KUALA LANGAT,Kebangsaan,BBA1024,SK BATU LAUT,TANJONG SEPAT,TANJONG SEPAT,42800,0331481066,0331481066
336,SELANGOR,PPD KUALA LANGAT,Kebangsaan,BBA1025,SK KAMPONG ENDAH,KAMPONG ENDAH,BANTING,42700,0331982930,0331982930
337,SELANGOR,PPD KUALA LANGAT,Kebangsaan,BBA1026,SK MORIB,JALAN MORIB,BANTING,42700,0331982394,0331982394
338,SELANGOR,PPD KUALA LANGAT,Kebangsaan,BBA1027,SK KANCHONG DARAT,"JALAN SULTAN ALAM SHAH, KANCHONG DARAT",BANTING,42700,0331871424,0331875054
339,SELANGOR,PPD KUALA LANGAT,Kebangsaan,BBA1028,SK SG LANG,SUNGAI LANG,BANTING,42700,0331877744,0331802322
340,SELANGOR,PPD KUALA LANGAT,Kebangsaan,BBA1029,SK SERI LANANG,KG. KELANANG,BANTING,42700,0331201340,0331201340
341,SELANGOR,PPD KUALA LANGAT,Kebangsaan,BBA1030,SK PERMATANG PASIR,PERMATANG PASIR,BANTING,42700,0331203199,0331203199
342,SELANGOR,PPD KUALA LANGAT,Kebangsaan,BBA1031,SK SG KELAMBU,KG SUNGAI KELAMBU,BANTING,42700,0331816012,0331816012
343,SELANGOR,PPD KUALA LANGAT,Kebangsaan,BBA1032,SK KAMPUNG MEDAN,"BATU 9 KAMPUNG MEDAN TELOK PANGLIMA GARANG",BANTING,42500,0331228721,0331229690
344,SELANGOR,PPD KUALA LANGAT,Kebangsaan,BBA1033,SK JALAN TANJUNG,BATU 9 KG SIJANGKANG,TLK. P. GARANG,42500,0331221702,0331227984
345,SELANGOR,PPD KUALA LANGAT,Kebangsaan,BBA1034,SK KANCHONG TENGAH,KG. KANCHONG TENGAH,BANTING,42700,0331812104,0331812104
346,SELANGOR,PPD KUALA LANGAT,Kebangsaan,BBA1035,SK SIJANGKANG JAYA,TELOK PANGLIMA GARANG,"TELOK PANGLIMA GARANG",42500,0331227676,0331227741
347,SELANGOR,PPD KUALA LANGAT,Kebangsaan,BBA1036,SK RTB BUKIT CHANGGANG,"RANCANGAN TANAH BELIA, BUKIT CHANGGANG,",BANTING,42700,0331491651,0331491651
348,SELANGOR,PPD KUALA LANGAT,Kebangsaan,BBA1037,SK JUGRA,JALAN SULTAN ABDUL SAMAD,BANTING,42700,0331851303,0331850475
349,SELANGOR,PPD KUALA LANGAT,Kebangsaan,BBA1038,SK BANDAR BANTING,PERSIARAN MAJLIS,BANTING,42700,0331876866,0331818334
350,SELANGOR,PPD KUALA LANGAT,Kebangsaan,BBA1039,SK (ASLI) BUKIT KEMANDOL,"JALAN DESA KEMANDOL 1, TAMAN DESA KEMANDOL",JENJAROM,42610,0333631323,0333631323
351,SELANGOR,PPD KUALA LANGAT,Kebangsaan,BBA9207,SK KAMPONG BUSUT ASLI,"KG. BUSUT BARU (A), BKT CHEDING",BANTING,42700,0388737573,TIADA
352,SELANGOR,PPD KUALA LANGAT,Kebangsaan,BBB1031,SK METHODIST,"JALAN SEKOLAH, TELOK DATOK",BANTING,42700,0331871504,0331871504
353,SELANGOR,PPD KUALA LANGAT,Kebangsaan,BBB1032,SK SRI LANGAT (INTEG),JALAN SULTAN ABDUL SAMAD,BANTING,42700,0331871278,0331801087
354,SELANGOR,"PPD KUALA SELANGOR",Jenis Kebangsaan (C),BBC3034,SJK(C) AIK THEE,JALAN KERAMAT TANJUNG,KUALA SELANGOR,45000,0332891091,0332891091
355,SELANGOR,"PPD KUALA SELANGOR",Jenis Kebangsaan (C),BBC3035,SJK(C) BAGAN PASIR,JALAN BAGAN PASIR,TANJONG KARANG,45500,0332695077,0332695077
356,SELANGOR,"PPD KUALA SELANGOR",Jenis Kebangsaan (C),BBC3036,SJK(C) CHUNG WAH,"JALAN SASARAN, BUKIT KUCHING",JERAM,45800,0332647386,0332647386
357,SELANGOR,"PPD KUALA SELANGOR",Jenis Kebangsaan (C),BBC3037,SJK(C) IJOK,SIMPANG TIGA IJOK,BESTARI JAYA,45620,60332791593,60332791593
358,SELANGOR,"PPD KUALA SELANGOR",Jenis Kebangsaan (C),BBC3038,SJK(C) KHAI TEE,PASIR PENAMBANG,KUALA SELANGOR,45000,0332891332,0332891332
359,SELANGOR,"PPD KUALA SELANGOR",Jenis Kebangsaan (C),BBC3040,SJK(C) LIAT CHOON,"BATU 17, SUNGAI SEMBILANG",JERAM,45800,0332648225,0332648225
360,SELANGOR,"PPD KUALA SELANGOR",Jenis Kebangsaan (C),BBC3041,SJK(C) MING TEE,KAMPUNG TIRAM BURUK,TANJONG KARANG,45500,0332698400,0332698400
361,SELANGOR,"PPD KUALA SELANGOR",Jenis Kebangsaan (C),BBC3042,SJK(C) PUI CHI,ASSAM JAWA,BUKIT ROTAN,45700,0332896557,0332896557
362,SELANGOR,"PPD KUALA SELANGOR",Jenis Kebangsaan (C),BBC3043,SJK(C) PUI TEH,JALAN SIMPANG TIGA,JERAM,45800,0332648409,0332648409
363,SELANGOR,"PPD KUALA SELANGOR",Jenis Kebangsaan (C),BBC3044,SJK(C) TANJONG KARANG,JALAN DEWAN DATO' HORMAT,TANJONG KARANG,45500,0332698221,0332698221
364,SELANGOR,"PPD KUALA SELANGOR",Jenis Kebangsaan (C),BBC3045,SJK(C) YIT KHWAN,BAGAN TANJONG KARANG,TANJONG KARANG,45500,60332694248,0332694248
365,SELANGOR,"PPD KUALA SELANGOR",Jenis Kebangsaan (C),BBC3047,SJK(C) YUK CHIH,"JALAN BESAR, BESTARI JAYA (BATANG BERJUNTAI)",BESTARI JAYA,45600,0332719163,0332719163
366,SELANGOR,"PPD KUALA SELANGOR",Jenis Kebangsaan (T),BBD3048,SJK(T) BESTARI JAYA,JALAN BESAR,BESTARI JAYA,45600,0332719044,0332716637
367,SELANGOR,"PPD KUALA SELANGOR",Jenis Kebangsaan (T),BBD3049,SJK(T) LDG BRAUNSTON,LADANG BRAUNSTON,JERAM,45800,0129357866,TIADA
368,SELANGOR,"PPD KUALA SELANGOR",Jenis Kebangsaan (T),BBD3051,SJK(T) LDG BUKIT CHERAKA,"LADANG BUKIT CHERAKA,  JALAN SIMPANG TIGA",JERAM,45800,0332647922,0332647922
369,SELANGOR,"PPD KUALA SELANGOR",Jenis Kebangsaan (T),BBD3052,SJK(T) LDG BKT IJOK,LADANG BUKIT IJOK,JERAM,45800,0192060217,TIADA
370,SELANGOR,"PPD KUALA SELANGOR",Jenis Kebangsaan (T),BBD3055,SJK(T) LDG COALFIELDS,LADANG COALFIELDS,SUNGAI BULOH,47000,0360381682,0360381682
371,SELANGOR,"PPD KUALA SELANGOR",Jenis Kebangsaan (T),BBD3056,SJK(T) GHANDIJI,SUNGAI BURONG,SEKINCHAN,45400,0332411859,0332411859
372,SELANGOR,"PPD KUALA SELANGOR",Jenis Kebangsaan (T),BBD3057,SJK(T) LDG HOPEFUL,LADANG HOPEFUL,BESTARI JAYA,45600,0166089063,TIADA
373,SELANGOR,"PPD KUALA SELANGOR",Jenis Kebangsaan (T),BBD3058,SJK(T) LDG KG BARU,KUALA SELANGOR,KUALA SELANGOR,45000,0193212373,TIADA
374,SELANGOR,"PPD KUALA SELANGOR",Jenis Kebangsaan (T),BBD3060,SJK(T) LADANG SUNGAI TERAP,LADANG SUNGAI TERAP,KUALA SELANGOR,45000,0332898029,03-32898029
375,SELANGOR,"PPD KUALA SELANGOR",Jenis Kebangsaan (T),BBD3061,SJK(T) LDG KUALA SELANGOR,KM. 1.6 LADANG KUALA SELANGOR,BUKIT ROTAN,45700,0122583867,TIADA
376,SELANGOR,"PPD KUALA SELANGOR",Jenis Kebangsaan (T),BBD3064,SJK(T) LDG RAJA MUSA,LADANG RAJA MUSA,KUALA SELANGOR,45000,0192606074,""
377,SELANGOR,"PPD KUALA SELANGOR",Jenis Kebangsaan (T),BBD3065,SJK(T) BUKIT ROTAN BARU,KM. 7.2 JALAN IJOK KUALA SELANGOR,BUKIT ROTAN,45700,0162517092,TIADA
378,SELANGOR,"PPD KUALA SELANGOR",Jenis Kebangsaan (T),BBD3066,SJK(T) LDG RIVERSIDE,BUKIT BELIMBING,KUALA SELANGOR,45000,0332812054,0332812054
379,SELANGOR,"PPD KUALA SELANGOR",Jenis Kebangsaan (T),BBD3068,SJK(T) LDG SELANGOR RIVER,PEJABAT POS BUKIT ROTAN,BUKIT ROTAN,45700,0332897275,0332897275
380,SELANGOR,"PPD KUALA SELANGOR",Jenis Kebangsaan (T),BBD3069,SJK(T) LDG SG BULOH,LADANG SUNGAI BULOH,KUALA SELANGOR,45700,0332811657,0332811657
381,SELANGOR,"PPD KUALA SELANGOR",Jenis Kebangsaan (T),BBD3071,SJK(T) LDG SG RAMBAI,LADANG SUNGAI RAMBAI,BESTARI JAYA,45600,0332717977,0332717977
382,SELANGOR,"PPD KUALA SELANGOR",Jenis Kebangsaan (T),BBD3072,SJK(T) LADANG TUAN MEE,LADANG TUAN MEE,SUNGAI BULOH,47000,0360382143,0360382143
383,SELANGOR,"PPD KUALA SELANGOR",Jenis Kebangsaan (T),BBD3073,SJK(T) VAGEESAR,JALAN TANJONG KERAMAT,KUALA SELANGOR,45000,0332896736,0332896736
384,SELANGOR,"PPD KUALA SELANGOR",Jenis Kebangsaan (T),BBD5052,SJK(T) LADANG MINYAK,LADANG MINYAK,BESTARI JAYA,45600,0169154292,0TIADA
385,SELANGOR,"PPD KUALA SELANGOR",Jenis Kebangsaan (T),BBD5055,SJK(T) LDG NIGEL GARDNER,LADANG NIGEL GARDNER,BESTARI JAYA,45600,0123490068,TIADA
386,SELANGOR,"PPD KUALA SELANGOR",Jenis Kebangsaan (T),BBD5061,SJK(T) LDG MARY,LADANG MARY,BESTARI JAYA,45600,0132088136,TIADA
387,SELANGOR,"PPD KUALA SELANGOR",Jenis Kebangsaan (T),BBD5062,SJK(T) LADANG SG TINGGI,LADANG SUNGAI TINGGI,BESTARI JAYA,45600,0192760784,0TIADA
388,SELANGOR,"PPD KUALA SELANGOR",Kebangsaan,BBA3001,SK ASSAM JAWA (INTEG),"KM 38.4, JALAN KLANG KUALA SELANGOR",BUKIT ROTAN,45700,0332893976,60332893976
389,SELANGOR,"PPD KUALA SELANGOR",Kebangsaan,BBA3002,SK BKT BADONG,"BATU 3, KAMPUNG BUKIT BADONG",BESTARI JAYA,45600,0332791342,0332791342
390,SELANGOR,"PPD KUALA SELANGOR",Kebangsaan,BBA3003,SK BKT KERAYONG,"JALAN SEKOLAH, KG. BUKIT KERAYONG 1,",KAPAR,42200,0333927168,0333927168
391,SELANGOR,"PPD KUALA SELANGOR",Kebangsaan,BBA3004,SK DATO' MAHARAJA LELA,"JALAN PARIT OMAR, KAMPUNG BUKIT CHERAKA",JERAM,45800,0332648530,0332648530
392,SELANGOR,"PPD KUALA SELANGOR",Kebangsaan,BBA3005,SK TAMBAK JAWA,"KILOMETER 26, JERAM",JERAM,45800,0332508446,0332508446
393,SELANGOR,"PPD KUALA SELANGOR",Kebangsaan,BBA3006,SK JERAM,JALAN SIMPANG TIGA,JERAM,45800,0332647773,0332647773
394,SELANGOR,"PPD KUALA SELANGOR",Kebangsaan,BBA3007,SK JERAM BT 20,BATU 20,JERAM,45800,0332647320,0332640471
395,SELANGOR,"PPD KUALA SELANGOR",Kebangsaan,BBA3008,SK JAYA SETIA,JALAN BESAR,BESTARI JAYA,45600,0332716253,0332716253
396,SELANGOR,"PPD KUALA SELANGOR",Kebangsaan,BBA3009,SK PASANGAN,"JALAN RAWANG, KG. KUANTAN",BESTARI JAYA,45600,0332893476,0332893476
397,SELANGOR,"PPD KUALA SELANGOR",Kebangsaan,BBA3010,SK RANTAU PANJANG,"KM 34, JALAN RAWANG, RANTAU PANJANG",BESTARI JAYA,45600,0332710330,0332710330
398,SELANGOR,"PPD KUALA SELANGOR",Kebangsaan,BBA3011,SK IJOK,"BATU 7, IJOK",BESTARI JAYA,45600,0332791277,0332791277
399,SELANGOR,"PPD KUALA SELANGOR",Kebangsaan,BBA3012,SK TANJUNG KERAMAT,JALAN KERAMAT TANJUNG,KUALA SELANGOR,45000,0332891733,0332891733
400,SELANGOR,"PPD KUALA SELANGOR",Kebangsaan,BBA3013,SK BKT BELIMBING,"JALAN RAJA MUSA , KG. BUKIT BELIMBING",KUALA SELANGOR,45000,0332896787,0332896787
401,SELANGOR,"PPD KUALA SELANGOR",Kebangsaan,BBA3014,SK KUALA SELANGOR,"SIMPANG 4, KAMPONG PERMATANG",KUALA SELANGOR,45000,0332898152,0332898152
402,SELANGOR,"PPD KUALA SELANGOR",Kebangsaan,BBA3015,SK TANJONG KARANG,BATU 7,TANJONG KARANG,45500,0332695866,0332695866
403,SELANGOR,"PPD KUALA SELANGOR",Kebangsaan,BBA3016,SK SUNGAI BURONG,"BATU 12, JALAN BERNAM",TANJONG KARANG,45500,0332693381,0332693381
404,SELANGOR,"PPD KUALA SELANGOR",Kebangsaan,BBA3017,SK SRI TIRAM,"JALAN SETANJUNG, KG. SERI TIRAM JAYA",TANJONG KARANG,45500,0332691935,0332691935
405,SELANGOR,"PPD KUALA SELANGOR",Kebangsaan,BBA3018,SK DATO' MANAN (INTEG),KAMPUNG SUNGAI TENGI KANAN,TANJONG KARANG,45500,0332698033,0332698033
406,SELANGOR,"PPD KUALA SELANGOR",Kebangsaan,BBA3019,SK SERI GAMBUT,JALAN TERUSAN BESAR,TANJONG KARANG,45500,0332690300,0332690300
407,SELANGOR,"PPD KUALA SELANGOR",Kebangsaan,BBA3020,SK SUNGAI SIREH,JALAN PARIT 1 SUNGAI SIREH,TANJONG KARANG,45500,0332691813,0332691813
408,SELANGOR,"PPD KUALA SELANGOR",Kebangsaan,BBA3021,SK PARIT EMPAT,"BATU 14, JALAN BERNAM",SEKINCHAN,45400,0332415288,0332415288
409,SELANGOR,"PPD KUALA SELANGOR",Kebangsaan,BBA3022,SK PARIT MAHANG,KAMPUNG PARIT MAHANG,JERAM,45800,0332600531,TIADA
410,SELANGOR,"PPD KUALA SELANGOR",Kebangsaan,BBA3024,SK JALAN RAJA MUSA,"BATU 8, JALAN RAJA MUSA",KUALA SELANGOR,45000,0332896094,0332896094
411,SELANGOR,"PPD KUALA SELANGOR",Kebangsaan,BBA3025,SK SUNGAI TERAP,"BATU 4, JALAN BERNAM",TANJONG KARANG,45500,0332894626,0332894626
412,SELANGOR,"PPD KUALA SELANGOR",Kebangsaan,BBA3026,SK PARIT SERONG,"JALAN PARIT SERONG, KG. PARIT SERONG",TANJONG KARANG,45500,0332691787,0332691787
413,SELANGOR,"PPD KUALA SELANGOR",Kebangsaan,BBA3028,SK SAWAH SEMPADAN,"BLOK D, SAWAH SEMPADAN",TANJONG KARANG,45500,0332601076,0332601076
414,SELANGOR,"PPD KUALA SELANGOR",Kebangsaan,BBA3029,SK BERJAYA,PARIT 3 BAN 3,SEKINCHAN,45400,0332412690,0332412690
415,SELANGOR,"PPD KUALA SELANGOR",Kebangsaan,BBA3031,SK BANDAR BARU,JALAN MELUR,KUALA SELANGOR,45000,0332894652,0332894652
416,SELANGOR,"PPD KUALA SELANGOR",Kebangsaan,BBA3032,SK BESTARI JAYA,JALAN BESAR,BESTARI JAYA,45600,0332710343,0332710346
417,SELANGOR,"PPD KUALA SELANGOR",Kebangsaan,BBA3033,SK PUNCAK ALAM,LRG. MAHKOTA IMPIAN 2/1 SEKSYEN 2,BDR PUNCAK ALAM,42300,0333928171,0333920029
418,SELANGOR,"PPD KUALA SELANGOR",Kebangsaan,BBA3034,SK SAUJANA UTAMA IJOK,"PERSIARAN SAUJANA 3, SAUJANA UTAMA",SUNGAI BULOH,47000,0360384388,0360386018
419,SELANGOR,"PPD KUALA SELANGOR",Kebangsaan,BBA3035,SK PUNCAK ALAM 2,"JALAN GUGUSAN ALAM 7/1,SEKSYEN 7",BDR PUNCAK ALAM,42300,0333936961,0333936045
420,SELANGOR,"PPD KUALA SELANGOR",Kebangsaan,BBA3036,SK SERI PRISTANA,"LOT 8214 JALAN SP2/1, SERI PRISTANA",SUNGAI BULOH,47000,0360391594,0360391595
421,SELANGOR,"PPD KUALA SELANGOR",Kebangsaan,BBA3037,SK PUNCAK ALAM 3,"LOT 7664, JALAN ASTANA 13/2","BANDAR PUNCAK ALAM",42300,0333932872,0333932839
422,SELANGOR,"PPD KUALA SELANGOR",Kebangsaan,BBA3038,SK DESA AMAN,"TAMAN DESA COALFIELDS, FASA 3",SUNGAI BULOH,47000,0360382696,0360383835
423,SELANGOR,"PPD KUALA SELANGOR",Kebangsaan,BBB3030,SK SULTAN ABDUL AZIZ,JALAN KELAB,BATANG BERJUNTAI,45600,0332891486,0332891486
424,SELANGOR,"PPD KUALA SELANGOR",Kebangsaan,BBB3033,"SK BATU 9, JALAN BOMBA",JALAN BOMBA,TANJONG KARANG,45500,0332698058,0332698058
425,SELANGOR,"PPD PETALING PERDANA",Jenis Kebangsaan (C),BBC8403,SJK(C) KUNG MAN,"BATU 11 ,SERDANG LAMA",SERI KEMBANGAN,43300,0389486993,0389482169
426,SELANGOR,"PPD PETALING PERDANA",Jenis Kebangsaan (C),BBC8404,SJK(C) HAN MING,"JALAN MASJID, BATU 14,PUCHONG",PUCHONG,47100,0380611641,0380608640
427,SELANGOR,"PPD PETALING PERDANA",Jenis Kebangsaan (C),BBC8405,SJK(C) SERDANG BARU (1),JALAN SEKOLAH,SERI KEMBANGAN,43300,0389486644,0389422791
428,SELANGOR,"PPD PETALING PERDANA",Jenis Kebangsaan (C),BBC8406,SJK(C) SERDANG BARU (2),SERI KEMBANGAN,SERI KEMBANGAN,43300,0389481176,0389484054
429,SELANGOR,"PPD PETALING PERDANA",Jenis Kebangsaan (C),BBC8407,SJK(C) SUBANG,KAMPUNG BARU SUBANG,SHAH ALAM,40150,0378461596,0378465412
430,SELANGOR,"PPD PETALING PERDANA",Jenis Kebangsaan (C),BBC8410,SJK(C) YAK CHEE,BATU 8 KUCHAI PUCHONG,PUCHONG,47190,0380701161,0380764025
431,SELANGOR,"PPD PETALING PERDANA",Jenis Kebangsaan (C),BBC8414,SJK(C) LICK HUNG,JALAN SS 19/6,SUBANG JAYA,47500,0356351333,0356323268
432,SELANGOR,"PPD PETALING PERDANA",Jenis Kebangsaan (C),BBC8416,SJK(C) TUN TAN CHENG LOCK,"KOMPLEKS SEK. WAWASAN,PERSIARAN KEWAJIPAN",SUBANG JAYA,47630,0380232174,0380232174
433,SELANGOR,"PPD PETALING PERDANA",Jenis Kebangsaan (C),BBC8417,SJK(C) CHEE WEN,"USJ 1,  JALAN  SUBANG  MEWAH, SUBANG  MEWAH",SUBANG JAYA,47600,0380236745,0380236341
434,SELANGOR,"PPD PETALING PERDANA",Jenis Kebangsaan (C),BBC8419,SJK(C) LADANG HARCROFT,"JALAN KASAWARI 11, BANDAR PUCHONG JAYA",PUCHONG,47180,0380767014,0380767014
435,SELANGOR,"PPD PETALING PERDANA",Jenis Kebangsaan (C),BBC8421,SJK(C) TUN TAN SIEW SIN,"PERSIARAN PUTRA BISTARI, PUTRA HEIGHT,",SUBANG JAYA,47650,0351019152,0351019162
436,SELANGOR,"PPD PETALING PERDANA",Jenis Kebangsaan (C),BBC8422,"SEKOLAH JENIS KEBANGSAAN CINA KHENG CHEE","PERSIARAN INDERA, PUSAT BANDAR PUCHONG, PUCHONG",PETALING,47100,0169084884,""
437,SELANGOR,"PPD PETALING PERDANA",Jenis Kebangsaan (T),BBD8451,SJK(T) CASTLEFIELD,"BATU 11 3/4, JALAN PUCHONG,",PUCHONG,47100,0380611767,0380611767
438,SELANGOR,"PPD PETALING PERDANA",Jenis Kebangsaan (T),BBD8453,SJK(T) F E S SERDANG,UNIPUTRA POS SERDANG,SERI KEMBANGAN,43400,0389484069,0389484069
439,SELANGOR,"PPD PETALING PERDANA",Jenis Kebangsaan (T),BBD8454,SJK(T) PUCHONG,"JALAN BUNGA TANJUNG , BT 14",PUCHONG,47100,0380622649,0380622649
440,SELANGOR,"PPD PETALING PERDANA",Jenis Kebangsaan (T),BBD8455,SJK(T) LDG KINRARA,"JLN.PUCHONG, PETALING, PUCHONG",PUCHONG,47100,0380767691,0380767691
441,SELANGOR,"PPD PETALING PERDANA",Jenis Kebangsaan (T),BBD8459,SJK(T) HICOM,"JALAN SELAYANG27/27,SEKSYEN27",SHAH ALAM,40000,0351917260,0351917260
442,SELANGOR,"PPD PETALING PERDANA",Jenis Kebangsaan (T),BBD8461,SJK(T) LADANG EBOR,BATU TIGA,SHAH ALAM,40000,0356221504,0356221504
443,SELANGOR,"PPD PETALING PERDANA",Jenis Kebangsaan (T),BBD8462,SJK(T) LDG GLENMARIE,"JALAN SUBANG, BATU TIGA",SHAH ALAM,40000,0378472150,0378472150
444,SELANGOR,"PPD PETALING PERDANA",Jenis Kebangsaan (T),BBD8463,SJK(T) LADANG MIDLANDS,JALAN PLUMBUM 7/100,SHAH ALAM,40000,0355103239,0355101745
445,SELANGOR,"PPD PETALING PERDANA",Jenis Kebangsaan (T),BBD8466,SJK(T) LDG RASAK,"LOT (1A),JALAN METAFASA U16/1A ,BUKIT SUBANG",SHAH ALAM,40160,0126781165,TIADA
446,SELANGOR,"PPD PETALING PERDANA",Jenis Kebangsaan (T),BBD8468,SJK(T) SG  RENGGAM,"18/1, JALAN PINANG, SEKSYEN 18",SHAH ALAM,40200,55419445,55419445
447,SELANGOR,"PPD PETALING PERDANA",Jenis Kebangsaan (T),BBD8469,SJK(T) LDG SEAFIELD,JALAN USJ  20/8 UEP SUBANG JAYA,SUBANG JAYA,47630,0380234548,0380234548
448,SELANGOR,"PPD PETALING PERDANA",Jenis Kebangsaan (T),BBD8470,SJK(T) TUN SAMBANTHAN,"KOMPLEKS SEK. WAWASAN,USJ 15, PERSIARAN KEWAJIPAN",SUBANG JAYA,47630,0380242530,0380242516
449,SELANGOR,"PPD PETALING PERDANA",Kebangsaan,BBA0024,SK TAMAN SRI MUDA,"25/20 JALAN NYAMAN, TAMAN SRI MUDA",SHAH ALAM,40400,0351212944,0351217694
450,SELANGOR,"PPD PETALING PERDANA",Kebangsaan,BBA8104,SK SS 19 SUBANG JAYA,"JLN SS 19/6, SUBANG JAYA",SUBANG JAYA,47500,0356335487,0356377969
451,SELANGOR,"PPD PETALING PERDANA",Kebangsaan,BBA8105,SK SEKSYEN 24,JALAN PETOLA 24/8 SEKSYEN 24,SHAH ALAM,40300,0355418623,0355482017
452,SELANGOR,"PPD PETALING PERDANA",Kebangsaan,BBA8202,SK SUBANG,JALAN MERBAU KG. MELAYU SUBANG,SHAH ALAM,40150,0378464845,0378474624
453,SELANGOR,"PPD PETALING PERDANA",Kebangsaan,BBA8203,SK PADANG JAWA,"JALAN PADANG JAWA,PADANG JAWA",SHAH ALAM,40200,0355196078,0355106044
454,SELANGOR,"PPD PETALING PERDANA",Kebangsaan,BBA8204,SK PUCHONG,JALAN MASJID BATU 14,PUCHONG,47100,0380611885,0380611885
455,SELANGOR,"PPD PETALING PERDANA",Kebangsaan,BBA8205,SK SERDANG,P.POS U.P.M SERDANG,SERDANG,43400,0389486582,0389486582
456,SELANGOR,"PPD PETALING PERDANA",Kebangsaan,BBA8212,SK SUBANG JAYA,JLN SS 14/5,SUBANG JAYA,47500,0356339234,0356339235
457,SELANGOR,"PPD PETALING PERDANA",Kebangsaan,BBA8213,SK RAJA MUDA (INTEG),SEKSYEN 4,SHAH ALAM,40000,0355195148,0355198726
458,SELANGOR,"PPD PETALING PERDANA",Kebangsaan,BBA8216,SK SEKSYEN ENAM,JALAN BELIBIS 6/5 SEKSYEN 6,SHAH ALAM,40000,0355101123,0355198480
459,SELANGOR,"PPD PETALING PERDANA",Kebangsaan,BBA8217,SK SRI SUBANG JAYA,JALAN SS 14/8,SUBANG JAYA,47500,0356336734,0356218500
460,SELANGOR,"PPD PETALING PERDANA",Kebangsaan,BBA8218,SK SRI SERDANG,TAMAN SRI SERDANG,SERI KEMBANGAN,43300,0389486413,0389486413
461,SELANGOR,"PPD PETALING PERDANA",Kebangsaan,BBA8219,SK SEKSYEN 17 SHAH ALAM,"JALAN JELAWAT 17/1, SEKSYEN 17",SHAH ALAM,40200,0355198380,0355483370
462,SELANGOR,"PPD PETALING PERDANA",Kebangsaan,BBA8222,SK SEKSYEN 19,"JALAN PETANI,19/1",SHAH ALAM,40300,0355415611,0355487361
463,SELANGOR,"PPD PETALING PERDANA",Kebangsaan,BBA8223,SK HICOM,"JALAN KAJANG 27/10, SEKSYEN 27",SHAH ALAM,40400,0351915175,0351915175
464,SELANGOR,"PPD PETALING PERDANA",Kebangsaan,BBA8224,SK SEKSYEN 18,JALAN CUCUR 18/13 SHAH ALAM,SHAH ALAM,40200,0355422512,0355422512
465,SELANGOR,"PPD PETALING PERDANA",Kebangsaan,BBA8225,SK SEKSYEN 20,JALAN RAMA-RAMA 20/2,SHAH ALAM,40300,0355431675,0355431679
466,SELANGOR,"PPD PETALING PERDANA",Kebangsaan,BBA8227,SK SEAFIELD,JALAN USJ 6/3,SUBANG JAYA,47610,0380243660,0380230581
467,SELANGOR,"PPD PETALING PERDANA",Kebangsaan,BBA8228,SK TAMAN UNIVERSITI,JALAN INDAH 1 TAMAN UNIVERSITI INDAH,SERI KEMBANGAN,43300,0389431575,0389427597
468,SELANGOR,"PPD PETALING PERDANA",Kebangsaan,BBA8229,SK PUCHONG JAYA,"JALAN MERAK, BANDAR PUCHONG JAYA",PUCHONG,47170,0380757734,0380757734
469,SELANGOR,"PPD PETALING PERDANA",Kebangsaan,BBA8230,SK TAMAN ALAM MEGAH,"PERSIARAN  HULU LANGAT, SEKSYEN 28",SHAH ALAM,40400,0351910745,0351923295
470,SELANGOR,"PPD PETALING PERDANA",Kebangsaan,BBA8231,SK TAMAN SRI MUDA 2,"JALAN CERMAT 25/36, TAMAN SRI MUDA",SHAH ALAM,40400,0351218522,0351218523
471,SELANGOR,"PPD PETALING PERDANA",Kebangsaan,BBA8232,SK PERDANA JAYA SS19,JALAN SS 19/1,SUBANG JAYA,47500,0356365106,0356214303
472,SELANGOR,"PPD PETALING PERDANA",Kebangsaan,BBA8233,SK TUDM SUBANG,"JALAN BENDAHARA, PANGKALAN UDARA SUBANG",SHAH ALAM,40150,0378473160,0378472035
473,SELANGOR,"PPD PETALING PERDANA",Kebangsaan,BBA8234,SK BANDAR SUNWAY,JALAN PJS 7/15,PETALING JAYA,46150,0356369260,0356357134
474,SELANGOR,"PPD PETALING PERDANA",Kebangsaan,BBA8235,SK PUCHONG PERDANA,"JALAN PERDANA 4/2, TAMAN PUCHONG PERDANA",PUCHONG,47150,0380618001,0380619550
475,SELANGOR,"PPD PETALING PERDANA",Kebangsaan,BBA8237,SK SERI SELANGOR,"JALAN USJ 4/2,  UEP SUBANG JAYA",SUBANG JAYA,47600,0356319100,0356360240
476,SELANGOR,"PPD PETALING PERDANA",Kebangsaan,BBA8238,SK BANDAR ANGGERIK,"JALAN NURI 6/1, SEKSYEN 6",SHAH ALAM,40000,0355125482,0355119015
477,SELANGOR,"PPD PETALING PERDANA",Kebangsaan,BBA8239,SK BUKIT KUCHAI,"JALAN 17, TAMAN BUKIT KUCHAI",PUCHONG,47100,0380763780,0380763780
478,SELANGOR,"PPD PETALING PERDANA",Kebangsaan,BBA8240,SK TAMAN TUN DR ISMAIL JAYA,JALAN TUDM SUBANG,SHAH ALAM,40150,0378468835,0378469712
479,SELANGOR,"PPD PETALING PERDANA",Kebangsaan,BBA8242,SK ALAM MEGAH DUA,"PERSIARAN KUALA LANGAT, SEKSYEN 27,",SHAH ALAM,40400,0351926879,0351911671
480,SELANGOR,"PPD PETALING PERDANA",Kebangsaan,BBA8243,SK SEAFIELD 3,PERSIARAN KEWAJIPAN USJ 8/2A,SUBANG JAYA,47610,0356387437,0356377437
481,SELANGOR,"PPD PETALING PERDANA",Kebangsaan,BBA8245,SK PENDIDIKAN KHAS SELANGOR,JLN PINANG RAJA 18/2  SEKSYEN 18,SHAH ALAM,40200,0355420620,0355420621
482,SELANGOR,"PPD PETALING PERDANA",Kebangsaan,BBA8246,"SK SEKSYEN 9, SHAH ALAM",JLN. TENGKU AMPUAN RAHIMAH 9/20,SHAH ALAM,40100,0355129941,0355132375
483,SELANGOR,"PPD PETALING PERDANA",Kebangsaan,BBA8247,SK USJ 2,JALAN USJ 2/3,SUBANG JAYA,47600,0356389741,0356310300
484,SELANGOR,"PPD PETALING PERDANA",Kebangsaan,BBA8249,SK PUCHONG UTAMA,JLN PU 12/1 TMN.PUCHONG UTAMA,PUCHONG,47100,0380619240,0380682496
485,SELANGOR,"PPD PETALING PERDANA",Kebangsaan,BBA8251,SK USJ 20,JALAN USJ 20/6E UEP,SUBANG JAYA,47630,0380231860,0380235542
486,SELANGOR,"PPD PETALING PERDANA",Kebangsaan,BBA8252,SK USJ 12,"JALAN USJ 12/1 ,UEP SUBANG JAYA",SUBANG JAYA,47630,0356370081,0356370203
487,SELANGOR,"PPD PETALING PERDANA",Kebangsaan,BBA8254,SK PUCHONG UTAMA 2,"JALAN PU9/5,TAMAN PUCHONG UTAMA",PUCHONG,47100,0380608849,0380684307
488,SELANGOR,"PPD PETALING PERDANA",Kebangsaan,BBA8255,SK SEKSYEN 1 BANDAR KINRARA,"JALAN BK 2/10, BANDAR KINRARA",PUCHONG,47100,0380768176,0380768176
489,SELANGOR,"PPD PETALING PERDANA",Kebangsaan,BBA8256,SK SEKSYEN 13,JALAN BOLA SEPAK 13/11 SEKSYEN 13,SHAH ALAM,40100,0355138272,0355138261
490,SELANGOR,"PPD PETALING PERDANA",Kebangsaan,BBA8257,SK PUCHONG INDAH,"JALAN INDAH 2/1, PUCHONG INDAH",PUCHONG,47100,0380682745,0380685603
491,SELANGOR,"PPD PETALING PERDANA",Kebangsaan,BBA8258,SK PUSAT BANDAR PUCHONG (1),"JALAN WAWASAN 2/23 PUSAT BANDAR PUCHONG",PUCHONG,47160,0358821094,0358821094
492,SELANGOR,"PPD PETALING PERDANA",Kebangsaan,BBA8261,SK ALAM MEGAH (3),"NO. 2, JALAN TELOK PANGLIMA GARANG 28/1, SEKSYEN 2",SHAH ALAM,40400,03-51915090,03-51915087
493,SELANGOR,"PPD PETALING PERDANA",Kebangsaan,BBA8262,SK SEKSYEN 2 BANDAR KINRARA,JLN BK 3/8 BANDAR KINRARA,PUCHONG,47180,0380769376,0380763120
494,SELANGOR,"PPD PETALING PERDANA",Kebangsaan,BBA8264,SK BUKIT JELUTONG,"NO. 6, JALAN SERAMBI U8/21, SEKSYEN U8",SHAH ALAM,40150,0378459457,0378459458
495,SELANGOR,"PPD PETALING PERDANA",Kebangsaan,BBA8266,SK DATO' ONN JAAFAR,"KOMPLEKS SEKOLAH WAWASAN, PERSIARAN KEWAJIPAN, USJ",SUBANG JAYA,47630,0380242343,0380241760
496,SELANGOR,"PPD PETALING PERDANA",Kebangsaan,BBA8267,SK SEKSYEN 27(1),JALAN SELAYANG 27/27,SHAH ALAM,40000,0351917614,0351917614
497,SELANGOR,"PPD PETALING PERDANA",Kebangsaan,BBA8268,SK SUBANG BESTARI,"JALAN NOVA U5/81, SUBANG BESTARI, BANDAR PINGGIRA",SHAH ALAM,40150,0378457401,0378591495
498,SELANGOR,"PPD PETALING PERDANA",Kebangsaan,BBA8269,SK PUSAT BANDAR PUCHONG 2,"JALAN PERSIARAN INDERA PUSAT BANDAR PUCHONG",PUCHONG,47160,0358820711,0358820744
499,SELANGOR,"PPD PETALING PERDANA",Kebangsaan,BBA8272,SK SEKSYEN 7,JALAN PLUMBUM 7/100 SEKSYEN 7,SHAH ALAM,40000,0355125531,0355125534
500,SELANGOR,"PPD PETALING PERDANA",Kebangsaan,BBA8273,SK SEKSYEN 27 (2),"NO. 4, JALAN PAYA LEBAR 27/10",SHAH ALAM,40400,0351916642,0351923723
501,SELANGOR,"PPD PETALING PERDANA",Kebangsaan,BBA8274,SK PUCHONG JAYA 2,JALAN TIONG,PUCHONG,47170,0380767004,0380762460
502,SELANGOR,"PPD PETALING PERDANA",Kebangsaan,BBA8275,SK TAMAN BUKIT SUBANG,SEKSYEN U16,SHAH ALAM,40150,0378458409,0378483552
503,SELANGOR,"PPD PETALING PERDANA",Kebangsaan,BBA8279,SK PUCHONG UTAMA 3,"LRG. PU 1, TAMAN PUCHONG UTAMA",PUCHONG,47100,0380603204,0380603153
504,SELANGOR,"PPD PETALING PERDANA",Kebangsaan,BBA8280,SK TAMAN SUNGAI BESI INDAH,TAMAN SUNGAI BESI INDAH,SERI KEMBANGAN,43300,0389410796,0389410758
505,SELANGOR,"PPD PETALING PERDANA",Kebangsaan,BBA8281,SK KAMPUNG LINDUNGAN,JALAN PJS 10/11,PETALING JAYA,46150,0356316826,0356316843
506,SELANGOR,"PPD PETALING PERDANA",Kebangsaan,BBA8282,SK JALAN U3,"JALAN SP 2/10, SUBANG PERDANA",SHAH ALAM,40150,0378439364,0378439364
507,SELANGOR,"PPD PETALING PERDANA",Kebangsaan,BBA8283,SK SETIA ALAM,"NO.2, JALAN SETIA IMPIAN U13/3T, SETIA ALAM",SHAH ALAM,40170,0333422624,0333423104
508,SELANGOR,"PPD PETALING PERDANA",Kebangsaan,BBA8284,SK TAMAN DESAMINIUM,"PERSIARAN DESAMINIUM 1, LESTARI PERDANA",Seri Kembangan,43300,0389413905,0389415478
509,SELANGOR,"PPD PETALING PERDANA",Kebangsaan,BBA8286,SEKOLAH KEBANGSAAN SAUJANA PUCHONG,"JALAN SP1/1, SEKSYEN 1, SAUJANA PUCHONG,",PUCHONG,47110,0380601055,0380601026
510,SELANGOR,"PPD PETALING PERDANA",Kebangsaan,BBA8287,SEKOLAH KEBANGSAAN SUBANG BESTARI DUA,"NO. 1, JALAN NOVA U5/45",SHAH ALAM,40150,0378324655,0378314704
511,SELANGOR,"PPD PETALING PERDANA",Kebangsaan,BBB8315,SK SHAH ALAM,"JALAN DAWAI 16/2,  SEKSYEN 16",SHAH ALAM,40200,0355191161,0355182468
512,SELANGOR,PPD PETALING UTAMA,Jenis Kebangsaan (C),BBC8401,SJK(C) CHEN MOH,JALAN 2/32,PETALING JAYA,46000,0377824982,0377839006
513,SELANGOR,PPD PETALING UTAMA,Jenis Kebangsaan (C),BBC8402,SJK(C) DAMANSARA,JALAN TROPICANA UTARA,PETALING JAYA,47410,0377264568,0377264528
514,SELANGOR,PPD PETALING UTAMA,Jenis Kebangsaan (C),BBC8408,SJK(C) SUNGAI WAY,"JALAN SS9A/1, SUNGAI WAY",PETALING JAYA,47300,0378754705,0378735245
515,SELANGOR,PPD PETALING UTAMA,Jenis Kebangsaan (C),BBC8409,SJK(C) SUNGAI BULOH,KAMPUNG BARU SUNGAI BULOH,SUNGAI BULOH,47000,0361561673,0361561069
516,SELANGOR,PPD PETALING UTAMA,Jenis Kebangsaan (C),BBC8411,SJK(C) YUK CHAI,JLN SS24/1 TAMAN MEGAH,PETALING JAYA,47301,0378054575,0378063670
517,SELANGOR,PPD PETALING UTAMA,Jenis Kebangsaan (C),BBC8412,SJK(C) YUK CHYUN,BT 6 1/2 JLN KLANG LAMA,PETALING JAYA,46000,0377820543,0377811227
518,SELANGOR,PPD PETALING UTAMA,Jenis Kebangsaan (C),BBC8413,SJK(C) PUAY CHAI,JALAN SS 2/54,PETALING JAYA,47300,0378744363,0378770677
519,SELANGOR,PPD PETALING UTAMA,Jenis Kebangsaan (C),BBC8415,SJK(C) PUAY CHAI 2,"JALAN BU3/1, BANDAR UTAMA",PETALING JAYA,47800,0377264298,0377225564
520,SELANGOR,PPD PETALING UTAMA,Jenis Kebangsaan (C),BBC8418,SJK(C) DESA JAYA 2,"PERSIARAN PERDANA,BANDAR SRI DAMANSARA",KUALA LUMPUR,52200,0362720835,0362720636
521,SELANGOR,PPD PETALING UTAMA,Jenis Kebangsaan (C),BBC8420,SJK(C) CHUNG HWA DAMANSARA,JALAN 17A/1,PETALING JAYA,46400,0379545129,0379545131
522,SELANGOR,PPD PETALING UTAMA,Jenis Kebangsaan (T),BBD8452,SJK(T) LDG EFFINGHAM,"JALAN BU 11/1,BANDAR UTAMA DAMANSARA",PETALING JAYA,47800,0377250762,0377250751
523,SELANGOR,PPD PETALING UTAMA,Jenis Kebangsaan (T),BBD8456,SJK(T) RRI SUNGAI BULOH,"RRI,SUNGAI BULOH",SUNGAI BULOH,47000,0361576179,0361576179
524,SELANGOR,PPD PETALING UTAMA,Jenis Kebangsaan (T),BBD8458,SJK(T) VIVEKANANDA,JALAN TEMPLER,PETALING JAYA,46050,0379563829,0379563829
525,SELANGOR,PPD PETALING UTAMA,Jenis Kebangsaan (T),BBD8467,SJK(T) SEAPORT,"JALAN PJS 6/4, KAMPUNG LINDUNGAN",PETALING JAYA,46150,"",""
526,SELANGOR,PPD PETALING UTAMA,Kebangsaan,BBA8101,SK TAMAN DATO HARUN (2),"KM12, TAMAN DATO' HARUN, JALAN KLANG LAMA",PETALING JAYA,46000,0377815626,0377855626
527,SELANGOR,PPD PETALING UTAMA,Kebangsaan,BBA8102,SK KELANA JAYA (2),JLN SS 5/2,PETALING JAYA,47301,0378768258,0378768258
528,SELANGOR,PPD PETALING UTAMA,Kebangsaan,BBA8103,SK DAMANSARA JAYA (2),JALAN SS 22/48,PETALING JAYA,47400,0377285420,0377285420
529,SELANGOR,PPD PETALING UTAMA,Kebangsaan,BBA8106,SK TAMAN MEGAH,JALAN SS 26/2,PETALING JAYA,47301,0378034727,0378042823
530,SELANGOR,PPD PETALING UTAMA,Kebangsaan,BBA8201,SK PETALING JAYA,"LORONG MASJID I (3/69-I),",PETALING JAYA,46000,0377828051,0377830051
531,SELANGOR,PPD PETALING UTAMA,Kebangsaan,BBA8206,SK BUKIT LANJAN,BANDAR DAMANSARA PERDANA,PETALING JAYA,47820,0377102055,0377102066
532,SELANGOR,PPD PETALING UTAMA,Kebangsaan,BBA8208,SK DAMANSARA UTAMA,JALAN SS 21/50,PETALING JAYA,47400,0377282080,0377279942
533,SELANGOR,PPD PETALING UTAMA,Kebangsaan,BBA8209,SK SRI DAMAI,"JALAN 17/13, SEKSYEN17",PETALING JAYA,46400,0379568543,0379568543
534,SELANGOR,PPD PETALING UTAMA,Kebangsaan,BBA8210,SK TAMAN DATO' HARUN (SATU),"KM. 12, JALAN KLANG LAMA,",PETALING JAYA,46000,0377824690,0377829719
535,SELANGOR,PPD PETALING UTAMA,Kebangsaan,BBA8211,SK KELANA JAYA (1),"JALAN SS5/2, KELANA JAYA ,",PETALING JAYA,47301,0378752379,0378771067
536,SELANGOR,PPD PETALING UTAMA,Kebangsaan,BBA8214,SK TAMAN SEA,JALAN SS 2/95,PETALING JAYA,47300,0378744527,0378778528
537,SELANGOR,PPD PETALING UTAMA,Kebangsaan,BBA8215,SK DAMANSARA JAYA (1),"JALAN SS 22/48, DAMANSARA JAYA",PETALING JAYA,47400,0377288770,0377288770
538,SELANGOR,PPD PETALING UTAMA,Kebangsaan,BBA8220,SK TAMAN MEDAN,"KM. 12, JALAN KLANG LAMA",PETALING JAYA,46000,0377827833,0377810750
539,SELANGOR,PPD PETALING UTAMA,Kebangsaan,BBA8221,SK SRI KELANA,JALAN SS 5B/3 PETALING JAYA,PETALING JAYA,47301,0378768604,0378770943
540,SELANGOR,PPD PETALING UTAMA,Kebangsaan,BBA8236,"SEKOLAH KEBANGSAAN SEKSYEN 7 KOTA DAMANSARA","SEKSYEN 7, KOTA DAMANSARA",PETALING JAYA,47810,0361571273,0361576901
541,SELANGOR,PPD PETALING UTAMA,Kebangsaan,BBA8241,SK BANDAR BARU SRI DAMANSARA,PERSIARAN MAHOGANI,KEPONG,52200,0362744135,0362744135
542,SELANGOR,PPD PETALING UTAMA,Kebangsaan,BBA8244,SK BANDAR UTAMA DAMANSARA,"LEBUH BANDAR UTAMA ,BANDAR UTAMA",PETALING JAYA,47800,0377277526,0377277526
543,SELANGOR,PPD PETALING UTAMA,Kebangsaan,BBA8248,SK BANDAR UTAMA DAMANSARA 2,"NO. 2 PINTASAN BANDAR UTAMA, BANDAR UTAMA DAMANSA",PETALING JAYA,47800,0377223126,0377223129
544,SELANGOR,PPD PETALING UTAMA,Kebangsaan,BBA8250,SK SEKSYEN 6 KOTA DAMANSARA,JALAN CECAWI 6/26,PETALING,47810,0361566424,0361571325
545,SELANGOR,PPD PETALING UTAMA,Kebangsaan,BBA8253,SK BANDAR BARU SRI DAMANSARA 2,"JALAN CEMPAKA SD 12/2,BDR SRI DAMANSARA",KUALA LUMPUR,52200,0362720144,0362772539
546,SELANGOR,PPD PETALING UTAMA,Kebangsaan,BBA8259,SK BANDAR SRI DAMANSARA 3,JALAN ARA SD 7/3,KUALA LUMPUR,52200,0362732902,0362732902
547,SELANGOR,PPD PETALING UTAMA,Kebangsaan,BBA8260,SK BANDAR UTAMA DAMANSARA (4),"BANDAR UTAMA DAMANSARA (4), DATARAN BANDAR UTAMA",PETALING JAYA,47800,0377289730,0377289830
548,SELANGOR,PPD PETALING UTAMA,Kebangsaan,BBA8263,SK TROPICANA,JALAN TROPICANA SELATAN,PETALING JAYA,47410,0378036421,0378036423
549,SELANGOR,PPD PETALING UTAMA,Kebangsaan,BBA8265,SK BANDAR SRI DAMANSARA 1,"SK BANDAR SRI DAMANSARA 1, PERSIARAN PERDANA, BANDAR SRI DAMANSARA",KUALA LUMPUR,52200,0362740957,0362731471
550,SELANGOR,PPD PETALING UTAMA,Kebangsaan,BBA8270,SK SEKSYEN 9 KOTA DAMANSARA,JALAN RIMBA RIANG 9/1,PETALING,47810,0361564252,0361564052
551,SELANGOR,PPD PETALING UTAMA,Kebangsaan,BBA8271,SK DAMANSARA DAMAI 1,"NO. 2, JALAN PJU 10/1F DAMANSARA DAMAI",PETALING JAYA,47830,0361564683,0361577274
552,SELANGOR,PPD PETALING UTAMA,Kebangsaan,BBA8276,SK PPR LEMBAH SUBANG,LEMBAH SUBANG,PETALING JAYA,47301,03-79632329,03-78459554
553,SELANGOR,PPD PETALING UTAMA,Kebangsaan,BBA8277,SK SEKSYEN 11 KOTA  DAMANSARA,"JALAN KENYALANG 11/2, KOTA DAMANSARA",PETALING JAYA,47810,0361421454,0361421455
554,SELANGOR,PPD PETALING UTAMA,Kebangsaan,BBA8285,SK DAMANSARA DAMAI 2,"JALAN PJU 10/4C, DAMANSARA DAMAI",PETALING JAYA,47830,0361402386,0361402492
555,SELANGOR,PPD PETALING UTAMA,Kebangsaan,BBB8301,SK ASSUNTA  SATU,JALAN  ASSUNTA,PETALING JAYA,46050,0377824636,0377844636
556,SELANGOR,PPD PETALING UTAMA,Kebangsaan,BBB8302,SK ASSUNTA (2) (M),JALAN ASSUNTA 4/52,PETALING JAYA,46050,0377824543,0377814569
557,SELANGOR,PPD PETALING UTAMA,Kebangsaan,BBB8303,SK (L) BUKIT BINTANG (1),"JALAN SUNGAI JERNIH 8/1, SEKSYEN 8",PETALING JAYA,46050,0379574446,0379574446
558,SELANGOR,PPD PETALING UTAMA,Kebangsaan,BBB8304,SK (L) BUKIT BINTANG (2),JALAN SUNGAI JERNIH 8/1,PETALING JAYA,46050,0379552482,0379552482
559,SELANGOR,PPD PETALING UTAMA,Kebangsaan,BBB8305,SK KAMPUNG TUNKU,"JALAN SS 1/11,",PETALING JAYA,47300,0378769050,0378764951
560,SELANGOR,PPD PETALING UTAMA,Kebangsaan,BBB8306,"SK LA SALLE, PJ","JALAN GASING,",PETALING JAYA,46000,0379567536,0379563505
561,SELANGOR,PPD PETALING UTAMA,Kebangsaan,BBB8307,"SK METHODIST,PJ",JALAN 5/37,PETALING JAYA,46000,0379565015,0379552753
562,SELANGOR,PPD PETALING UTAMA,Kebangsaan,BBB8308,SK (1) PETALING JAYA,JALAN 1/10,PETALING JAYA,46000,0377829334,0377829334
563,SELANGOR,PPD PETALING UTAMA,Kebangsaan,BBB8309,SK (2) PETALING JAYA,JALAN 1/10,PETALING JAYA,46000,0377829287,0377829287
564,SELANGOR,PPD PETALING UTAMA,Kebangsaan,BBB8310,SK JALAN SELANGOR (SATU),"JALAN PADANG 4/48, JALAN SELANGOR",PETALING JAYA,46050,0377821585,0377821585
565,SELANGOR,PPD PETALING UTAMA,Kebangsaan,BBB8311,SK (2) JALAN SELANGOR,4/48 JALAN PADANG,PETALING JAYA,46050,0377829841,0377839841
566,SELANGOR,PPD PETALING UTAMA,Kebangsaan,BBB8312,SK SATU SULTAN ALAM SHAH,"JALAN BUKIT 11/2,  PETALING JAYA",PETALING JAYA,46200,0379566941,0379566941
567,SELANGOR,PPD PETALING UTAMA,Kebangsaan,BBB8313,SK (2) SULTAN ALAM SHAH,JALAN BUKIT 11/2,PETALING JAYA,46200,0379568959,0379601154
568,SELANGOR,PPD PETALING UTAMA,Kebangsaan,BBB8314,SK SRI PETALING,JALAN 12/15,PETALING JAYA,46200,0379567623,0379578126
569,SELANGOR,PPD PETALING UTAMA,Kebangsaan,BBB8316,SK SUNGEI WAY,JALAN SS 9/13,PETALING JAYA,47300,0378768450,0378747248
570,SELANGOR,PPD SABAK BERNAM,Jenis Kebangsaan (C),BBC6030,SJK(C) CHEONG HUA,"SIMPANG 4, BNO",SABAK BERNAM,45200,0332136260,0332136260
571,SELANGOR,PPD SABAK BERNAM,Jenis Kebangsaan (C),BBC6031,SJK(C) HAI PING,BAGAN SUNGAI BURUNG,SUNGAI BESAR,45300,0332242693,0332242693
572,SELANGOR,PPD SABAK BERNAM,Jenis Kebangsaan (C),BBC6032,SJK(C) LUM HUA,JALAN RAJA CHULAN,SABAK BERNAM,45200,0332161318,0332161318
573,SELANGOR,PPD SABAK BERNAM,Jenis Kebangsaan (C),BBC6033,SJK(C) MOON TECK,JALAN MOON TECK,SG. AIR TAWAR,45100,0332136319,0332136319
574,SELANGOR,PPD SABAK BERNAM,Jenis Kebangsaan (C),BBC6034,SJK(C) PHOOI TEE,SUNGAI PULAI,SABAK BERNAM,45200,0332162051,0332162051
575,SELANGOR,PPD SABAK BERNAM,Jenis Kebangsaan (C),BBC6035,SJK(C) POAY CHNEH,JALAN BAGAN SG. LANG,SG. AIR TAWAR,45100,0332136100,0332136100
576,SELANGOR,PPD SABAK BERNAM,Jenis Kebangsaan (C),BBC6036,SJK(C) SIN MIN,JALAN PANCHANG  BEDENA,SUNGAI BESAR,45300,60332241257,60332241257
577,SELANGOR,PPD SABAK BERNAM,Jenis Kebangsaan (C),BBC6037,SJK(C) PHOOI MIN,TELUK RU & BETING KEPAH,SG AIR TAWAR,45100,0332137387,0332137387
578,SELANGOR,PPD SABAK BERNAM,Jenis Kebangsaan (C),BBC6038,SJK(C) YOKE KUAN,JALAN GEREJA,SEKINCHAN,45400,0332410173,0332410205
579,SELANGOR,PPD SABAK BERNAM,Jenis Kebangsaan (C),BBC6039,SJK(C) KIAN SIT,LORONG 3  SITE A,SEKINCHAN,45400,0332411722,0332411722
580,SELANGOR,PPD SABAK BERNAM,Jenis Kebangsaan (T),BBD6039,SJK(T) LADANG SUNGAI BERNAM,LADANG SUNGAI BERNAM,SABAK BERNAM,45200,0125412387,TIADA
581,SELANGOR,PPD SABAK BERNAM,Jenis Kebangsaan (T),BBD6040,SJK(T) LADANG SABAK BERNAM,Jalan Pejabat Haiwan,SABAK BERNAM,45200,0332140013,TIADA
582,SELANGOR,PPD SABAK BERNAM,Kebangsaan,BBA6001,SK SERI MAKMUR,JALAN PARIT 1 BARAT,SUNGAI BESAR,45300,0332242224,0332242224
583,SELANGOR,PPD SABAK BERNAM,Kebangsaan,BBA6002,SK SG HJ DORANI,PEKAN SG HJ DORANI,SUNGAI BESAR,45300,0332243967,0332243967
584,SELANGOR,PPD SABAK BERNAM,Kebangsaan,BBA6003,SK SIMPANG LIMA,SIMPANG LIMA,SUNGAI BESAR,45300,0332243342,0332241249
585,SELANGOR,PPD SABAK BERNAM,Kebangsaan,BBA6004,SK PANCHANG PEDENA,JALAN LAMA KUALA SELANGOR,SUNGAI BESAR,45300,0332241576,0332241576
586,SELANGOR,PPD SABAK BERNAM,Kebangsaan,BBA6005,SK SG LIMAU,KAMPUNG SUNGAI LIMAU,SUNGAI BESAR,45300,0332243320,0332243320
587,SELANGOR,PPD SABAK BERNAM,Kebangsaan,BBA6006,SK PARIT 4,"PARIT 4 JALAN PEKAN SELASA SUNGAI HAJI DORANI",SUNGAI BESAR,45300,0332246206,0332246206
588,SELANGOR,PPD SABAK BERNAM,Kebangsaan,BBA6007,SK PARIT 6,PARIT 6 BARAT,SUNGAI BESAR,45300,0332243953,0332243953
589,SELANGOR,PPD SABAK BERNAM,Kebangsaan,BBA6008,SK SERI BAHAGIA,PARIT 9,SUNGAI BESAR,45300,0332242453,0332242453
590,SELANGOR,PPD SABAK BERNAM,Kebangsaan,BBA6009,SK TOK KHALIFAH,JALAN SUNGAI PANJANG,SUNGAI BESAR,45300,0332162848,0332162848
591,SELANGOR,PPD SABAK BERNAM,Kebangsaan,BBA6010,SK BAGAN TERAP,KAMPUNG BAGAN TERAP,SUNGAI BESAR,45300,0332165143,0332165143
592,SELANGOR,PPD SABAK BERNAM,Kebangsaan,BBA6011,SK PARIT 13,JALAN PARIT 13 BAN 2 SUNGAI NIBONG,SEKINCHAN,45400,0332246916,0332246916
593,SELANGOR,PPD SABAK BERNAM,Kebangsaan,BBA6012,SK LOBOK PUSING,"JLN MASJID, KG LUBOK PUSING",SUNGAI BESAR,45300,0332164810,0332164810
594,SELANGOR,PPD SABAK BERNAM,Kebangsaan,BBA6013,SK DOKTOR ABDUL LATIFF,JALAN RAJA CHULAN,SABAK BERNAM,45200,0332161213,0332165244
595,SELANGOR,PPD SABAK BERNAM,Kebangsaan,BBA6014,SK BATU 38,KAMPUNG BATU 38,SABAK BERNAM,45200,0332161219,0332161219
596,SELANGOR,PPD SABAK BERNAM,Kebangsaan,BBA6015,SK KG BAHARU,"JALAN HAJI SAIE,KAMPUNG BAHARU",SABAK BERNAM,45200,0332162033,0332162033
597,SELANGOR,PPD SABAK BERNAM,Kebangsaan,BBA6016,SK TUN DOKTOR ISMAIL,TEBUK PULAI,SABAK BERNAM,45200,60332162379,60332162379
598,SELANGOR,PPD SABAK BERNAM,Kebangsaan,BBA6017,SK SEKENDI,"KM 7,JALAN SEKENDI,",SABAK BERNAM,45200,0332163468,0332163468
599,SELANGOR,PPD SABAK BERNAM,Kebangsaan,BBA6018,SK SIMPANG 4 BNO,"SIMPANG 4, BAGAN NAKHODA OMAR,",SABAK BERNAM,45200,0332136161,0332136161
600,SELANGOR,PPD SABAK BERNAM,Kebangsaan,BBA6019,SK PARIT BAHARU,"JALAN BESAR, KAMPUNG PARIT BAHARU",SUNGAI AIR TAWAR,45100,0332136971,0332138118
601,SELANGOR,PPD SABAK BERNAM,Kebangsaan,BBA6020,SK SUNGAI TENGAR,KG SG TENGAR,SG AIR TAWAR,45100,0332138350,0332138350
602,SELANGOR,PPD SABAK BERNAM,Kebangsaan,BBA6021,SK SERI MAWAR,JALAN SEKOLAH,SUNGAI AIR TAWAR,45100,60332138035,60332138035
603,SELANGOR,PPD SABAK BERNAM,Kebangsaan,BBA6022,SK TEBOK JAWA,"JALAN TEBOK JAWA, KG. TEBOK JAWA",SABAK BERNAM,45200,0332163144,0332163144
604,SELANGOR,PPD SABAK BERNAM,Kebangsaan,BBA6023,SK SAPINTAS,"BATU 4, KG SAPINTAS",SABAK BERNAM,45200,0332164648,0332164648
605,SELANGOR,PPD SABAK BERNAM,Kebangsaan,BBA6024,SK KAMPONG BANTING,JLN MASJID KG BANTING,SABAK BERNAM,45200,0332162085,0332162085
606,SELANGOR,PPD SABAK BERNAM,Kebangsaan,BBA6025,SK TANJONG JAWA,JALAN DUNGUN,SABAK BERNAM,45200,60332161482,TIADA
607,SELANGOR,PPD SABAK BERNAM,Kebangsaan,BBA6026,SK TELUK RU,JALAN PARIT BARU,SABAK BERNAM,45200,0332138168,0332138168
608,SELANGOR,PPD SABAK BERNAM,Kebangsaan,BBA6027,SK SERI CEMPAKA,SG APONG,SG. AIR TAWAR,45100,0332137011,0332137011
609,SELANGOR,PPD SABAK BERNAM,Kebangsaan,BBA6028,SK SG LEMAN,TALI AIR 7,SEKINCHAN,45400,0332412980,0332412980
610,SELANGOR,PPD SABAK BERNAM,Kebangsaan,BBA6029,SK PARIT 9,JALAN PARIT 9,SEKINCHAN,45400,0332412028,0332412028
611,SELANGOR,PPD SABAK BERNAM,Kebangsaan,BBA6030,SK PASIR PANJANG,PASIR PANJANG,SEKINCHAN,45400,0332410582,0332410582
612,SELANGOR,PPD SABAK BERNAM,Kebangsaan,BBA6031,SK SUNGAI NIBONG,JALAN PARIT 12,SEKINCHAN,45400,60332411189,60332411189
613,SELANGOR,PPD SABAK BERNAM,Kebangsaan,BBA6032,SK BINJAI JAYA,PARIT 16  SUNGAI PANJANG,SUNGAI BESAR,45300,60332162208,60332161801
614,SELANGOR,PPD SABAK BERNAM,Kebangsaan,BBB6028,SK KHIR JOHARI,JALAN RAJA CHULAN,SABAK BERNAM,45200,0332161285,0332161285
615,SELANGOR,PPD SABAK BERNAM,Kebangsaan,BBB6029,SK SERI UTAMA,JALAN BESAR,SUNGAI BESAR,45300,60332242278,0332241910
616,SELANGOR,PPD SABAK BERNAM,Kebangsaan,BBB6030,SK SERI SEKINCHAN,JALAN  PARIT  6,SEKINCHAN,45400,0332410569,0332410569
617,SELANGOR,PPD SEPANG,Jenis Kebangsaan (C),BBC9401,SJK(C) CHIO CHIAO,PEKAN SALAK,SEPANG,43900,0387061970,0387061970
618,SELANGOR,PPD SEPANG,Jenis Kebangsaan (C),BBC9402,SJK(C) DENGKIL,"DENGKIL,",DENGKIL,43800,0387688259,0387686029
619,SELANGOR,PPD SEPANG,Jenis Kebangsaan (C),BBC9403,SJK(C) SEPANG,"KAMPUNG BARU,",SEPANG,43900,0331421848,0331421848
620,SELANGOR,PPD SEPANG,Jenis Kebangsaan (C),BBC9404,SJK(C) SIN MING,"BATU 16, JLN PUCHONG",PUCHONG,47100,0380613387,0380613387
621,SELANGOR,PPD SEPANG,Jenis Kebangsaan (C),BBC9405,SJK(C) TCHE MIN,PEKAN SUNGAI PELEK,SUNGAI PELEK,43950,0331411002,0331411002
622,SELANGOR,PPD SEPANG,Jenis Kebangsaan (C),BBC9406,SJK(C) WAH LIAN,KAMPUNG BARU,SUNGAI PELEK,43950,0331411267,0331411267
623,SELANGOR,PPD SEPANG,Jenis Kebangsaan (T),BBD9452,SJK(T) LADANG AMPAR TENANG,"P/S 15, LDG AMPAR TENANG,",DENGKIL,43800,0387687977,0387687977
624,SELANGOR,PPD SEPANG,Jenis Kebangsaan (T),BBD9453,SJK(T) LADANG BUTE,"LADANG BUTE,43900 SEPANG, SELANGOR",SEPANG,43900,012-6014907,TIADA
625,SELANGOR,PPD SEPANG,Jenis Kebangsaan (T),BBD9454,SJK(T) BANDAR BARU SALAK TINGGI,BANDAR BARU SALAK TINGGI,SEPANG,43900,0387061596,0387061596
626,SELANGOR,PPD SEPANG,Jenis Kebangsaan (T),BBD9455,SJK(T) DENGKIL,DENGKIL,DENGKIL,43800,0387687984,0387687984
627,SELANGOR,PPD SEPANG,Jenis Kebangsaan (T),BBD9457,SJK(T) TAMAN PERMATA,TAMAN PERMATA,DENGKIL,43800,0387680253,0387680586
628,SELANGOR,PPD SEPANG,Jenis Kebangsaan (T),BBD9458,SJK(T) SEPANG,JALAN KELAB,SEPANG,43900,0331421992,0331421992
629,SELANGOR,PPD SEPANG,Jenis Kebangsaan (T),BBD9460,SJK(T) TELUK MERBAU,"LADANG TELUK MERBAU,",SUNGAI PELEK,43950,0331421593,0331421593
630,SELANGOR,PPD SEPANG,Jenis Kebangsaan (T),BBD9461,SJK(T) LDG WEST COUNTRY 'BARAT',"PETI SURAT 84,43000 KAJANG, SELANGOR",KAJANG,43000,0387312026,TIADA
631,SELANGOR,PPD SEPANG,Kebangsaan,BBA9201,SK SUNGAI RAWANG,SUNGAI PELEK,SUNGAI PELEK.,43950,0331411003,0331411003
632,SELANGOR,PPD SEPANG,Kebangsaan,BBA9202,SK BKT BANGKONG,KG ORG ASLI BKT BANGKONG,SUNGAI PELEK,43950,0331414276,0331414276
633,SELANGOR,PPD SEPANG,Kebangsaan,BBA9203,SK SG PELEK,SG PELEK,SUNGAI PELEK,43950,0331412758,0331412758
634,SELANGOR,PPD SEPANG,Kebangsaan,BBA9204,SK SALAK,"JALAN BESAR SALAK, KAMPUNG SALAK TINGGI",SEPANG,43900,0387061226,0387061226
635,SELANGOR,PPD SEPANG,Kebangsaan,BBA9205,SK KG BAHARU LANJUT,KG BAHARU LANJUT,SEPANG,43900,0387061900,TIADA
636,SELANGOR,PPD SEPANG,Kebangsaan,BBA9208,SK JENDERAM,"JALAN BESAR, KAMPUNG JENDERAM HULU",DENGKIL,43800,0387687211,0387687211
637,SELANGOR,PPD SEPANG,Kebangsaan,BBA9209,SK JENDERAM HILIR,PEJABAT POS DENGKIL SELANGOR,DENGKIL,43800,0387687900,0387687900
638,SELANGOR,PPD SEPANG,Kebangsaan,BBA9210,SK DENGKIL,PEKAN DENGKIL,DENGKIL,43800,0387686007,0387688267
639,SELANGOR,PPD SEPANG,Kebangsaan,BBA9211,SK SG MERAB LUAR,KG SG MERAB LUAR,KAJANG,43000,0389256699,0389256699
640,SELANGOR,PPD SEPANG,Kebangsaan,BBA9212,SK DESA PUTRA,"JALAN UTAMA, KAMPUNG DESA PUTRA",KAJANG,43000,0389255928,0389255928
641,SELANGOR,PPD SEPANG,Kebangsaan,BBA9213,SK DATO' ABU BAKAR BAGINDA,"SK.DATO' ABU BAKAR BAGINDA,",KAJANG,43000,0389255973,0389251136
642,SELANGOR,PPD SEPANG,Kebangsaan,BBA9214,SK PULAU MERANTI,"BATU 8, PULAU MERANTI",PUCHONG,47100,0380612610,0380612610
643,SELANGOR,PPD SEPANG,Kebangsaan,BBA9215,SK SG MELUT (ASLI),KAMPUNG ORANG ASLI SUNGAI MELUT,SEPANG,43900,0387310425,0387062004
644,SELANGOR,PPD SEPANG,Kebangsaan,BBA9216,SK BKT TAMPOI (ASLI),JALAN DENGKIL BANTING,DENGKIL,43800,0387687889,0387687889
645,SELANGOR,PPD SEPANG,Kebangsaan,BBA9217,SK BANDAR BARU SALAK TINGGI,BANDAR BARU SALAK TINGGI,SEPANG,43900,0387063062,0387060714
646,SELANGOR,PPD SEPANG,Kebangsaan,BBA9220,SK TAMAN SEROJA,"JLN BBST,TMN SEROJA , BANDAR BARU SALAK TINGGI",SEPANG,43900,0387068407,0387068408
647,SELANGOR,PPD SEPANG,Kebangsaan,BBA9221,SK TAMAN PANTAI SEPANG PUTRA,LOT 3870 JLN RAJA UDANG 8,SUNGAI PELEK,43950,0331412775,0331412775
648,SELANGOR,PPD SEPANG,Kebangsaan,BBA9224,SK TAMAN PUTRA PERDANA,"JLN PUTRA PERDANA 3B, TMN PUTRA PERDANA",PUCHONG,47130,0196752004,0383119234
649,SELANGOR,PPD SEPANG,Kebangsaan,BBA9225,SK KOTA WARISAN,"PERSIARAN WARISAN PERMAI, KOTA WARISAN",SEPANG,43900,0387068799,0387068597
650,SELANGOR,PPD SEPANG,Kebangsaan,BBA9226,SK CYBERJAYA,"PERSIARAN BESTARI, ZON FLAGSHIP 2,",CYBERJAYA,63000,0383188211,0383188411
651,SELANGOR,PPD SEPANG,Kebangsaan,BBA9227,SK KLIA,"TAMAN MAWAR, BANDAR BARU SALAK TINGGI",SEPANG,43900,0387064295,0387064295
652,SELANGOR,PPD SEPANG,Kebangsaan,BBA9228,SK TAMAN PUTRA PERDANA 2,"JALAN PUTRA PERDANA 6, TAMAN PUTRA PERDANA",PUCHONG,47130,0383184011,0383184014
653,SELANGOR,PPD SEPANG,Kebangsaan,BBA9229,"SEKOLAH KEBANGSAAN DESA PINGGIRAN PUTRA","PERSIARAN DESA PINGGIRAN 4A, DESA PINGGIRAN PUTRA",KAJANG,43000,0389209115,0389289115
654,SELANGOR,PPD SEPANG,Kebangsaan,BBB9301,SK METHODIST (INTEG) (M),SUNGAI PELEK,SUNGAI PELEK,43950,0331413173,0331413173
