1,WP KUALA LUMPUR,PPW BANGSAR PUDU,Jenis Kebangsaan (C),WBC0115,SJK(C) CHIN WOO,"JALAN SELADANG OFF JALAN PASAR,",KUALA LUMPUR,55100,0392210618,0392222358
2,WP KUALA LUMPUR,PPW BANGSAR PUDU,Jenis Kebangsaan (C),WBC0118,SJK(C) CHUNG KWO,JALAN LOKE YEW,KUALA LUMPUR,55200,0392216685,0392238955
3,WP KUALA LUMPUR,PPW BANGSAR PUDU,Jenis Kebangsaan (C),WBC0120,SJK(C) CONFUCIAN,"6 KM, JLN SG  BESI",KUALA LUMPUR,57100,0379813082,0379805381
4,WP KUALA LUMPUR,PPW BANGSAR PUDU,Jenis Kebangsaan (C),WBC0121,SJK(C) JALAN DAVIDSON,JALAN HANG JEBAT,KUALA LUMPUR,50150,0320721018,0320785066
5,WP KUALA LUMPUR,PPW BANGSAR PUDU,Jenis Kebangsaan (C),WBC0122,SJK(C) JALAN IMBI,"JALAN HORLEY, OFF JALAN IMBI",KUALA LUMPUR,55100,0321423058,0321420659
6,WP KUALA LUMPUR,PPW BANGSAR PUDU,Jenis Kebangsaan (C),WBC0124,SJK(C) KUNG MIN,"JLN LANDAK, PUDU",KUALA LUMPUR,55100,0392224719,0392238543
7,WP KUALA LUMPUR,PPW BANGSAR PUDU,Jenis Kebangsaan (C),WBC0125,SJK(C) KUEN CHENG 1,JALAN BELFIELD,KUALA LUMPUR,50460,0321428271,0321483959
8,WP KUALA LUMPUR,PPW BANGSAR PUDU,Jenis Kebangsaan (C),WBC0126,SEKOLAH JENIS KEBANGSAAN CINA LA SALLE,"NO:10, JALAN 2/149 , SRI PETALING",KUALA LUMPUR,57000,0379871818,0379838000
9,WP KUALA LUMPUR,PPW BANGSAR PUDU,Jenis Kebangsaan (C),WBC0131,SJK(C) NAAM KHEUNG,"BATU 3 1/2, JALAN CHERAS",KUALA LUMPUR,56000,0392847371,0392826917
10,WP KUALA LUMPUR,PPW BANGSAR PUDU,Jenis Kebangsaan (C),WBC0133,SJK(C) CHONG FAH PHIT CHEE,"JALAN BRUNAI, PUDU",KUALA LUMPUR,55100,0321429107,0321410449
11,WP KUALA LUMPUR,PPW BANGSAR PUDU,Jenis Kebangsaan (C),WBC0135,SJK(C) SAM YOKE,"KM 4, JALAN SUNGAI BESI",KUALA LUMPUR,57100,0392217985,0392217985
12,WP KUALA LUMPUR,PPW BANGSAR PUDU,Jenis Kebangsaan (C),WBC0138,SJK(C) ST. TERESA BRICKFIELDS,"JALAN SULTAN ABDUL SAMAD, BRICKFIELDS",KUALA LUMPUR,50470,0322744152,0322721641
13,WP KUALA LUMPUR,PPW BANGSAR PUDU,Jenis Kebangsaan (C),WBC0139,SJK(C) TAI THUNG,SALAK SOUTH,KUALA LUMPUR,57100,0379813928,0379803582
14,WP KUALA LUMPUR,PPW BANGSAR PUDU,Jenis Kebangsaan (C),WBC0140,SJK(C) TSUN JIN,"JALAN PERWIRA, KG. PANDAN,",KUALA LUMPUR,55100,0392857232,0392879630
15,WP KUALA LUMPUR,PPW BANGSAR PUDU,Jenis Kebangsaan (C),WBC0141,SJK(C) YOKE NAM,"JALAN HUJAN EMAS 6 TAMAN OVERSEAS UNION",KUALA LUMPUR,58200,0379825285,0379875285
16,WP KUALA LUMPUR,PPW BANGSAR PUDU,Jenis Kebangsaan (C),WBC0144,SJK(C) CHOONG WEN,"BATU 4 1/2, JALAN KELANG LAMA",KUALA LUMPUR,58000,0379834473,0379804106
17,WP KUALA LUMPUR,PPW BANGSAR PUDU,Jenis Kebangsaan (C),WBC0153,SJK(C) KWONG HON,SUNGAI BESI,KUALA LUMPUR,57000,0390581013,0390563811
18,WP KUALA LUMPUR,PPW BANGSAR PUDU,Jenis Kebangsaan (C),WBC0158,SJK(C) SALAK SOUTH,JALAN 38 SALAK SOUTH BARU,KUALA LUMPUR,57100,0379835457,0379824762
19,WP KUALA LUMPUR,PPW BANGSAR PUDU,Jenis Kebangsaan (C),WBC0170,SJK(C) KUEN CHENG 2,JALAN KERAYONG AMAN,KUALA LUMPUR,50460,0322605680,0322744617
20,WP KUALA LUMPUR,PPW BANGSAR PUDU,Jenis Kebangsaan (C),WBC0171,SJK(C) TAMAN CONNAUGHT,"JALAN GELIGA, TAMAN CONNAUGHT",KUALA LUMPUR,56000,0391309373,0391322757
21,WP KUALA LUMPUR,PPW BANGSAR PUDU,Jenis Kebangsaan (T),WBD0169,SJK(T) JALAN BANGSAR,JALAN LENGKUK ABDULLAH,KUALA LUMPUR,59000,0322825668,0322825668
22,WP KUALA LUMPUR,PPW BANGSAR PUDU,Jenis Kebangsaan (T),WBD0170,SJK(T) CHERAS,"BATU 2 1/2, JALAN CHERAS,",KUALA LUMPUR,56100,0392842739,0392842739
23,WP KUALA LUMPUR,PPW BANGSAR PUDU,Jenis Kebangsaan (T),WBD0172,SJK(T) KG PANDAN,JALAN THAVER,KUALA LUMPUR,55100,0392841049,0392841049
24,WP KUALA LUMPUR,PPW BANGSAR PUDU,Jenis Kebangsaan (T),WBD0174,SJK(T) JLN SAN PENG,JALAN SAN PENG,KUALA LUMPUR,55200,0392213652,0392213652
25,WP KUALA LUMPUR,PPW BANGSAR PUDU,Jenis Kebangsaan (T),WBD0178,SJK(T) VIVEKANANDA,NO 4 JALAN VIVEKANANDA BRICKFIELDS,KUALA LUMPUR,50470,0322748218,0322748218
26,WP KUALA LUMPUR,PPW BANGSAR PUDU,Jenis Kebangsaan (T),WBD0181,SJK(T) LADANG BUKIT JALIL,"JALAN 5/155, TAMAN INDUSTRI BUKIT OUG",KUALA LUMPUR,58200,0377831173,0377831173
27,WP KUALA LUMPUR,PPW BANGSAR PUDU,Jenis Kebangsaan (T),WBD0191,SJK(T) SARASWATHY,"KM 10  JALAN  KLANG  LAMA  , PETALING",KUALA LUMPUR,58200,0377815787,0377815787
28,WP KUALA LUMPUR,PPW BANGSAR PUDU,Jenis Kebangsaan (T),WBD0193,SJK(T) SG BESI,SUNGAI BESI,KUALA LUMPUR,57000,0390581355,0390581355
29,WP KUALA LUMPUR,PPW BANGSAR PUDU,Kebangsaan,WBA0002,SK SULTAN HISAMUDDIN ALAM SHAH,JALAN SULTAN SALAHUDDIN,KUALA LUMPUR,50480,0326925164,0326918586
30,WP KUALA LUMPUR,PPW BANGSAR PUDU,Kebangsaan,WBA0003,SK JALAN PASAR 1,JALAN RUSA,KUALA LUMPUR,55100,0392218019,0392218019
31,WP KUALA LUMPUR,PPW BANGSAR PUDU,Kebangsaan,WBA0004,SK JALAN PASAR 2,JALAN RUSA,KUALA LUMPUR,55100,0392216525,0392216525
32,WP KUALA LUMPUR,PPW BANGSAR PUDU,Kebangsaan,WBA0005,SK TUN HUSSEIN ONN,"JLN DUA, KG PANDAN",KUALA LUMPUR,55100,0392842316,0392842316
33,WP KUALA LUMPUR,PPW BANGSAR PUDU,Kebangsaan,WBA0011,SK BUKIT BANDARAYA,"JALAN BANGKUNG, BANGSAR",KUALA LUMPUR,59100,0320950162,0320945740
34,WP KUALA LUMPUR,PPW BANGSAR PUDU,Kebangsaan,WBA0012,SK BANGSAR,JALAN PANTAI BHARU,KUALA LUMPUR,59200,0322824990,0322825550
35,WP KUALA LUMPUR,PPW BANGSAR PUDU,Kebangsaan,WBA0017,SK TAMAN MIDAH,"JALAN MIDAH 11, TAMAN MIDAH CHERAS",KUALA LUMPUR,56000,0391305519,0391335331
36,WP KUALA LUMPUR,PPW BANGSAR PUDU,Kebangsaan,WBA0018,SK TAMAN TUN DR ISMAIL 1,"JLN. AMINUDDIN BAKI, TMN. TUN DR. ISMAIL",KUALA LUMPUR,60000,0377273060,0377261407
37,WP KUALA LUMPUR,PPW BANGSAR PUDU,Kebangsaan,WBA0031,SK SG BESI,KG SELAMAT SUNGAI BESI,KUALA LUMPUR,57000,0390577906,0390581614
38,WP KUALA LUMPUR,PPW BANGSAR PUDU,Kebangsaan,WBA0032,SK PENGKALAN TENTERA DARAT,KEM SG BESI,KUALA LUMPUR,57000,0390585566,0390583751
39,WP KUALA LUMPUR,PPW BANGSAR PUDU,Kebangsaan,WBA0033,SK PETALING 1,"KM 10,TAMAN KANAGAPURAM, OFF JALAN KLANG LAMA",KUALA LUMPUR,58000,0377828025,0377842615
40,WP KUALA LUMPUR,PPW BANGSAR PUDU,Kebangsaan,WBA0035,SK SG PENCHALA,JALAN DAMANSARA,KUALA LUMPUR,60000,0377287984,0377287985
41,WP KUALA LUMPUR,PPW BANGSAR PUDU,Kebangsaan,WBA0036,SK SERI MEGA,"JLN. HUJAN, TMN. OVERSEAS UNION",KUALA LUMPUR,58200,0377829244,0377829904
42,WP KUALA LUMPUR,PPW BANGSAR PUDU,Kebangsaan,WBA0037,SK BKT DAMANSARA,"JLN BERINGIN, BKT DAMANSARA,",KUALA LUMPUR,50490,0320948350,0320962092
43,WP KUALA LUMPUR,PPW BANGSAR PUDU,Kebangsaan,WBA0038,SK BUKIT PANTAI,"JALAN CENDERAI, BANGSAR",KUALA LUMPUR,59100,0320951312,0320951312
44,WP KUALA LUMPUR,PPW BANGSAR PUDU,Kebangsaan,WBA0039,SK BANDAR TUN RAZAK 1,"JLN YAACOB LATIF, CHERAS,",KUALA LUMPUR,56000,0391317566,0391311205
45,WP KUALA LUMPUR,PPW BANGSAR PUDU,Kebangsaan,WBA0040,SK BANDAR TUN RAZAK 2,"JALAN YAACOB LATIF, BANDAR TUN RAZAK",KUALA LUMPUR,56000,0391303725,0391331154
46,WP KUALA LUMPUR,PPW BANGSAR PUDU,Kebangsaan,WBA0042,SK PETALING 2,"KM 10, TAMAN KANAGAPURAM, OFF JALAN KLANG LAMA",KUALA LUMPUR,46000,0377816896,0377849673
47,WP KUALA LUMPUR,PPW BANGSAR PUDU,Kebangsaan,WBA0043,SK BANDAR BARU SERI PETALING,"JALAN WAN SENDARI, SRI PETALING",KUALA LUMPUR,57000,0390570814,0390582388
48,WP KUALA LUMPUR,PPW BANGSAR PUDU,Kebangsaan,WBA0045,SK SERI CHERAS,"KM 5, JLN CHERAS, CHERAS",KUALA LUMPUR,56100,0392855010,0392817529
49,WP KUALA LUMPUR,PPW BANGSAR PUDU,Kebangsaan,WBA0050,SK PENDIDIKAN KHAS JLN PEEL (P),JALAN PEEL,KUALA LUMPUR,55100,0392851320,0392851320
50,WP KUALA LUMPUR,PPW BANGSAR PUDU,Kebangsaan,WBA0051,SK TAMAN DESA,"JALAN DESA UTAMA, TAMAN DESA",KUALA LUMPUR,58100,0379801012,0379801012
51,WP KUALA LUMPUR,PPW BANGSAR PUDU,Kebangsaan,WBA0052,SK TAMAN MALURI,"JALAN WIRAWATI 6, TAMAN MALURI",KUALA LUMPUR,55100,0392856796,0392841516
52,WP KUALA LUMPUR,PPW BANGSAR PUDU,Kebangsaan,WBA0055,SK TAMAN SEGAR,"JLN. MANIS, TAMAN SEGAR,",KUALA LUMPUR,56100,0391300598,0391300598
53,WP KUALA LUMPUR,PPW BANGSAR PUDU,Kebangsaan,WBA0057,SK TAMAN TUN DR. ISMAIL (2),"JALAN ABANG HJ. OPENG, TAMAN TUN DR. ISMAIL",KUALA LUMPUR,60000,0377288441,0377284659
54,WP KUALA LUMPUR,PPW BANGSAR PUDU,Kebangsaan,WBA0069,SK TAMAN MIDAH 2,"JALAN MIDAH 12, TAMAN MIDAH, CHERAS",KUALA LUMPUR,56000,0391332405,0391332402
55,WP KUALA LUMPUR,PPW BANGSAR PUDU,Kebangsaan,WBA0071,SK DESA PANDAN,"JALAN 4/76, DESA PANDAN",KUALA LUMPUR,55100,0392864643,0392864709
56,WP KUALA LUMPUR,PPW BANGSAR PUDU,Kebangsaan,WBA0073,SK SERI SURIA,"JALAN 8A, TAMAN TAN YEW LAI OFF JLN PUCHONG",KUALA LUMPUR,58200,0377858942,0377851740
57,WP KUALA LUMPUR,PPW BANGSAR PUDU,Kebangsaan,WBA0074,SK SERI HARTAMAS,TAMAN SRI HARTAMAS,KUALA LUMPUR,50480,0362018557,0362017557
58,WP KUALA LUMPUR,PPW BANGSAR PUDU,Kebangsaan,WBA0075,SK BANDAR BARU SERI PETALING 2,"JALAN RADIN, BANDAR BARU SERI PETALING",KUALA LUMPUR,57000,0390591570,0390570164
59,WP KUALA LUMPUR,PPW BANGSAR PUDU,Kebangsaan,WBA0076,SK DESA TASIK,"JLN 11/146, BANDAR TASIK SELATAN",KUALA LUMPUR,57000,0390581485,0390581489
60,WP KUALA LUMPUR,PPW BANGSAR PUDU,Kebangsaan,WBA0078,SK SERI INDAH,"JLN HUJAN BUKIT, TAMAN OVERSEAS UNION",KUALA LUMPUR,58200,0379871384,0379871384
61,WP KUALA LUMPUR,PPW BANGSAR PUDU,Kebangsaan,WBA0080,SK BANDAR TASIK SELATAN,BANDAR TASIK SELATAN,KUALA LUMPUR,57000,0391725829,0391725843
62,WP KUALA LUMPUR,PPW BANGSAR PUDU,Kebangsaan,WBA0081,SK DESA PETALING,DESA PETALING,KUALA LUMPUR,57100,0390576614,0390576634
63,WP KUALA LUMPUR,PPW BANGSAR PUDU,Kebangsaan,WBA0082,SK DANAU PERDANA,"JALAN DESA BAKTI 2, TAMAN DESA",KUALA LUMPUR,58100,0379818457,0379810840
64,WP KUALA LUMPUR,PPW BANGSAR PUDU,Kebangsaan,WBA0083,SK BUKIT JALIL,"JLN 3/155A, BUKIT JALIL GOLF RESORT",KUALA LUMPUR,57000,0389966436,0389964613
65,WP KUALA LUMPUR,PPW BANGSAR PUDU,Kebangsaan,WBA0084,SK ALAM DAMAI,PERSIARAN BISTARI CHERAS,KUALA LUMPUR,56000,0391023267,0391023271
66,WP KUALA LUMPUR,PPW BANGSAR PUDU,Kebangsaan,WBA0085,SK SERI TASIK,"JALAN SRI PERMAISURI 1, BANDAR SRI PERMAISURI",KUALA LUMPUR,56000,0391718584,0391731646
67,WP KUALA LUMPUR,PPW BANGSAR PUDU,Kebangsaan,WBA0087,SK SERI SAUJANA,"JALAN MESRA RIA, BANDAR BARU SERI PETALING",KUALA LUMPUR,57000,0390592243,0390592243
68,WP KUALA LUMPUR,PPW BANGSAR PUDU,Kebangsaan,WBA0088,SK COCHRANE,JALAN SHAHBANDAR,KUALA LUMPUR,55100,0392822661,0392822663
69,WP KUALA LUMPUR,PPW BANGSAR PUDU,Kebangsaan,WBA0092,SK SERI ANGGERIK,"JALAN 1/144A, TAMAN LEN SEN, CHERAS",KUALA LUMPUR,56000,0391012506,0391021702
70,WP KUALA LUMPUR,PPW BANGSAR PUDU,Kebangsaan,WBA0093,SK COCHRANE PERKASA,JALAN COCHRANE,KUALA LUMPUR,55100,0392826352,0392847340
71,WP KUALA LUMPUR,PPW BANGSAR PUDU,Kebangsaan,WBA0098,SK SERI PERMAISURI,"JALAN 6/106, BANDAR SRI PERMAISURI, CHERAS",KUALA LUMPUR,56000,0391712403,0391712412
72,WP KUALA LUMPUR,PPW BANGSAR PUDU,Kebangsaan,WBB0043,SK JALAN BELLAMY,JALAN BELLAMY,KUALA LUMPUR,50460,0321423475,0321425292
73,WP KUALA LUMPUR,PPW BANGSAR PUDU,Kebangsaan,WBB0044,SK BRICKFIELDS 1,"JALAN SULTAN ABDUL SAMAD, BRICKFIELDS",KUALA LUMPUR,50470,0322741245,0322741248
74,WP KUALA LUMPUR,PPW BANGSAR PUDU,Kebangsaan,WBB0045,SK BRICKFIELDS 2,"JALAN SULTAN ABDUL SAMAD, BRICKFIELDS",KUALA LUMPUR,50470,0322741331,0322741334
75,WP KUALA LUMPUR,PPW BANGSAR PUDU,Kebangsaan,WBB0046,SK SERI BINTANG UTARA,TAMAN SHAMELIN PERKASA,KUALA LUMPUR,56100,0392838284,0392838278
76,WP KUALA LUMPUR,PPW BANGSAR PUDU,Kebangsaan,WBB0047,SK SERI BINTANG SELATAN,"JALAN 3/91, TAMAN SHAMELIN PERKASA",CHERAS,56100,0392838367,0392838370
77,WP KUALA LUMPUR,PPW BANGSAR PUDU,Kebangsaan,WBB0050,SK ST. TERESA BRICKFIELDS 1 (M),"LORONG ABDUL SAMAD, BRICKFIELDS",KUALA LUMPUR,50470,0322741438,0322741438
78,WP KUALA LUMPUR,PPW BANGSAR PUDU,Kebangsaan,WBB0051,SK ST. TERESA BRICKFIELDS 2 (M),"LORONG ABDUL SAMAD, BRICKFIELDS",KUALA LUMPUR,50470,0322741073,0322741073
79,WP KUALA LUMPUR,PPW BANGSAR PUDU,Kebangsaan,WBB0052,SK CONVENT JLN PEEL (M),JALAN PEEL,KUALA LUMPUR,55100,0392846550,0392812880
80,WP KUALA LUMPUR,PPW BANGSAR PUDU,Kebangsaan,WBB0056,SK DATO ABU BAKAR,JLN DAVIS,KUALA LUMPUR,55100,0392222901,0392222901
81,WP KUALA LUMPUR,PPW BANGSAR PUDU,Kebangsaan,WBB0060,SK (P) METHODIST (1) BRICKFIELDS,"JALAN SULTAN ABDUL SAMAD, BRICKFIELDS,",KUALA LUMPUR,50470,0322741553,0322743726
82,WP KUALA LUMPUR,PPW BANGSAR PUDU,Kebangsaan,WBB0063,SK PUTERI PANDAN 1,"JALAN PERWIRA, KG PANDAN",KUALA LUMPUR,55100,0392858432,0392001189
83,WP KUALA LUMPUR,PPW BANGSAR PUDU,Kebangsaan,WBB0064,SK PUTERI PANDAN 2,"JALAN PERWIRA, KG PANDAN",KUALA LUMPUR,55100,0392847052,0392847052
84,WP KUALA LUMPUR,PPW BANGSAR PUDU,Kebangsaan,WBB0065,SK LA SALLE (1) BRICKFIELDS,JALAN TUN SAMBANTHAN,KUALA LUMPUR,50470,0322743975,0322743975
85,WP KUALA LUMPUR,PPW BANGSAR PUDU,Kebangsaan,WBB0066,SK LA SALLE (2) BRICKFIELDS (M),"JALAN TUN SAMBANTHAN, BRICKFIELDS",KUALA LUMPUR,50470,0322741476,0322721476
86,WP KUALA LUMPUR,PPW BANGSAR PUDU,Kebangsaan,WBB0067,SK YAACOB LATIF 1,JALAN PEEL,KUALA LUMPUR,55100,0392849060,0392849060
87,WP KUALA LUMPUR,PPW BANGSAR PUDU,Kebangsaan,WBB0068,SK YAACOB LATIF 2,JALAN PEEL,KUALA LUMPUR,55100,0392854281,0392813831
88,WP KUALA LUMPUR,PPW BANGSAR PUDU,Kebangsaan,WBB0071,SK METHODIST (L) JLN HANG JEBAT (M),JALAN HANG JEBAT,KUALA LUMPUR,50150,0320789854,0320323473
89,WP KUALA LUMPUR,PPW BANGSAR PUDU,Kebangsaan,WBB0075,SK (L) JALAN PASAR 1,"SK DATO ABU BAKAR, JALAN DAVIS",KUALA LUMPUR,55100,0392219619,0392219619
90,WP KUALA LUMPUR,PPW BANGSAR PUDU,Kebangsaan,WBB0076,SK (L) JALAN PASAR 2,"D/A SEK KEB JALAN PASAR 1 & 2, JALAN RUSA,",KUALA LUMPUR,55100,0392210236,0392210236
91,WP KUALA LUMPUR,PPW BANGSAR PUDU,Kebangsaan,WBB0077,SK JALAN PEEL,JLN PEEL,KUALA LUMPUR,55100,0392848570,0392812684
92,WP KUALA LUMPUR,PPW BANGSAR PUDU,Kebangsaan,WBB0078,SK (P) PUDU 1,"JALAN FOSS, PUDU",KUALA LUMPUR,55200,0392218354,0392221354
93,WP KUALA LUMPUR,PPW BANGSAR PUDU,Kebangsaan,WBB0079,SK (P) PUDU 2,JALAN FOSS PUDU,KUALA LUMPUR,55200,0392213653,0392214261
94,WP KUALA LUMPUR,PPW BANGSAR PUDU,Kebangsaan,WBB0082,SK ST. GABRIEL (M),"JALAN PERWIRA, KG PANDAN",KUALA LUMPUR,55100,0392850712,0392850712
95,WP KUALA LUMPUR,PPW BANGSAR PUDU,Kebangsaan,WBB0086,SK JALAN HANG TUAH 1,JALAN HANG TUAH,KUALA LUMPUR,55200,0392214494,0392214494
96,WP KUALA LUMPUR,PPW BANGSAR PUDU,Kebangsaan,WBB0087,SK JALAN HANG TUAH 2,JALAN HANG TUAH,KUALA LUMPUR,55200,0392214770,0392214770
97,WP KUALA LUMPUR,PPW BANGSAR PUDU,Kebangsaan,WBB0089,SK JALAN SUNGEI BESI 1,BT 3 3/4 JLN SG BESI.,KUALA LUMPUR,57100,0379835869,0379835863
98,WP KUALA LUMPUR,PPW BANGSAR PUDU,Kebangsaan,WBB0090,SK JALAN SUNGAI BESI 2,"BATU 3 3/4 , JALAN SUNGAI BESI,",KUALA LUMPUR,57100,0379813990,0379813990
99,WP KUALA LUMPUR,PPW BANGSAR PUDU,Kebangsaan,WBB0101,SK SERI SETIA,"BT 6 1/2, JLN KUCHAI LAMA",KUALA LUMPUR,58200,0379834382,0379814872
100,WP KUALA LUMPUR,PPW BANGSAR PUDU,Kebangsaan,WBB0107,SK SALAK SOUTH,TAMAN SALAK SELATAN,KUALA LUMPUR,57100,0390574020,0390574020
101,WP KUALA LUMPUR,PPW BANGSAR PUDU,Kebangsaan,WBB0213,SK (P) METHODIST (2) BRICKFIELDS (M),"JALAN TUN SAMBANTHAN 4, BRICKFIELDS",KUALA LUMPUR,50470,0322741965,0322721404
102,WP KUALA LUMPUR,PPW KERAMAT,Jenis Kebangsaan (C),WBC0117,SJK(C) CHUNG HWA 'P',"JALAN DAMAI OFF, JALAN AMPANG",KUALA LUMPUR,55000,0321486453,0321488831
103,WP KUALA LUMPUR,PPW KERAMAT,Jenis Kebangsaan (C),WBC0128,SJK(C) LAI MENG,"136, JALAN AMPANG",KUALA LUMPUR,50450,0321614010,0321630749
104,WP KUALA LUMPUR,PPW KERAMAT,Jenis Kebangsaan (C),WBC0130,SJK(C) MUN YEE,"JALAN MAWAR,SETAPAK",KUALA LUMPUR,53000,0340310631,0340228146
105,WP KUALA LUMPUR,PPW KERAMAT,Jenis Kebangsaan (C),WBC0132,SJK(C) NAN KAI,PERSIARAN RAJA CHULAN,KUALA LUMPUR,50200,0320725488,0320311488
106,WP KUALA LUMPUR,PPW KERAMAT,Jenis Kebangsaan (C),WBC0155,SJK(C) NAN YIK 'LEE RUBBER',"BATU 5, JLN GOMBAK",KUALA LUMPUR,53000,0340235651,0340236451
107,WP KUALA LUMPUR,PPW KERAMAT,Jenis Kebangsaan (T),WBD0171,SJK(T) FLETCHER,JALAN TUN RAZAK,KUALA LUMPUR,53200,0326935951,0326935951
108,WP KUALA LUMPUR,PPW KERAMAT,Kebangsaan,WBA0006,SK DATOK KERAMAT 1,KAMPONG DATOK KERAMAT,KUALA LUMPUR,54000,0342560061,0342602968
109,WP KUALA LUMPUR,PPW KERAMAT,Kebangsaan,WBA0007,SK DATOK KERAMAT 2,KAMPUNG DATOK KERAMAT,KUALA LUMPUR,54000,0342566711,0342566711
110,WP KUALA LUMPUR,PPW KERAMAT,Kebangsaan,WBA0008,SK POLIS DEPOT,JALAN SEMARAK,KUALA LUMPUR,54100,0326984954,0326934573
111,WP KUALA LUMPUR,PPW KERAMAT,Kebangsaan,WBA0010,SK SETAPAK,"JALAN CHAN CHIN MOOI, OFF JALAN PAHANG",KUALA LUMPUR,53200,0340236401,0340236401
112,WP KUALA LUMPUR,PPW KERAMAT,Kebangsaan,WBA0013,SK KAMPUNG BHARU,"JLN DATUK ABDUL RAZAK, KG BHARU",KUALA LUMPUR,50300,0326983557,0326945607
113,WP KUALA LUMPUR,PPW KERAMAT,Kebangsaan,WBA0015,SK WANGSA JAYA,"WANGSA MAJU, SEKSYEN 4",KUALA LUMPUR,53300,0341494455,0341436436
114,WP KUALA LUMPUR,PPW KERAMAT,Kebangsaan,WBA0016,SK WANGSA MAJU SEKSYEN 1,"BANDAR BARU WANGSA MAJU, SETAPAK,",KUALA LUMPUR,53300,0341493707,0341424392
115,WP KUALA LUMPUR,PPW KERAMAT,Kebangsaan,WBA0047,SK WANGSA MAJU SEKSYEN 2,"JALAN 4/27A, BANDAR BARU WANGSA MAJU",KUALA LUMPUR,53300,0341494545,0341439661
116,WP KUALA LUMPUR,PPW KERAMAT,Kebangsaan,WBA0048,SK PENDIDIKAN KHAS KG BAHARU,"JALAN RAJA ABDULLAH, KG. BAHARU",KUALA LUMPUR,50300,0326927141,0326941446
117,WP KUALA LUMPUR,PPW KERAMAT,Kebangsaan,WBA0053,SK AU KERAMAT,"JALAN 5/56, AU3",KUALA LUMPUR,54200,0341079639,0341073702
118,WP KUALA LUMPUR,PPW KERAMAT,Kebangsaan,WBA0058,SK SETIAWANGSA,"JALAN SETIAWANGSA 13, TAMAN SETIAWANGSA",KUALA LUMPUR,54200,0342528019,0342523628
119,WP KUALA LUMPUR,PPW KERAMAT,Kebangsaan,WBA0060,SK TAMAN SERI RAMPAI,"JALAN 67/26, TAMAN SRI RAMPAI, SETAPAK",KUALA LUMPUR,53300,0340242990,0340242990
120,WP KUALA LUMPUR,PPW KERAMAT,Kebangsaan,WBA0061,SK DESA TUN HUSSEIN ONN,"DESA TUN HUSSEIN ONN, JLN. JELATEK, KERAMAT",KUALA LUMPUR,54200,0341436808,0341493613
121,WP KUALA LUMPUR,PPW KERAMAT,Kebangsaan,WBA0062,SK WANGSA MELAWATI,JALAN GENTING KLANG,KUALA LUMPUR,53300,0341438188,0341435523
122,WP KUALA LUMPUR,PPW KERAMAT,Kebangsaan,WBA0063,SK JALAN RAJA MUDA,"JALAN RAJA MUDA ABDUL AZIZ,",KUALA LUMPUR,50300,0326938080,0326914452
123,WP KUALA LUMPUR,PPW KERAMAT,Kebangsaan,WBA0066,SK WANGSA MAJU ZON R10,SEKSYEN 10 WANGSA MAJU,KUALA LUMPUR,53300,0341420953,0341496494
124,WP KUALA LUMPUR,PPW KERAMAT,Kebangsaan,WBA0067,SK DESA SETAPAK,TAMAN DESA SETAPAK,KUALA LUMPUR,53300,0341426989,0341428815
125,WP KUALA LUMPUR,PPW KERAMAT,Kebangsaan,WBA0068,SK SETAPAK INDAH,"JLN 2/6, SETAPAK INDAH",KUALA LUMPUR,53100,0340211013,0340211915
126,WP KUALA LUMPUR,PPW KERAMAT,Kebangsaan,WBA0070,SK DANAU KOTA,"JALAN 2/23E, TAMAN DANAU KOTA",KUALA LUMPUR,53300,0340251730,0340251733
127,WP KUALA LUMPUR,PPW KERAMAT,Kebangsaan,WBA0090,SK TAMAN MELATI,"TAMAN MELATI,SETAPAK",KUALA LUMPUR,53100,0341084420,0341082473
128,WP KUALA LUMPUR,PPW KERAMAT,Kebangsaan,WBA0096,SK DANAU KOTA 2,LOT 21569 JALAN GENTING KLANG,KUALA LUMPUR,53300,0341498975,0341498957
129,WP KUALA LUMPUR,PPW KERAMAT,Kebangsaan,WBA0099,SK KEMENTAH,"JALAN LAKSAMANA, KEM KEMENTAH",KUALA LUMPUR,50634,0326915044,0326915068
130,WP KUALA LUMPUR,PPW KERAMAT,Kebangsaan,WBB0038,SK JALAN AIR PANAS,"JALAN AIR PANAS, SETAPAK",KUALA LUMPUR,53200,0340231405,0340243506
131,WP KUALA LUMPUR,PPW KERAMAT,Kebangsaan,WBB0048,SK CONVENT (1) BUKIT NANAS (M),JALAN BUKIT NANAS,KUALA LUMPUR,50250,0320725264,0320267510
132,WP KUALA LUMPUR,PPW KERAMAT,Kebangsaan,WBB0049,SK CONVENT (2) BUKIT NANAS,JALAN BUKIT NANAS,KUALA LUMPUR,50250,0320783824,0320265992
133,WP KUALA LUMPUR,PPW KERAMAT,Kebangsaan,WBB0055,SK MARIAN CONVENT SETAPAK (M),"JALAN AIR JERNIH,",KUALA LUMPUR,53200,0340236357,0340236357
134,WP KUALA LUMPUR,PPW KERAMAT,Kebangsaan,WBB0058,SK JALAN GURNEY 1,JALAN GURNEY SATU,KUALA LUMPUR,54000,0326988475,0326941946
135,WP KUALA LUMPUR,PPW KERAMAT,Kebangsaan,WBB0059,SK JALAN GURNEY 2,JALAN GURNEY SATU,KUALA LUMPUR,54000,0326922573,0326946162
136,WP KUALA LUMPUR,PPW KERAMAT,Kebangsaan,WBB0061,SK JALAN KUANTAN 1,JALAN KUANTAN,KUALA LUMPUR,53200,0340234671,0340253452
137,WP KUALA LUMPUR,PPW KERAMAT,Kebangsaan,WBB0062,SK JALAN KUANTAN 2,"JALAN KUANTAN,",KUALA LUMPUR,53200,0340235525,0340219571
138,WP KUALA LUMPUR,PPW KERAMAT,Kebangsaan,WBB0073,SK PADANG TEMBAK 1,JALAN SEMARAK,KUALA LUMPUR,54100,0326929910,0326945037
139,WP KUALA LUMPUR,PPW KERAMAT,Kebangsaan,WBB0074,SK PADANG TEMBAK 2,JALAN SEMARAK,KUALA LUMPUR,54100,0326921827,0326921827
140,WP KUALA LUMPUR,PPW KERAMAT,Kebangsaan,WBB0083,SK ST. JOHN 1 (M),JALAN BUKIT NANAS,KUALA LUMPUR,50250,0320781643,0320316418
141,WP KUALA LUMPUR,PPW KERAMAT,Kebangsaan,WBB0084,SK ST. JOHN 2 (M),JALAN BUKIT NANAS,KUALA LUMPUR,50250,0320781849,0320781725
142,WP KUALA LUMPUR,PPW SENTUL,Jenis Kebangsaan (C),WBC0113,SJK(C) CHI MAN,JALAN SENTUL,KUALA LUMPUR,51000,0340420135,0340420137
143,WP KUALA LUMPUR,PPW SENTUL,Jenis Kebangsaan (C),WBC0114,SJK(C) CHIAO NAN,"26-28, JALAN PAHANG",KUALA LUMPUR,53000,0340235589,0340254719
144,WP KUALA LUMPUR,PPW SENTUL,Jenis Kebangsaan (C),WBC0116,SJK(C) CHONG HWA,"JALAN PAHANG, SETAPAK,",KUALA LUMPUR,53000,0340235856,0340243563
145,WP KUALA LUMPUR,PPW SENTUL,Jenis Kebangsaan (C),WBC0119,SJK(C) CHUNG KWOK,"JALAN MERPATI, OFF JLN RAJA LAUT",KUALA LUMPUR,50350,0326985995,0326914018
146,WP KUALA LUMPUR,PPW SENTUL,Jenis Kebangsaan (C),WBC0123,SJK(C) KHAI CHEE,JALAN SEGAMBUT,KUALA LUMPUR,51200,0362585609,0362506536
147,WP KUALA LUMPUR,PPW SENTUL,Jenis Kebangsaan (C),WBC0127,SJK(C) LAI CHEE,"BATU 3 1/2, JLN IPOH, JLN VETHAVANAM",KUALA LUMPUR,51200,0362580655,0362521677
148,WP KUALA LUMPUR,PPW SENTUL,Jenis Kebangsaan (C),WBC0136,SJK(C) SENTUL,JALAN SENTUL,KUALA LUMPUR,51000,0340411485,0340424609
149,WP KUALA LUMPUR,PPW SENTUL,Jenis Kebangsaan (C),WBC0137,SJK(C) SENTUL PASAR,"JALAN KAMPUNG BANDAR DALAM, SENTUL",KUALA LUMPUR,51000,0340420306,0340420306
150,WP KUALA LUMPUR,PPW SENTUL,Jenis Kebangsaan (C),WBC0146,SJK(C) JINJANG TENGAH 1,"JALAN JINJANG PERMAI 8, JINJANG UTARA",KUALA LUMPUR,52000,0362589927,0362579152
151,WP KUALA LUMPUR,PPW SENTUL,Jenis Kebangsaan (C),WBC0147,SJK(C) JINJANG UTARA,"JALAN JINJANG DAMAI 10 , JINJANG UTARA",KUALA LUMPUR,52000,0362580027,0362506031
152,WP KUALA LUMPUR,PPW SENTUL,Jenis Kebangsaan (C),WBC0148,SJK(C) JINJANG SELATAN,"JALAN JAMBU GAJUS, JALAN KEPONG, JINJANG SELATAN",KUALA LUMPUR,52000,0362589018,0362586181
153,WP KUALA LUMPUR,PPW SENTUL,Jenis Kebangsaan (C),WBC0149,SJK(C) KEPONG 1,"JALAN BESAR KEPONG, BELAKANG BALAI POLIS KEPONG,",KUALA LUMPUR,52100,0362749745,0362725642
154,WP KUALA LUMPUR,PPW SENTUL,Jenis Kebangsaan (C),WBC0150,SJK(C) KEPONG 2,"JALAN BESAR KEPONG, BELAKANG BALAI POLIS KEPONG",KUALA LUMPUR,52100,0362749509,0362722425
155,WP KUALA LUMPUR,PPW SENTUL,Jenis Kebangsaan (C),WBC0154,SJK(C) MUN CHOONG,"KAMPUNG BATU, JALAN IPOH.",KUALA LUMPUR,51200,0362516643,0362529726
156,WP KUALA LUMPUR,PPW SENTUL,Jenis Kebangsaan (C),WBC0168,SJK(C) JINJANG TENGAH 2,"JALAN JINJANG PERMAI 8, JINJANG,",KUALA LUMPUR,52000,0362412461,0362412461
157,WP KUALA LUMPUR,PPW SENTUL,Jenis Kebangsaan (C),WBC0172,SJK(C) KEPONG 3,"1, JALAN SRI BINTANG UTAMA, DESA PARKCITY",KUALA LUMPUR,52200,0362735790,0362735948
158,WP KUALA LUMPUR,PPW SENTUL,Jenis Kebangsaan (T),WBD0168,SJK(T) APPAR,"JALAN MERPATI, OFF JALAN RAJA LAUT",KUALA LUMPUR,50350,0326984792,0326984792
159,WP KUALA LUMPUR,PPW SENTUL,Jenis Kebangsaan (T),WBD0175,SJK(T) SENTUL,JALAN SENTUL,KUALA LUMPUR,51000,0340416079,0340416079
160,WP KUALA LUMPUR,PPW SENTUL,Jenis Kebangsaan (T),WBD0176,SJK(T) ST. JOSEPH,JALAN SENTUL,KUALA LUMPUR,51000,0340419844,0340419844
161,WP KUALA LUMPUR,PPW SENTUL,Jenis Kebangsaan (T),WBD0177,SJK(T) THAMBOOSAMY PILLAI,JALAN CEMPEDAK.SENTUL.,KUALA LUMPUR,51000,0340422175,0340422175
162,WP KUALA LUMPUR,PPW SENTUL,Jenis Kebangsaan (T),WBD0184,SJK(T) LADANG EDINBURGH,"TAMAN BUKIT MALURI, JALAN BURUNG JAMPUK, KEPONG",KUALA LUMPUR,52100,0362731242,0362731242
163,WP KUALA LUMPUR,PPW SENTUL,Jenis Kebangsaan (T),WBD0192,SJK(T) SEGAMBUT,"JALAN UDANG KETAK, SEGAMBUT",KUALA LUMPUR,51200,0362527182,0362527182
164,WP KUALA LUMPUR,PPW SENTUL,Kebangsaan,WBA0009,SK SENTUL 1,"JALAN SENTUL PASAR,",KUALA LUMPUR,51000,0340420384,0340432543
165,WP KUALA LUMPUR,PPW SENTUL,Kebangsaan,WBA0014,SK TAMAN BUKIT MALURI,JALAN KASAWARI,KUALA LUMPUR,52100,0362742666,0362745489
166,WP KUALA LUMPUR,PPW SENTUL,Kebangsaan,WBA0020,SK KG SELAYANG,KAMPUNG SELAYANG LAMA,KUALA LUMPUR,68100,0361367472,0361367472
167,WP KUALA LUMPUR,PPW SENTUL,Kebangsaan,WBA0021,SK KG BATU,"BATU 4 1/2, JALAN IPOH,",KUALA LUMPUR,51200,0362589218,0362589218
168,WP KUALA LUMPUR,PPW SENTUL,Kebangsaan,WBA0022,SK SEGAMBUT,JALAN SEGAMBUT,KUALA LUMPUR,51200,0362580832,0362579596
169,WP KUALA LUMPUR,PPW SENTUL,Kebangsaan,WBA0041,SK SENTUL 2,JALAN SENTUL,KUALA LUMPUR,51000,0340427858,0340453927
170,WP KUALA LUMPUR,PPW SENTUL,Kebangsaan,WBA0046,SK BANDAR BARU SENTUL,JLN 1A/41 BANDAR BARU SENTUL,KUALA LUMPUR,51000,0340413911,0340438073
171,WP KUALA LUMPUR,PPW SENTUL,Kebangsaan,WBA0049,SK PENDIDIKAN KHAS JLN BATU (B),JLN RAJA LAUT,KUALA LUMPUR,50350,0326921261,0326941473
172,WP KUALA LUMPUR,PPW SENTUL,Kebangsaan,WBA0054,SK SERI PERAK,"JALAN 1A/48A, BANDAR BARU SENTUL,",KUALA LUMPUR,51000,0340417696,0340451958
173,WP KUALA LUMPUR,PPW SENTUL,Kebangsaan,WBA0056,SK TAMAN KOPERASI POLIS,"TAMAN KOPERASI POLIS FASA 2, BATU CAVES",KUALA LUMPUR,68100,0361871880,0361875881
174,WP KUALA LUMPUR,PPW SENTUL,Kebangsaan,WBA0059,SK TAMAN KEPONG,"JALAN KELICAP, KEPONG BARU",KUALA LUMPUR,52100,0362756122,0362756122
175,WP KUALA LUMPUR,PPW SENTUL,Kebangsaan,WBA0064,SK MENJALARA,"BANDAR MENJALARA, KEPONG",KUALA LUMPUR,52100,0362760669,0362774582
176,WP KUALA LUMPUR,PPW SENTUL,Kebangsaan,WBA0065,SK TAMAN SERI SINAR,"JALAN 6/38A, TAMAN SRI SINAR",KUALA LUMPUR,51200,0362724815,0362724815
177,WP KUALA LUMPUR,PPW SENTUL,Kebangsaan,WBA0072,SK SERI MURNI,TAMAN SERI MURNI BATU CAVES,KUALA LUMPUR,68100,0361379832,0361384305
178,WP KUALA LUMPUR,PPW SENTUL,Kebangsaan,WBA0077,SK SERI NILAM,TAMAN KOPERASI POLIS FASA 2,KUALA LUMPUR,68100,0361854178,0361854179
179,WP KUALA LUMPUR,PPW SENTUL,Kebangsaan,WBA0079,SK SERI KEPONG,"JLN LANG PERUT PUTIH 9 ,TAMAN KEPONG BARU TAMBAHAN",KUALA LUMPUR,52100,0362726224,0362722543
180,WP KUALA LUMPUR,PPW SENTUL,Kebangsaan,WBA0086,SK INTAN BAIDURI,"JALAN INTAN BAIDURI 5D, TAMAN INTAN BAIDURI",KUALA LUMPUR,52100,0361381677,0361387421
181,WP KUALA LUMPUR,PPW SENTUL,Kebangsaan,WBA0089,SK KIARAMAS,PERSIARAN DUTAMAS,KUALA LUMPUR,50480,0362013697,0362012375
182,WP KUALA LUMPUR,PPW SENTUL,Kebangsaan,WBA0091,SK SEGAMBUT MAKMUR,JALAN 2/60A  TAMAN DESA SEGAMBUT,KUALA LUMPUR,51200,0362572795,0362515618
183,WP KUALA LUMPUR,PPW SENTUL,Kebangsaan,WBA0094,SK SENTUL UTAMA,BATU 2 1/2 JALAN IPOH,KUALA LUMPUR,51200,0340432599,0340432601
184,WP KUALA LUMPUR,PPW SENTUL,Kebangsaan,WBA0095,SK BATU MUDA,"PPR BATU MUDA, JALAN IPOH",KUALA LUMPUR,51200,0362595642,0362595644
185,WP KUALA LUMPUR,PPW SENTUL,Kebangsaan,WBA0097,SK TIARA PERMAI,"JALAN 8/18A, TAMAN MASTIARA, BATU 5, JALAN IPOH",KUALA LUMPUR,51200,0362500412,0362500429
186,WP KUALA LUMPUR,PPW SENTUL,Kebangsaan,WBB0039,SK (L) JALAN BATU,JALAN RAJA LAUT,KUALA LUMPUR,50350,0326985272,0326985272
187,WP KUALA LUMPUR,PPW SENTUL,Kebangsaan,WBB0041,SK (P) JALAN BATU,JLN SULTAN ISMAIL,KUALA LUMPUR,50350,0326949941,0326949941
188,WP KUALA LUMPUR,PPW SENTUL,Kebangsaan,WBB0053,SK CONVENT SENTUL 1 (M),"JALAN TANAH LAPANG, SENTUL",KUALA LUMPUR,51000,0340419288,0340458982
189,WP KUALA LUMPUR,PPW SENTUL,Kebangsaan,WBB0054,SK CONVENT SENTUL 2 (M),"JALAN TANAH LAPANG, SENTUL",KUALA LUMPUR,51000,0340411149,0340438577
190,WP KUALA LUMPUR,PPW SENTUL,Kebangsaan,WBB0069,SK LA SALLE (1) SENTUL,JALAN SENTUL,KUALA LUMPUR,51000,0340443196,0340443196
191,WP KUALA LUMPUR,PPW SENTUL,Kebangsaan,WBB0070,SK LA SALLE SENTUL 2 (M),JALAN SENTUL,KUALA LUMPUR,51000,0340418406,0340418406
192,WP KUALA LUMPUR,PPW SENTUL,Kebangsaan,WBB0072,SK (L) METHODIST SENTUL,JALAN SENTUL,KUALA LUMPUR,51000,0340420692,0340454975
193,WP KUALA LUMPUR,PPW SENTUL,Kebangsaan,WBB0085,SK ST. MARY,"JALAN INTAN BAIDURI 5D, TAMAN INTAN BAIDURI",KUALA LUMPUR,52100,0361381258,0361381334
194,WP KUALA LUMPUR,PPW SENTUL,Kebangsaan,WBB0088,SK SRI DHANDAYUTHAPANI,"BATU 2 1/2, JALAN IPOH",KUALA LUMPUR,51200,0340415434,0340425434
195,WP KUALA LUMPUR,PPW SENTUL,Kebangsaan,WBB0097,SK (1) BATU 4 JALAN IPOH,"BT 4 1/2 , JLN IPOH",KUALA LUMPUR,51200,0362583040,0362508905
196,WP KUALA LUMPUR,PPW SENTUL,Kebangsaan,WBB0098,SK SERI DELIMA,KAMPUNG BATU JALAN IPOH,KUALA LUMPUR,52000,0362582345,0362582345
197,WP KUALA LUMPUR,PPW SENTUL,Kebangsaan,WBB0103,SK LA SALLE 1 JINJANG,"EAST ROAD, JINJANG UTARA",KUALA LUMPUR,52000,0362581405,0362581405
198,WP KUALA LUMPUR,PPW SENTUL,Kebangsaan,WBB0113,SK KEPONG BARU,"JALAN API-API EMPAT,KEPONG BARU",KUALA LUMPUR,52100,0362583469,0362583469
199,WP KUALA LUMPUR,PPW SENTUL,Kebangsaan,WBB0215,SK (2) BATU 4 JALAN IPOH,"BATU 4, JALAN IPOH",KUALA LUMPUR,51200,0362581587,0362581587
200,WP KUALA LUMPUR,PPW SENTUL,Kebangsaan,WBB0217,SK LA SALLE 2 JINJANG (M),"EAST ROAD, JINJANG UTARA",KUALA LUMPUR,52000,0362515908,0362515908
