NO,MSG,KEMENTERIAN,JABATAN,PTJ,TARIKH_IKLAN,TAKLIMAT,TARIKH_TUTUP,PERIHAL,KOD
X0101010100140006,"",JABATAN PERDANA MENTERI,SURUHANJAYA PILIHANRAYA,SURUHANJAYA PILIHANRAYA MALAYSIA,08/10/2014,Tiada,15/10/2014 12:00 PM,PERKHIDMATAN MEMBANGUNKAN SISTEM PENGURUSAN DOKUMEN SECARA ELEKTRONIK (EDMS) UNTUK SURUHANJAYA PILIHAN RAYA MALAYSIA,"210102,210103,210104"
X0111010501140028,"",JABATAN PERDANA MENTERI,JABATAN PERDANA MENTERI,BIRO TATANEGARA JABATAN PERDANA MENTERI,26/09/2014,Ada,08/10/2014 12:00 PM,"SEBUT HARGA BAGI PERKHIDMATAN MEMBEKAL MAKANAN BERMASAK ISLAM DI KEM BINA NEGARA ULU SEPRI, NEGERI SEMBILAN (BTN/IP/S/46/2014)",040103
X0111020101140001,"",JABATAN PERDANA MENTERI,JABATAN PERDANA MENTERI,IBU PEJABAT-UNIT PERANCANG EKONOMI-JPM,24/09/2014,Ada,14/10/2014 12:00 PM,"PERKHIDMATAN PENYEWAAN, MENGHANTAR DAN MENYELENGGARA POKOK HIASAN PASUAN DALAM BANGUNAN SECARA BERKALA DI BLOK B5 DAN B6 UNIT PERANCANG EKONOMI, JABATAN PERDANA MENTERI, PUTRAJAYA",221401
X0111020101140002,"",JABATAN PERDANA MENTERI,JABATAN PERDANA MENTERI,IBU PEJABAT-UNIT PERANCANG EKONOMI-JPM,24/09/2014,Ada,15/10/2014 12:00 PM,"PERKHIDMATAN PENYELENGGARAAN DAN PEMULIHAN PERKAKASAN DAN PERISIAN BAGI SISTEM E-MEL UNTUK TEMPOH DUA (2) TAHUN DI UNIT PERANCANG EKONOMI, JABATAN PERDANA MENTERI","210101,210102,210103,210105,210107"
X0111030101140019,"",JABATAN PERDANA MENTERI,JABATAN PERDANA MENTERI,PEJABAT KETUA PENGARAH,02/10/2014,Tiada,10/10/2014 12:00 PM,PERKHIDMATAN PEMBAHARUAN LESEN SERTA KHIDMAT SOKONGAN PERISIAN IBM WORKLIGHT DI ICU JPM-ICU/JPM/BKP/013/2014,"210102,210103,210107"
X0111112112140013,"Dibatalkan pada 23/09/2014, 12:44 PM",JABATAN PERDANA MENTERI,JABATAN PERDANA MENTERI,PUSAT PEMBAYARAN MAHKAMAH SELANGOR,23/09/2014,Ada,08/10/2014 12:00 PM,PERKHIDMATAN PEMBERSIHAN / PENCUCIAN DALAM DAN LUAR BANGUNAN SERTA PENYELENGGARAAN LANDSKAP DAN KAWASAN SEKITAR DI MAHKAMAH SESYEN/MAJISTRET BANDAR BARU BANGI BAGI TEMPOH DUA (2) TAHUN,"221001,221002"
X0111112112140014,"",JABATAN PERDANA MENTERI,JABATAN PERDANA MENTERI,PUSAT PEMBAYARAN MAHKAMAH SELANGOR,23/09/2014,Ada,08/10/2014 12:00 PM,PERKHIDMATAN PEMBERSIHAN / PENCUCIAN DALAM DAN LUAR BANGUNAN SERTA PENYELENGGARAAN LANDSKAP DAN KAWASAN SEKITAR DI MAHKAMAH MAJISTRET KUALA SELANGOR BAGI TEMPOH DUA (2) TAHUN,"221001,221002"
X0111112112140015,"",JABATAN PERDANA MENTERI,JABATAN PERDANA MENTERI,PUSAT PEMBAYARAN MAHKAMAH SELANGOR,23/09/2014,Ada,08/10/2014 12:00 PM,PERKHIDMATAN PEMBERSIHAN / PENCUCIAN DALAM DAN LUAR BANGUNAN SERTA PENYELENGGARAAN LANDSKAP DAN KAWASAN SEKITAR DI BANGUNAN TAMBAHAN DI KOMPLEKS MAHKAMAH SESYEN/MAJISTRET KLANG BAGI TEMPOH TIGA BELAS (13) BULAN,"221001,221002"
X0111112112140016,"",JABATAN PERDANA MENTERI,JABATAN PERDANA MENTERI,PUSAT PEMBAYARAN MAHKAMAH SELANGOR,23/09/2014,Ada,08/10/2014 12:00 PM,PERKHIDMATAN PEMBERSIHAN / PENCUCIAN DALAM DAN LUAR BANGUNAN SERTA PENYELENGGARAAN LANDSKAP DAN KAWASAN SEKITAR DI MAHKAMAH SESYEN / MAJISTRET BANDAR BARU BANGI BAGI TEMPOH DUA (2) TAHUN,"221001,221002"
X0111200101140009,"",JABATAN PERDANA MENTERI,JABATAN PERDANA MENTERI,INSTITIUT LATIHAN KEHAKIMAN&PERUNDANGAN,26/09/2014,Tiada,10/10/2014 12:00 PM,"Perkhidmatan Membekal, Menghantar dan Memasang Perabot Bilik Kuliah di ILKAP",020101
X0111200101140010,"",JABATAN PERDANA MENTERI,JABATAN PERDANA MENTERI,INSTITIUT LATIHAN KEHAKIMAN&PERUNDANGAN,01/10/2014,Tiada,10/10/2014 12:00 PM,"Perkhidmatan Membekal, Memasang, Menguji dan Mentauliah Kemudahan Wifi Di ILKAP",210105
X0112010101140027,"",JABATAN PERDANA MENTERI,JABATAN PERKHIDMATAN AWAM,JPA-PENTADBIRAN IBU PEJABAT,30/09/2014,Ada,09/10/2014 12:00 PM,Sebut Harga Perkhidmatan Ejen Pelancongan Bagi Program Pertukaran Belia Malaysia-Korea Tahun 2014: Program Pegawai Korea di Malaysia,221307
X0112010101140028,"",JABATAN PERDANA MENTERI,JABATAN PERKHIDMATAN AWAM,JPA-PENTADBIRAN IBU PEJABAT,30/09/2014,Ada,09/10/2014 12:00 PM,"Sebut Harga Perkhidmatan Bantuan Teknikal Microsoft 2014 Bahagian Pengurusan Maklumat (BPM), Jabatan Perkhidmatan Awam (JPA)","210103,210104,210105,210106"
X0115011100140022,"",JABATAN PERDANA MENTERI,SURUHANJAYA PENCEGAHAN RASUAH MALAYSIA,IBU PEJABAT SPRM PUTRAJAYA,24/09/2014,Tiada,09/10/2014 12:00 PM,"SEBUT HARGA PENAIKTARAFAN, PENYELENGGARAAN DAN KONFIGURASI PERALATAN PELINDUNG KESELAMATAN APLIKASI WEB (WEB APPLICATION FIREWALL)","210101,210102,210103,210104,210105,210106"
X0115011100140023,"",JABATAN PERDANA MENTERI,SURUHANJAYA PENCEGAHAN RASUAH MALAYSIA,IBU PEJABAT SPRM PUTRAJAYA,26/09/2014,Ada,09/10/2014 12:00 PM,"SEBUT HARGA BAGI MENYELENGGARA, MENGUJI, MENYEDIA, MEMASANG DAN MENTAULIAH PENAMBAHBAIKAN MODUL DOCUFLO SISTEM IMAGING DOKUMEN TERPERINGKAT BAGI IBU PEJABAT SURUHANJAYA PENCEGAHAN RASUAH MALAYSIA (SPRM)","210103,210104"
X0141110101140016,"",KEMENTERIAN PERUMAHAN DAN KERAJAAN TEMPATAN,KEM PERUMAHAN & KERAJAAN TEMPATAN,KPKT MALAYSIA,02/10/2014,Tiada,15/10/2014 12:00 PM,"SEBUT HARGA KPKT BA SH 1/2014 BAGI MEMBEKAL, MEMASANG, MENGUJI DAN MENTAULIAH PERALATAN ICT BAGI PELAKSANAAN PROJEK SISTEM PERAKAUNAN AKRUAN KERAJAAN PERSEKUTUAN (1GFMAS) DAN ePEROLEHAN (eP) NEXTGEN DI BAHAGIAN AKAUN, KEMENTERIAN KESEJAHTERAAN BANDAR, PERUMAHAN DAN KERAJAAN TEMPATAN (KPKT)","210101,210102,210103"
X0143010200140065,"",KEMENTERIAN PERUMAHAN DAN KERAJAAN TEMPATAN,JABATAN BOMBA DAN PENYELAMAT MALAYSIA,PEJ KEW I.PEJABAT BOMBA & PENYELAMAT MY,29/09/2014,Ada,08/10/2014 12:00 PM,"MEMBEKAL, MENGHANTAR, MENGUJI DAN PENERIMAAN DUA PULUH EMPAT (24) UNIT ‘PORTABLE BARCODE SCANNER’ KEPADA JABATAN BOMBA DAN PENYELAMAT MALAYSIA",020302
X0143010200140067,"",KEMENTERIAN PERUMAHAN DAN KERAJAAN TEMPATAN,JABATAN BOMBA DAN PENYELAMAT MALAYSIA,PEJ KEW I.PEJABAT BOMBA & PENYELAMAT MY,07/10/2014,Tiada,14/10/2014 12:00 PM,"MEMBEKAL, MENGHANTAR, MENGUJI, DAN PENERIMAAN EMPAT BELAS (14) SET ‘MASS DECONTAMINATION TENT’ UNTUK JABATAN BOMBA DAN PENYELAMAT, MALAYSIA.",120401
X0143060100140019,"",KEMENTERIAN PERUMAHAN DAN KERAJAAN TEMPATAN,JABATAN BOMBA DAN PENYELAMAT MALAYSIA,IBU PEJABAT BOMBA DAN PENYELAMAT SEL,30/09/2014,Ada,08/10/2014 12:00 PM,PEMBEKALAN MAKANAN BERMASAK ISLAM BAGI KURSUS ‘EMERGENCY MEDICAL AND TRAUMA TECHNICIAN (BASIC & REFRESHER)’ UNTUK JABATAN BOMBA DAN PENYELAMAT MALAYSIA NEGERI SELANGOR TAHUN 2014,040103
X0143062000140003,"",KEMENTERIAN PERUMAHAN DAN KERAJAAN TEMPATAN,JABATAN BOMBA DAN PENYELAMAT MALAYSIA,PST LATIHAN BOMBA KUALA KUBU BHARU SEL,03/10/2014,Ada,15/10/2014 12:00 PM,seperti di lampiran spek,030401
X0143080100140021,"",KEMENTERIAN PERUMAHAN DAN KERAJAAN TEMPATAN,JABATAN BOMBA DAN PENYELAMAT MALAYSIA,PERKHIDMATAN BOMBA NEGERISEMBILAN,30/09/2014,Ada,14/10/2014 12:00 PM,"MEMBEKAL DAN MEMASANG PERABOT 'LOOSE FURNITURE' JENIS FABRIK DI PUSAT PERANCANGAN DAN PENYELIDIKAN (R&D) IBU PEJABAT JABATAN BOMBA DAN PENYELAMAT MALAYSIA, ENSTEK NEGERI SEMBILAN.",020101
X0143080100140023,"",KEMENTERIAN PERUMAHAN DAN KERAJAAN TEMPATAN,JABATAN BOMBA DAN PENYELAMAT MALAYSIA,PERKHIDMATAN BOMBA NEGERISEMBILAN,30/09/2014,Ada,14/10/2014 12:00 PM,"MEMBEKAL DAN MEMASANG PERABOT 'LOOSE FURNITURE' JENIS BESI DI PUSAT PERANCANGAN DAN PENYELIDIKAN (R&D) IBU PEJABAT JABATAN BOMBA DAN PENYELAMAT MALAYSIA, ENSTEK, NEGERI",020101
X0143080100140024,"",KEMENTERIAN PERUMAHAN DAN KERAJAAN TEMPATAN,JABATAN BOMBA DAN PENYELAMAT MALAYSIA,PERKHIDMATAN BOMBA NEGERISEMBILAN,30/09/2014,Ada,14/10/2014 12:00 PM,"MEMBEKAL DAN MEMASANG PERABOT 'LOOSE FURNITURE' JENIS KAYU DI PUSAT PERANCANGAN DAN PENYELIDIKAN (R&D) IBU PEJABAT JABATAN BOMBA DAN PENYELAMAT MALAYSIA, ENSTEK, NEGERI SEMBILAN",020101
X0143080100140025,"",KEMENTERIAN PERUMAHAN DAN KERAJAAN TEMPATAN,JABATAN BOMBA DAN PENYELAMAT MALAYSIA,PERKHIDMATAN BOMBA NEGERISEMBILAN,01/10/2014,Ada,14/10/2014 12:00 PM,"KERJA-KERJA PENAMBAHBAIKAN TINGKAP BANGUNAN DENGAN MEMASANG 'CURTAIN BLINDS' SERTA KERJA-KERJA BERKAITAN DI PUSAT PERANCANGAN DAN PENYELIDIKAN, JABATAN BOMBA DAN PENYELAMAT MALAYSIA",020102
X0143112000140021,"",KEMENTERIAN PERUMAHAN DAN KERAJAAN TEMPATAN,JABATAN BOMBA DAN PENYELAMAT MALAYSIA,AKADEMI BOMBA & PYLMT MY WAKAF TAPAI TRG,29/09/2014,Tiada,08/10/2014 12:00 PM,"MEMBEKAL DAN MENGHANTAR AKSESORI UNIFORM BIRU BOMBA KEPADA AKADEMI BOMBA DAN PENYELAMAT MALAYSIA WAKAF TAPAI MARANG TERENGGANU (BAJU T INNER BIRU,COLLAR DOT,SHOULDER TITLE DAN TANDA NAMA BERMAGNET)","020802,020804"
X0143112000140022,"",KEMENTERIAN PERUMAHAN DAN KERAJAAN TEMPATAN,JABATAN BOMBA DAN PENYELAMAT MALAYSIA,AKADEMI BOMBA & PYLMT MY WAKAF TAPAI TRG,01/10/2014,Tiada,12/10/2014 12:00 PM,"PERKHIDMATAN MEREKABENTUK, MENCETAK DAN KEKEMASAN UNTUK 13 TAJUK NOTA KURSUS SEMASA YANG BERLAINAN DAN MENGHANTARNYA KE AKADEMI BOMBA DAN PENYELAMAT MALAYSIA WAKAF TAPAI MARANG TERENGGANU","221601,221613"
X0171401041140004,"",KEM PERTANIAN DAN INDUSTRI ASAS TANI,KEM PERTANIAN DAN INDUSTRI ASAS TANI,PERANCANGAN& KOMUNIKASI TM,02/10/2014,Tiada,09/10/2014 12:00 PM,PEMBANGUNAN PADDY LABEL SEED MANAGEMENT SYSTEM (PLASM),210104
X0171701021140004,"Dibatalkan pada 02/10/2014, 11:08 AM",KEM PERTANIAN DAN INDUSTRI ASAS TANI,KEM PERTANIAN DAN INDUSTRI ASAS TANI,PEJABAT PERIKANAN NEGERI KEDAH,30/09/2014,Tiada,13/10/2014 12:00 PM,"MEMBEKAL DAN MENGHANTAR BOT JENIS GENTIAN KACA DAN ENJIN SANGKUT SERTA AKSESORI-AKSESORI YANG BERKAITAN UNTUK PROJEK TERNAKAN GAMAT BERSEPADU LANGKAWI, KEDAH DARUL AMAN","110601,110701"
X0171701021140005,"",KEM PERTANIAN DAN INDUSTRI ASAS TANI,KEM PERTANIAN DAN INDUSTRI ASAS TANI,PEJABAT PERIKANAN NEGERI KEDAH,02/10/2014,Tiada,16/10/2014 12:00 PM,"MEMBEKAL DAN MENGHANTAR BOT JENIS GENTIAN KACA DAN ENJIN SANGKUT SERTA AKSESORI-AKSESORI YANG BERKAITAN UNTUK PROJEK TERNAKAN GAMAT BERSEPADU LANGKAWI, KEDAH DARUL AMAN","110601,110701"
X0171901021140001,"",KEM PERTANIAN DAN INDUSTRI ASAS TANI,KEM PERTANIAN DAN INDUSTRI ASAS TANI,PEJABAT MAQIS WILAYAH TENGAH KLIA,22/09/2014,Ada,08/10/2014 12:00 PM,"PERKHIDMATAN MEMBERSIH, MENYELENGGARA DAN MENCUCI KAWASAN DI DALAM DAN DI LUAR BANGUNAN KOMPLEKS MAQIS KLIA, JALAN PEKELILING 4, ZON SELATAN 64000 SEPANG, SELANGOR Dikemaskini pada 22/09/2014, 16:19 PM","221001,221002,221003"
X0191310000140006,"",KEM BELIA DAN SUKAN,KEM BELIA DAN SUKAN,"IKBN JITRA, KEDAH",29/09/2014,Tiada,12/10/2014 12:00 PM,"SEBUTHARGA BAGI PERKHIDMATAN MEMBEKAL DAN MENGHANTAR BAHAN LATIHAN JURUSAN REKAAN BATIK, JABATAN TEKNOLOGI TEKSTIL, INSTITUT KEMAHIRAN BELIA NEGARA JITRA, KEDAH","020701,060102"
X0191310000140007,"",KEM BELIA DAN SUKAN,KEM BELIA DAN SUKAN,"IKBN JITRA, KEDAH",29/09/2014,Tiada,12/10/2014 12:00 PM,"SEBUTHARGA BAGI PERKHIDMATAN MEMBEKAL DAN MENGHANTAR BAHAN LATIHAN JURUSAN JURUSAN JAHITAN PAKAIAN WANITA, JABATAN TEKNOLOGI TEKSTIL, INSTITUT KEMAHIRAN BELIA NEGARA JITRA, KEDAH","020701,021001"
X0201120101140044,"",KEM PERTAHANAN,KEM PERTAHANAN,BHG PEMB,17/09/2014,Ada,09/10/2014 12:00 PM,"PERKHIDMATAN MEMOTONG RUMPUT DAN MENCUCI LONGKANG DI MARKAS 2 DIVISYEN, KEM TUN RAZAK, PULAU PINANG.KEHADIRAN KE TAKLIMAT TAPAK ADALAH DIWAJIBKAN.SEKIRANYA WAKIL SAHAJA YANG HADIR, SILA BAWA BERSAMA SURAT WAKIL",221002
X0201120501140219,"",KEM PERTAHANAN,KEM PERTAHANAN,BHG PEROLEHAN,15/09/2014,Ada,08/10/2014 12:00 PM,"PERKHIDMATAN PEMUNGUTAN SAMPAH DAN PEMBERSIHAN TONG SAMPAH DI MARKAS STESTEN STAF IPOH, PERAK",221003
X0201120501140224,"",KEM PERTAHANAN,KEM PERTAHANAN,BHG PEROLEHAN,29/09/2014,Tiada,08/10/2014 12:00 PM,"PEROLEHAN MEMBEKAL, MENGHANTAR, MENGUJI DAN MENTAULIAH LIMA (05) UNIT TACTICAL PARA-MOTOR GLIDER (TPMG) UNTUK PASKAU TUDM",120502
X0201120501140225,"",KEM PERTAHANAN,KEM PERTAHANAN,BHG PEROLEHAN,01/10/2014,Tiada,15/10/2014 12:00 PM,MEMBEKAL DAN MENGHANTAR BADGES METAL FOR BERET UNTUK PEGAWAI DAN ANGGOTA LLP TENTERA LAUT DIRAJA MALAYSIA (TLDM),020899
X0211150801140033,"",KEMENTERIAN PENDIDIKAN MALAYSIA,KEM PELAJARAN,Sektor Pengajian Tinggi,02/10/2014,Tiada,09/10/2014 12:00 PM,Sebut Harga Bagi Bagi Membekal Dan Menghantar Kertas Putih Bersaiz A4 80 Gsm Untuk Kementerian Pendidikan Malaysia,010201
X0211150801140034,"",KEMENTERIAN PENDIDIKAN MALAYSIA,KEM PELAJARAN,Sektor Pengajian Tinggi,02/10/2014,Tiada,10/10/2014 12:00 PM,"Sebut Harga Mengurus, Membekal,Menghantar,Memasang,Mentauliah, Menguji Dan Menyelenggara Sambungan Ke Rangkaian MYIX Untuk MYREN (MALAYSIAN RESEARCH AND EDUCATION NETWORK) Sektor Pengajian Tinggi, Kementerian Pendidikan Malaysia Tahun 2014.",210105
X0211150801140035,"",KEMENTERIAN PENDIDIKAN MALAYSIA,KEM PELAJARAN,Sektor Pengajian Tinggi,02/10/2014,Tiada,14/10/2014 12:00 PM,SEBUT HARGA BAGI MEREKA BENTUK DAN MENCETAK ITEM-ITEM PUBLISITI (BANNER DAN BUNTING) DI KARNIVAL/ PROGRAM RASMI UNTUK KEMENTERIAN PENDIDIKAN MALAYSIA,"221603,221604"
X0211151501140001,"",KEMENTERIAN PENDIDIKAN MALAYSIA,KEM PELAJARAN,Akademi Kepimpinan Pengajian Tinggi (AKEPT),29/09/2014,Tiada,08/10/2014 12:00 PM,"SEBUT HARGA BAGI MEMBEKAL, MEMASANG, MENGUJI, MENTAULIAH, MENYELENGGARA PERKAKASAN WIRELESS CONTROLLER DAN ACCESS POINT (AKEPT/SH/01/2014) UNTUK AKADEMI KEPIMPINAN PENGAJIAN TINGGI (AKEPT)",210105
X0211220304140003,"",KEMENTERIAN PENDIDIKAN MALAYSIA,KEM PELAJARAN,IPG KAMPUS RAJA MELEWAR,08/10/2014,Tiada,15/10/2014 12:00 PM,SEBUTHARGA MEMBEKAL DAN MENCETAK ALBUM FOLDER SERTA SKROL SEMPENA KONVOKESYEN SESI NOVEMBER 2014 INSTITUT PENDIDIKAN GURU MALAYSIA,"030201,221602"
X0211220318140005,"",KEMENTERIAN PENDIDIKAN MALAYSIA,KEM PELAJARAN,IPG KAMPUS PENDIDIKAN TEKNIK,01/10/2014,Tiada,08/10/2014 12:00 PM,PERKHIDMATAN DAN PENGURUSAN JUBAH KONVOKESYEN SEMPENA KONVOKESYEN DIPLOMA PENDIDIKAN DAN DIPLOMA PERGURUAN MALAYSIA INSTITUT PENDIDIKAN GURU MALAYSIA,222302
X0211220501140023,"",KEMENTERIAN PENDIDIKAN MALAYSIA,KEM PELAJARAN,BAHAGIAN BUKU TEKS,18/07/2014,Ada,10/03/2015 12:00 PM,"Sebut Harga Bagi Menerbit, Mencetak dan Membekal Buku Teks Kurikulum Standard Sekolah Rendah (KSSR) Tahun 6 Pembekalan Mulai Tahun 2015 (Kegunaan Mulai Tahun 2016)",010102
X0211220501140024,"",KEMENTERIAN PENDIDIKAN MALAYSIA,KEM PELAJARAN,BAHAGIAN BUKU TEKS,18/07/2014,Ada,10/03/2015 12:00 PM,"Sebut Harga Bagi Menerbit, Mencetak dan Membekal Buku Teks Kurikulum Standard Sekolah Rendah (KSSR) Tahun 6 Pembekalan Mulai Tahun 2015 (Kegunaan Mulai Tahun 2016)SEBUT HARGA PP/14/2014PENDIDIKAN SENI VISUAL TAHUN 6 SJKT",010102
X0211220501140025,"",KEMENTERIAN PENDIDIKAN MALAYSIA,KEM PELAJARAN,BAHAGIAN BUKU TEKS,18/07/2014,Ada,10/03/2015 12:00 PM,"Sebut Harga Bagi Menerbit, Mencetak dan Membekal Buku Teks Kurikulum Standard Sekolah Rendah (KSSR) Tahun 6 Pembekalan Mulai Tahun 2015 (Kegunaan Mulai Tahun 2016)SEBUT HARGA PP/15/2014 PENDIDIKAN MUZIK TAHUN 6 SJKT",010102
X0211220501140026,"",KEMENTERIAN PENDIDIKAN MALAYSIA,KEM PELAJARAN,BAHAGIAN BUKU TEKS,18/07/2014,Ada,10/03/2015 12:00 PM,"Sebut Harga Bagi Menerbit, Mencetak dan Membekal Buku Teks Kurikulum Standard Sekolah Rendah (KSSR) Tahun 6 Pembekalan Mulai Tahun 2015 (Kegunaan Mulai Tahun 2016)",010102
X0211220501140027,"",KEMENTERIAN PENDIDIKAN MALAYSIA,KEM PELAJARAN,BAHAGIAN BUKU TEKS,18/07/2014,Ada,10/03/2015 12:00 PM,"Sebut Harga Bagi Menerbit, Mencetak dan Membekal Buku Teks Kurikulum Standard Sekolah Rendah (KSSR) Tahun 6 Pembekalan Mulai Tahun 2015 (Kegunaan Mulai Tahun 2016)SEBUT HARGA PP/16/2014REKA BENTUK DAN TEKNOLOGI TAHUN 6 SJKT",010102
X0211220501140028,"",KEMENTERIAN PENDIDIKAN MALAYSIA,KEM PELAJARAN,BAHAGIAN BUKU TEKS,18/07/2014,Ada,10/03/2015 12:00 PM,"Sebut Harga Bagi Menerbit, Mencetak dan Membekal Buku Teks Kurikulum Standard Sekolah Rendah (KSSR) Tahun 6 Pembekalan Mulai Tahun 2015 (Kegunaan Mulai Tahun 2016)SEBUT HARGA PP/10/2014SAINS TAHUN 6 SJKT",010102
X0211220501140029,"",KEMENTERIAN PENDIDIKAN MALAYSIA,KEM PELAJARAN,BAHAGIAN BUKU TEKS,18/07/2014,Ada,10/03/2015 12:00 PM,"Sebut Harga Bagi Menerbit, Mencetak dan Membekal Buku Teks Kurikulum Standard Sekolah Rendah (KSSR) Tahun 6 Pembekalan Mulai Tahun 2015 (Kegunaan Mulai Tahun 2016)SEBUT HARGA PP/17/2014TEKNOLOGI MAKLUMAT DAN KOMUNIKASI TAHUN 6 SJKT",010102
X0211220501140030,"",KEMENTERIAN PENDIDIKAN MALAYSIA,KEM PELAJARAN,BAHAGIAN BUKU TEKS,18/07/2014,Ada,10/03/2015 12:00 PM,"Sebut Harga Bagi Menerbit, Mencetak dan Membekal Buku Teks Kurikulum Standard Sekolah Rendah (KSSR) Tahun 6 Pembekalan Mulai Tahun 2015 (Kegunaan Mulai Tahun 2016)SEBUT HARGA PP/11/2014PENDIDIKAN MORAL TAHUN 6 SJKT",010102
X0211220501140032,"",KEMENTERIAN PENDIDIKAN MALAYSIA,KEM PELAJARAN,BAHAGIAN BUKU TEKS,18/07/2014,Ada,10/03/2015 12:00 PM,"Sebut Harga Bagi Menerbit, Mencetak dan Membekal Buku Teks Kurikulum Standard Sekolah Rendah (KSSR) Tahun 6 Pembekalan Mulai Tahun 2015 (Kegunaan Mulai Tahun 2016)SEBUT HARGA PP/12/2014PENDIDIKAN JASMANI TAHUN 6 SJKT",010102
X0211220501140034,"",KEMENTERIAN PENDIDIKAN MALAYSIA,KEM PELAJARAN,BAHAGIAN BUKU TEKS,18/07/2014,Ada,10/03/2015 12:00 PM,"Sebut Harga Bagi Menerbit, Mencetak dan Membekal Buku Teks Kurikulum Standard Sekolah Rendah (KSSR) Tahun 6 Pembekalan Mulai Tahun 2015 (Kegunaan Mulai Tahun 2016)SEBUT HARGA PP/13/2014PENDIDIKAN KESIHATAN TAHUN 6 SJKT",010102
X0211220501140037,"",KEMENTERIAN PENDIDIKAN MALAYSIA,KEM PELAJARAN,BAHAGIAN BUKU TEKS,08/08/2014,Ada,10/03/2015 12:00 PM,"Sebut Harga Bagi Menerbit, Mencetak dan Membekal Buku Teks Kurikulum Bersepadu Dini dan Kurikulum Bersepadu Tahfiz Tingkatan 2 Pembekalan Mulai Tahun 2015 (Kegunaan Mulai Tahun 2016)SEBUT HARGA PP/20/2014AL-SYARIAH TINGKATAN 2Taklimat: Pada 12 Ogos 2014 (Selasa), jam 8.30 pagi bertempat di Bilik Mesyuarat Utama Bahagian Buku Teks, Aras 3, Blok E15, Pusat Pentadbiran Kerajaan Persekutuan 62604 Putrajaya",010102
X0211220501140038,"",KEMENTERIAN PENDIDIKAN MALAYSIA,KEM PELAJARAN,BAHAGIAN BUKU TEKS,08/08/2014,Ada,10/03/2015 12:00 PM,"Sebut Harga Bagi Menerbit, Mencetak dan Membekal Buku Teks Kurikulum Bersepadu Dini dan Kurikulum Bersepadu Tahfiz Tingkatan 2 Pembekalan Mulai Tahun 2015 (Kegunaan Mulai Tahun 2016)SEBUT HARGA PP/21/2014USUL AL-DIN TINGKATAN 2",010102
X0211220501140039,"",KEMENTERIAN PENDIDIKAN MALAYSIA,KEM PELAJARAN,BAHAGIAN BUKU TEKS,08/08/2014,Ada,10/03/2015 12:00 PM,"Sebut Harga Bagi Menerbit, Mencetak dan Membekal Buku Teks Kurikulum Bersepadu Dini dan Kurikulum Bersepadu Tahfiz Tingkatan 2 Pembekalan Mulai Tahun 2015 (Kegunaan Mulai Tahun 2016)SEBUT HARGA PP/21/2014MAHARAT AL-QURAN TINGKATAN 2",010102
X0211280101140014,"",KEMENTERIAN PENDIDIKAN MALAYSIA,KEM PELAJARAN,INST AMINUDDIN BAKI SRI LAYANG,02/10/2014,Ada,10/10/2014 12:00 PM,"SEBUT HARGA PERKHIDMATAN MEMBEKAL MAKANAN BERMASAK ISLAM DI ASRAMA INSTITUT AMINUDDIN BAKI, KOMPLEKS PENDIDIKAN NILAI, BANDAR ENSTEK, NEGERI SEMBILAN DI BAWAH KEMENTERIAN PENDIDIKAN MALAYSIA BAGI TEMPOH 20 OKTOBER 2014 HINGGA 31 DISEMBER 2014",040103
X0211780201140004,"",KEMENTERIAN PENDIDIKAN MALAYSIA,KEM PELAJARAN,KOLEJ MATRIKULASI MELAKA,03/10/2014,Tiada,10/10/2014 12:00 PM,SEBUTHARGA BAGI BEKALAN PERCETAKAN BUKU TUTORIAL SEMESTER 2 SESI 2014/2015 UNTUK KOLEJ MATRIKULASI MELAKA.,221601
X0211900102140030,"",KEMENTERIAN PENDIDIKAN MALAYSIA,KEM PELAJARAN,Politeknik Ibrahim Sultan,01/10/2014,Ada,14/10/2014 12:00 PM,"Penyebutharga yang eP enable dan berdaftar dibawah kod bidang berkaitan adalah dipelawa untuk turut serta dalam sebutharga Membekal, Menghantar, Memasang serta menguji peralatan P&P Rekabentuk Grafik Jabatan Rekabentuk & Komunikasi visual Politeknik Ibrahim Sultan. Taklimat sebutharga akan diadakan pada 7.10.14 jam 10.00 pagi bertempat di bilik tayangan UIDM. Kehadiran taklimat adalah wajib supaya penyebutharga mendapat gambaran jelas berkaitan dengan spesifikasi bekalan.","020301,020302"
X0211900112140010,"",KEMENTERIAN PENDIDIKAN MALAYSIA,KEM PELAJARAN,Politeknik Port Dickson,02/10/2014,Tiada,09/10/2014 12:00 PM,"Tawaran adalah dipelawa kepada syarikat – syarikat di sekitar NEGERI SEMBILAN SAHAJA yang berpengalaman dan mempunyai Kod Bidang Kementerian Kewangan 210109 - Hardware And Software Leasing/Renting, bagi Sebutharga Perolehan Uniterruptible Power Supply (Ups) Secara Sewaan Untuk Pusat Data Politeknik Port Dickson",210109
X0211900115140019,"",KEMENTERIAN PENDIDIKAN MALAYSIA,KEM PELAJARAN,Politeknik Sultan Haji Ahmad Shah,02/10/2014,Tiada,09/10/2014 12:00 PM,"SEBUTHARGA MEREKABENTUK,MEMBUAT, MENGHANTAR, MEMASANG DAN MENYUSUN PERABUT BERASASKAN LOGAM (DIKALANGAN PANEL PEKELILING KONTRAK BIL 2/2014) UNTUK KEGUNAAN POLITEKNIK SULTAN HJ AHMAD SHAH KUANTAN PAHANG","020101,020199"
X0211900127140006,"",KEMENTERIAN PENDIDIKAN MALAYSIA,KEM PELAJARAN,Politeknik Banting,25/09/2014,Ada,08/10/2014 12:00 PM,"MEMBEKAL, MEMASANG, MENTAULIAH DAN MENGUJILARI PERALATAN SOKONGAN AKADEMIK – PERALATAN AVA KE POLITEKNIK BANTING SELANGOR",010302
X0211900128140024,"Dibatalkan pada 07/10/2014, 12:37 PM",KEMENTERIAN PENDIDIKAN MALAYSIA,KEM PELAJARAN,Politeknik Sultan Idris,29/09/2014,Ada,08/10/2014 12:00 PM,"SEBUTHARGA PERKHIDMATAN MENGOPERASI LOJI RAWATAN KUMBAHAN SELAMA SATU (1) TAHUN DI POLITEKNIK SULTAN IDRIS SHAH, SUNGAI LANG, 45100 SUNGAI AIR TAWAR, SELANGOR",221010
X0211900128140025,"",KEMENTERIAN PENDIDIKAN MALAYSIA,KEM PELAJARAN,Politeknik Sultan Idris,30/09/2014,Tiada,08/10/2014 12:00 PM,"SEBUTHARGA PERKHIDMATAN SEWAAN MESIN PENYALIN (PHOTOSTAT MACHINE) DI POLITEKNIK SULTAN IDRIS SHAH, SUNGAI LANG, 45100 SUNGAI AIR TAWAR, SELANGOR",020201
X0211900128140026,"",KEMENTERIAN PENDIDIKAN MALAYSIA,KEM PELAJARAN,Politeknik Sultan Idris,07/10/2014,Tiada,15/10/2014 12:00 PM,"SEBUTHARGA PERKHIDMATAN MENGOPERASI LOJI RAWATAN KUMBAHAN SELAMA SATU (1) TAHUN DI POLITEKNIK SULTAN IDRIS SHAH, SUNGAI LANG, 45100 SUNGAI AIR TAWAR, SELANGOR",221010
X0211900129140019,"",KEMENTERIAN PENDIDIKAN MALAYSIA,KEM PELAJARAN,Politeknik Sultan Salahuddin Abdul Aziz Shah,25/09/2014,Ada,08/10/2014 12:00 PM,"SEBUTHARGA BAGI MEMBEKAL BUKU-BUKU (DALAM DAN LUAR NEGARA) UNTUK PERPUSTAKAAN, POLITEKNIK SULTAN SALAHUDDIN ABDUL AZIZ SHAH PSA/PENT/(S)/04/15/001/145","010101,010102"
X0211900129140020,"",KEMENTERIAN PENDIDIKAN MALAYSIA,KEM PELAJARAN,Politeknik Sultan Salahuddin Abdul Aziz Shah,25/09/2014,Ada,"08/10/2014 12:00 PM Dikemaskini pada 25/09/2014, 17:30 PM","SEBUTHARGA BAGI MEMBEKAL, MENGHANTAR, MEMASANG, MENGUJILARI DAN MENTAULIAH PERALATAN PERUBATAN UNTUK MAKMAL KALIBRASI (COT) DI POLITEKNIK SULTAN SALAHUDDIN ABDUL AZIZ SHAHPSA/PENT/(S)/04/15/001/153 Dikemaskini pada 25/09/2014, 16:52 PM",050102
X0211900129140021,"",KEMENTERIAN PENDIDIKAN MALAYSIA,KEM PELAJARAN,Politeknik Sultan Salahuddin Abdul Aziz Shah,25/09/2014,Ada,08/10/2014 12:00 PM,"SEBUTHARGA BAGI MEMBEKAL, MENGHANTAR, MEMASANG, MENGUJILARI DAN MENTAULIAH PERALATAN ELEKTRIK UNTUK MAKMAL KALIBRASI (COT) DI POLITEKNIK SULTAN SALAHUDDIN ABDUL AZIZ SHAH PSA/PENT/(S)/04/15/001/152",060501
X0211900219140005,"",KEMENTERIAN PENDIDIKAN MALAYSIA,KEM PELAJARAN,Kolej Komuniti Sungai Petani,30/09/2014,Ada,15/10/2014 12:00 PM,"TAWARAN PERKHIDMATAN SEWAAN DAN PENYENGGARAAN PERALATAN ICT DI KOLEJ KOMUNITI SIK, KEDAH SELAMA 3 TAHUN. TAWARAN INI TERBUKA KEPADA SEMUA SYARIKAT YANG MEMENUHI SYARAT DAN MEMPUNYAI ALAMAT BERDAFTAR PERNIAGAAN YANG TETAP DI NEGERI KEDAH ATAU MEMPUNYAI CAWANGAN PERNIAGAAN YANG BERDAFTAR DI NEGERI KEDAH SAHAJA.","210101,221502"
X0211900251140001,"",KEMENTERIAN PENDIDIKAN MALAYSIA,KEM PELAJARAN,Kolej Komuniti Sungai Siput,01/10/2014,Ada,15/10/2014 12:00 PM,SEBUTHARGA PERKHIDMATAN KAWALAN KESELAMATAN (TANPA SENJATA API) DI KOLEJ KOMUNITI SUNGAI SIPUT KEMENTERIAN PENDIDIKAN MALAYSIA BAGI TEMPOH DUA TAHUN,220801
X0211900251140002,"",KEMENTERIAN PENDIDIKAN MALAYSIA,KEM PELAJARAN,Kolej Komuniti Sungai Siput,01/10/2014,Ada,15/10/2014 12:00 PM,"SEBUTHARGA BAGI PERKHIDMATAN PEMBERSIHAN BANGUNAN DAN MENCUCI KAWASAN DI KOLEJ KOMUNITI SUNGAI SIPUT, KEMENTERIAN PENDIDIKAN MALAYSIA BAGI TEMPOH DUA TAHUN","221001,221002"
X0221020101140012,"Dibatalkan pada 07/10/2014, 16:11 PM",KEM LUAR NEGERI,KEM LUAR NEGERI,WISMA PUTRA,03/10/2014,Ada,16/10/2014 12:00 PM,Membekal dan Memasang Perabot dan Work Station Baru Serta Kerja-Kerja Berkaitan,"020101,221104"
X0232010101140020,"",KEM KEWANGAN,JABATAN KASTAM DAN EKSAIS DIRAJA,IBU PEJABAT KASTAM,02/10/2014,Tiada,"13/10/2014 12:00 PM Dikemaskini pada 02/10/2014, 12:14 PM","SEBUTHARGA BAGI MEMBEKAL, MENGHANTAR, MEMASANG, MENGUJI DAN MENTAULIAH 20 UNIT KOMPUTER BIMBIT UNTUK BAHAGIAN PENGURUSAN PEMATUHAN IBU PEJABAT JABATAN KASTAM DIRAJA MALAYSIA","210101,210103"
X0232020301140001,"",KEM KEWANGAN,JABATAN KASTAM DAN EKSAIS DIRAJA,JKDM CPH SUNGAI PETANI,30/09/2014,Ada,09/10/2014 12:00 PM,"Perkhidmatan Kawalan Keselamatan Bersenjata dan Tanpa Senjata Api di Pejabat JKDM Sungai Petani dan di Pejabat Bahagian Penguatkuasaan Tanjung Dawai, Kedah Bagi Tempoh Satu (1) Tahun. Keutamaan Tawaran Kepada Semua Syarikat Kawalan Keselamatan Berdaftar di Negeri Kedah. Sesi Taklimat dan Lawatan Tapak Akan Diadakan Pada 02 Oktober 2014 (Hari Khamis) Jam 9.30 Pagi Bertempat di JKDM Sg.Petani. Sila Bawa Dokumen Asal Sijil Akuan Pendaftaran Kontraktor Dengan MOF, Sijil Pendaftaran Dengan KDN, Sijil PPKKM dan Lesen Senjata Api. Semua Sijil Mestilah Belum Luput Tempoh Sahlaku. Kehadiran ke Sesi Taklimat dan Lawatan Tapak Adalah DIWAJIBKAN.",220801
X0232150701140003,"",KEM KEWANGAN,JABATAN KASTAM DAN EKSAIS DIRAJA,JKDM CDN MIRI,07/10/2014,Ada,21/10/2014 12:00 PM,"PERKHIDMATAN KAWALAN KESELAMATAN BERSENJATA & TANPA SENJATA DI JABATAN KASTAM DIRAJA MALAYSIA MIRI, SARAWAK.",220801
X0232150701140004,"",KEM KEWANGAN,JABATAN KASTAM DAN EKSAIS DIRAJA,JKDM CDN MIRI,07/10/2014,Ada,21/10/2014 12:00 PM,"PERKHIDMATAN PENCUCIAN DAN PEMBERSIHAN BANGUNAN DAN KAWASAN DI JABATAN KASTAM DIRAJA MALAYSIA MIRI, SARAWAK.","221001,221002"
X0232160101140008,"",KEM KEWANGAN,JABATAN KASTAM DAN EKSAIS DIRAJA,AKADEMI KASTAM DIRAJA MALAYSIA MELAKA,01/10/2014,Ada,"22/10/2014 12:00 PM Dikemaskini pada 04/10/2014, 20:15 PM","PERKHIDMATAN MEMBEKAL MAKANAN BERMASAK (ISLAM) DI AKADEMI KASTAM DIRAJA MALAYSIA, CAWANGAN TIMUR, RANTAU PANJANG, KELANTAN UNTUK TEMPOH TIGA TAHUN.",040103
X0232160104140001,"",KEM KEWANGAN,JABATAN KASTAM DAN EKSAIS DIRAJA,AKADEMI KASTAM DIRAJA MALAYSIA WILAYAH U,02/10/2014,Ada,14/10/2014 12:00 PM,"PERKHIDMATAN MEMBEKAL MAKANAN BERMASAK ISLAM DI AKADEMI KASTAM DIRAJA MALAYSIA, CAWANGAN LANGKAWI, KEDAH BAGI TEMPOH 2 TAHUN.",040103
X0232160104140002,"",KEM KEWANGAN,JABATAN KASTAM DAN EKSAIS DIRAJA,AKADEMI KASTAM DIRAJA MALAYSIA WILAYAH U,02/10/2014,Ada,14/10/2014 12:00 PM,"PERKHIDMATAN KAWALAN KESELAMATAN TANPA SENJATA DI AKADEMI KASTAM DIRAJA MALAYSIA, CAWANGAN LANGKAWI, KEDAH BAGI TEMPOH 2 TAHUN.",220801
X0232160104140003,"",KEM KEWANGAN,JABATAN KASTAM DAN EKSAIS DIRAJA,AKADEMI KASTAM DIRAJA MALAYSIA WILAYAH U,02/10/2014,Ada,14/10/2014 12:00 PM,"PERKHIDMATAN MENCUCI BANGUNAN PEJABAT DAN ASRAMA SERTA MENYELENGGARA LANSKAP DI AKADEMI KASTAM DIRAJA MALAYSIA, CAWANGAN LANGKAWI, KEDAH. UNTUK TEMPOH 2 TAHUN.","221001,221002"
X0251010401140003,"",KEM KESIHATAN,KEM KESIHATAN,IPKBPP PEJABAT AM,29/09/2014,Tiada,08/10/2014 12:00 PM,"MEMBEKAL, MENGHANTAR, MEMASANG, MENGUJI DAN MENTAULIAH PERALATAN, PERKAKASAN DAN PERISIAN ICT DI BAHAGIAN PERANCANGAN, KEMENTERIAN KESIHATAN MALAYSIA","210101,210102,210103,020201,020301,020302"
X0251010401140004,"",KEM KESIHATAN,KEM KESIHATAN,IPKBPP PEJABAT AM,30/09/2014,Tiada,09/10/2014 12:00 PM,MEMBEKAL DAN MENGHANTAR TONER MESIN PENCETAK UNTUK BAHAGIAN PERANCANGAN,020601
X0251060401140012,"",KEM KESIHATAN,KEM KESIHATAN,HOSP KAJANG UNIT PNTDBRN/KWGN/PGURSN,01/10/2014,Tiada,08/10/2014 12:00 PM,"TAWARAN MEMBEKAL, MENGHANTAR, MENGUJI DAN MENTAULIAH PERALATAN PERUBATAN SATU (1) UNIT MESIN AUTOCLAVE/STERILIZER, BOILER DAN KERJA BERKAITAN KE HOSPITAL KAJANG, SELANGOR DARUL EHSAN",050199
X0251060901140015,"",KEM KESIHATAN,KEM KESIHATAN,UNIT PTDBRN KEW/PGRSN,01/10/2014,Ada,10/10/2014 12:00 PM,SEBUTHARGA PERKHIDMATAN PENCUCIAN DAN PEMBERSIHAN DI KLINIK KESIHATAN TAMAN MEDAN,"221001,221002"
X0251061001140013,"",KEM KESIHATAN,KEM KESIHATAN,UNIT PTDBRNKEW/PGRSN,01/10/2014,Tiada,08/10/2014 12:00 PM,"MEMBEKAL, MENGHANTAR, MEMASANG, MENGUJI DAN MENTAULIAH MESIN HEMATOLOGY ANALYSER KEPADA INSTITUSI DI PEJABAT KESIHATAN DAERAH KUALA SELANGOR, SELANGOR D.E",060501
X0251061001140014,"",KEM KESIHATAN,KEM KESIHATAN,UNIT PTDBRNKEW/PGRSN,01/10/2014,Tiada,08/10/2014 12:00 PM,"MEMBEKAL, MENGHANTAR, MEMASANG, MENGUJI DAN MENTAULIAH ALAT PERUBATAN (ULTRASOUND) KEPADA INSTITUSI DI PEJABAT KESIHATAN DAERAH KUALA SELANGOR, SELANGOR DARUL EHSAN",050102
X0251062801140128,"",KEM KESIHATAN,KEM KESIHATAN,JKN SGR HS SERDANG U.PENTADBIRAN AM,01/10/2014,Tiada,08/10/2014 12:00 PM,"TAWARAN UNTUK MEMBEKALKAN PERALATAN PERUBATAN OPERATION TABLE BAGI DEWAN BEDAH KARDIOTORASIK, HOSPITAL SERDANG",050102
X0251062801140129,"",KEM KESIHATAN,KEM KESIHATAN,JKN SGR HS SERDANG U.PENTADBIRAN AM,01/10/2014,Tiada,08/10/2014 12:00 PM,"TAWARAN UNTUK MEMBEKALKAN PERALATAN PERUBATAN MEDIASTIANALSCOPY SET BAGI DEWAN BEDAH KARDIOTORASIK, HOSPITAL SERDANG",050102
X0251062801140130,"",KEM KESIHATAN,KEM KESIHATAN,JKN SGR HS SERDANG U.PENTADBIRAN AM,01/10/2014,Tiada,08/10/2014 12:00 PM,"TAWARAN UNTUK MEMBEKALKAN PERALATAN PERUBATAN PROTABLE LIGHT FHD 3 CHIP CAMERA SYSTEM BAGI DEWAN BEDAH KARDIOTORASIK, HOSPITAL SERDANG.",050102
X0251062801140131,"",KEM KESIHATAN,KEM KESIHATAN,JKN SGR HS SERDANG U.PENTADBIRAN AM,01/10/2014,Tiada,08/10/2014 12:00 PM,"TAWARAN UNTUK MEMBEKALKAN PERALATAN PERUBATAN ADULT PUMP SET BAGI DEWAN BEDAH KARDIOTORASIK, HOSPITAL SERDANG.",050102
X0251062801140132,"",KEM KESIHATAN,KEM KESIHATAN,JKN SGR HS SERDANG U.PENTADBIRAN AM,02/10/2014,Tiada,09/10/2014 12:00 PM,"TAWARAN UNTUK MEMBEKALKAN PERALATAN PERUBATAN ADULT TORACOTOMY SET BAGI DEWAN BEDAH KARDIOTORASIK, HOSPITAL SERDANG",050102
X0251062801140133,"",KEM KESIHATAN,KEM KESIHATAN,JKN SGR HS SERDANG U.PENTADBIRAN AM,02/10/2014,Tiada,09/10/2014 12:00 PM,"TAWARAN UNTUK MEMBEKALKAN PERALATAN PERUBATAN ADULT CHEST REOPEN SET BAGI DEWAN BEDAH KARDIOTORASIK, HOSPITAL SERDANG",050102
X0251062801140134,"",KEM KESIHATAN,KEM KESIHATAN,JKN SGR HS SERDANG U.PENTADBIRAN AM,02/10/2014,Tiada,09/10/2014 12:00 PM,"TAWARAN UNTUK MEMBEKALKAN PERALATAN PERUBATAN CABG EXTRA BAGI DEWAN BEDAH KARDIOTORASIK, HOSPITAL SERDANG",050102
X0251062801140135,"",KEM KESIHATAN,KEM KESIHATAN,JKN SGR HS SERDANG U.PENTADBIRAN AM,03/10/2014,Tiada,10/10/2014 12:00 PM,"TAWARAN UNTUK MEMBEKALKAN PERALATAN PERUBATAN PRO AUTOMATED PD CYCLER MACHINE BAGI JABATAN NEFROLOGI, HOSPITAL SERDANG",050102
X0251062801140136,"",KEM KESIHATAN,KEM KESIHATAN,JKN SGR HS SERDANG U.PENTADBIRAN AM,07/10/2014,Tiada,14/10/2014 12:00 PM,"TAWARAN MEMBEKALKAN BARANG PAKAI BUANG BAGI KEGUNAAN JABATAN PERUBATAN AM, HOSPITAL SERDANG : Endobronchial Valves 4.0",050301
X0251062801140137,"",KEM KESIHATAN,KEM KESIHATAN,JKN SGR HS SERDANG U.PENTADBIRAN AM,07/10/2014,Tiada,14/10/2014 12:00 PM,"TAWARAN MEMBEKALKAN PERALATAN PERUBATAN CEREBRAL OXIMETER BAGI JABATAN ANESTESIOLOGI KARDIOTORASIK & PERFUSI, HOSPITAL SERDANG",050102
X0251062801140138,"",KEM KESIHATAN,KEM KESIHATAN,JKN SGR HS SERDANG U.PENTADBIRAN AM,07/10/2014,Tiada,14/10/2014 12:00 PM,"TAWARAN MEMBEKALKAN PERALATAN PERUBATAN HYPERTHERMIA MACHINE BAGI JABATAN ANESTESIOLOGI KARDIOTORASIK & PERFUSI, HOSPITAL SERDANG",050102
X0251062801140139,"",KEM KESIHATAN,KEM KESIHATAN,JKN SGR HS SERDANG U.PENTADBIRAN AM,07/10/2014,Tiada,14/10/2014 12:00 PM,TAWARAN MEMBEKALKAN PERALATAN PERUBATAN PACING GENERATOR DOUBLE CHAMBER BAGI KEGUNAAN HOSPITAL SERDANG,050102
X0251062801140140,"",KEM KESIHATAN,KEM KESIHATAN,JKN SGR HS SERDANG U.PENTADBIRAN AM,07/10/2014,Tiada,14/10/2014 12:00 PM,"TAWARAN MEMBEKALKAN PERALATAN PERUBATAN TRANSPORT MONITOR BAGI JABATAN ANESTESIOLOGI, KARDIOTORASIK & PERFUSI, HOSPITAL SERDANG",050102
X0251080601140010,"",KEM KESIHATAN,KEM KESIHATAN,UNIT PTDBRN/KEW/PGRSN,01/10/2014,Tiada,08/10/2014 12:00 PM,"SEBUTHARGA BAGI BEKALAN PERALATAN PERUBATAN AUTOCLAVE STERILIZER AUTOMATIC PRE-VACUUM & DRY –VACUUM, FULLY DIGITAL COLOUR DOPPLER ULTRASOUND SCANNER FOR GENERAL APPLICATION, FUNDUS CAMERA UNTUK PEJABAT KESIHATAN DAERAH ALOR GAJAH, MELAKA",050102
X0251093101140001,"",KEM KESIHATAN,KEM KESIHATAN,HS S.ISMAIL U.PTADBIRAN/KWGAN/PGRUSAN,02/10/2014,Tiada,09/10/2014 12:00 PM,"MEMBEKAL, MENGHANTAR, MEMASANG, MENGUJI, DAN MENTAULIAH PERALATAN PERUBATAN ” ANAESTHESIA MACHINE WITH VENTILATOR & MONITOR "" BAGI JABATAN ANESTESIOLOGI HOSPITAL SULTAN ISMAIL , JOHOR BAHRU TAHUN 2014",050102
X0251099901140015,"",KEM KESIHATAN,KEM KESIHATAN,PEJ TIMB PENG KSN NEG JHR (PENGURUSAN),02/10/2014,Tiada,09/10/2014 12:00 PM,"SEBUTHARGA MEMBEKAL, MEMASANG, MENGUJI DAN MENTAULIAH 26 UNIT KOMPUTER DI JABATAN KESIHATAN NEGERI JOHOR","210101,210103"
X0251100258140002,"",KEM KESIHATAN,KEM KESIHATAN,PEJABAT KESIHATAN PERGIGIAN DAERAH MARAN,03/10/2014,Ada,15/10/2014 12:00 PM,"TAWARAN SEBUT HARGA BAGI MEMBEKAL, MENGHANTAR, MEMASANG, MENGUJI DAN MENTAULIAH KERUSI RAWATAN PERGIGIAN BAGI KLINIK PERGIGIAN BERGERAK DI KLINIK PERGIGIAN HOSPITAL JENGKA, PAHANG.",050102
X0251131701140005,"",KEM KESIHATAN,KEM KESIHATAN,UNIT PTDBRN/KEW/PGRSN,29/09/2014,Tiada,09/10/2014 12:00 PM,"TAWARAN MEMBEKAL, MEMASANG , MENGUJI DAN MENTAULIAH ALAT STATIC GENERAL X-RAY WITH 50KW GENERATOR DI KLINIK 1 MALAYSIA PASIR PEKAN, KOTA BHARU, KELANTAN","050101,050102"
X0251131701140006,"",KEM KESIHATAN,KEM KESIHATAN,UNIT PTDBRN/KEW/PGRSN,29/09/2014,Tiada,09/10/2014 12:00 PM,"TAWARAN, MEMBEKAL, MEMASANG, MENGUJI DAN MENTAULIAH SINGLE LOADER COMPUTER RADIOGRAPHY (CR) DIGITAL IMAGING SYSTEM DAN DRY LASER IMAGER KLINIK 1 MALAYSIA PASIR PEKAN, KOTA BHARU, KELANTAN","050101,050102"
X0251131701140007,"",KEM KESIHATAN,KEM KESIHATAN,UNIT PTDBRN/KEW/PGRSN,07/10/2014,Tiada,16/10/2014 12:00 PM,"MEMBEKAL, MEMASANG DAN MENTAULIAH ALATAN MAKMAL LABORATORY INFORMATION SYSTEM (LIS) DIKLINIK 1 MALAYSIA , PASIR PEKAN, TUMPAT, KELANTAN","050101,050102"
X0251140301140100,"",KEM KESIHATAN,KEM KESIHATAN,TIMB PGRH KSN(FARMASI) U.PENTADBIRAN AM,02/10/2014,Tiada,16/10/2014 12:00 PM,MEMBEKAL DAN MENGHANTAR MAGNESIUM SULPHATE 50% INJECTION KE CAWANGAN FARMASI LOGISTIK NEGERI SABAH ( PUSAT BEKALAN FARMASI NEGERI) UNTUK TEMPOH SATU (1) TAHUN.,050202
X0251140301140101,"",KEM KESIHATAN,KEM KESIHATAN,TIMB PGRH KSN(FARMASI) U.PENTADBIRAN AM,02/10/2014,Tiada,16/10/2014 12:00 PM,"MEMBEKAL DAN MENGHANTAR RIFAMPICIN 150MG, ISONIAZID 75MG, PYRAZINAMIDE 400MG DAN ETHAMBUTOL 275MG TABLET KE CAWANGAN FARMASI LOGISTIK NEGERI SABAH (PUSAT BEKALAN FARMASI NEGERI) UNTUK TEMPOH ENAM (6) BULAN.",050202
X0251140301140102,"",KEM KESIHATAN,KEM KESIHATAN,TIMB PGRH KSN(FARMASI) U.PENTADBIRAN AM,02/10/2014,Tiada,16/10/2014 12:00 PM,MEMBEKAL DAN MENGHANTAR HEPATITIS B IMMUNE GLOBULIN (HUMAN) 100IU INJECTION KE CAWANGAN FARMASI LOGISTIK NEGERI SABAH (PUSAT BEKALAN FARMASI NEGERI) UNTUK TEMPOH ENAM (6) BULAN.,050202
X0251143701140007,"",KEM KESIHATAN,KEM KESIHATAN,UNIT PTDBRN/KEW/PGRSN,02/10/2014,Tiada,09/10/2014 12:00 PM,"SEBUT HARGA MEMBEKAL DAN MENGHANTAR BAHAN BACAAN UNTUK HOSPITAL TUARAN, SABAH",010102
X0251143701140008,"",KEM KESIHATAN,KEM KESIHATAN,UNIT PTDBRN/KEW/PGRSN,02/10/2014,Tiada,09/10/2014 12:00 PM,"SEBUT HARGA MEMBEKAL DAN MENGHANTAR PERABOT/PERABOT MAKMAL DAN KELENGKAPAN BERASASKAN KAYU/FABRIK/LOGAM/PLASTIK UNTUK HOSPITAL TUARAN, SABAH",020101
X0251143701140010,"",KEM KESIHATAN,KEM KESIHATAN,UNIT PTDBRN/KEW/PGRSN,02/10/2014,Tiada,09/10/2014 12:00 PM,SEBUTHARGA MEMBEKAL MENGHANTAR MENGUJI DAN MENTAULIAH PERKAKASAN ELEKTRONIK DAN AKSESORI UNTUK HOSPITAL TUARAN,020302
X0251143701140011,"",KEM KESIHATAN,KEM KESIHATAN,UNIT PTDBRN/KEW/PGRSN,03/10/2014,Tiada,10/10/2014 12:00 PM,SEBUT HARGA MEMBEKAL DAN MENGHANTAR PERALATAN DAN PERKAKASAN DOMESTIK UNTUK HOSPITAL TUARAN,020401
X0251151601140008,"",KEM KESIHATAN,KEM KESIHATAN,UNIT PTDBRN/KEW/PGRSN,07/10/2014,Tiada,14/10/2014 12:00 PM,"SEBUTHARGA MEMBEKAL, MENGHANTAR, MEMASANG, MENGUJI DAN MENTAULIAH SATU (1) UNIT CELEBRAL FUNCTION MONITOR (PEADIATRIK) KE JABATAN PEADIATRIK, HOSPITAL MIRI",050102
X0251151601140009,"",KEM KESIHATAN,KEM KESIHATAN,UNIT PTDBRN/KEW/PGRSN,07/10/2014,Tiada,14/10/2014 12:00 PM,"SEBUTHARGA MEMBEKAL , MENGHANTAR, MEMASANG, MENGUJI DAN MENTAULIAH SATU (1) UNIT TOTAL BODY COOLING (PEADIATRIK) KE JABATAN PEDIATRIK , HOSPITAL MIRI",050102
X0251151801140001,"",KEM KESIHATAN,KEM KESIHATAN,UNIT PTDBRN/KEW/PGRSN,01/10/2014,Tiada,08/10/2014 12:00 PM,"PEMBEKALAN DAN PENGHANTARAN DUA (2) UNIT ""PLASMATHERM BLOOD WARMER"" KE HOSPITAL SARIKEI",050102
X0251151801140002,"",KEM KESIHATAN,KEM KESIHATAN,UNIT PTDBRN/KEW/PGRSN,01/10/2014,Tiada,08/10/2014 12:00 PM,"PEMBEKALAN DAN PENGHANTAR SATU (1) UNIT ""ULTRASOUND MACHINE"" KE HOSPITAL SARIKEI",050102
X0251151801140003,"",KEM KESIHATAN,KEM KESIHATAN,UNIT PTDBRN/KEW/PGRSN,01/10/2014,Tiada,08/10/2014 12:00 PM,"PEMBEKALAN DAN PENGHANTARAN SATU (1) UNIT ""ULTRASOUND"" KE JABATAN PENGIMEJAN DAN DIANOSTIK HOSPITAL SARIKEI",050102
X0251151801140004,"",KEM KESIHATAN,KEM KESIHATAN,UNIT PTDBRN/KEW/PGRSN,01/10/2014,Tiada,08/10/2014 12:00 PM,"PEMBEKALAN DAN PENGHANTARAN DUA (2) UNIT ""DEFIBRILLATOR WITH PACING"" KE HOSPITAL SARIKEI",050102
X0251151801140005,"",KEM KESIHATAN,KEM KESIHATAN,UNIT PTDBRN/KEW/PGRSN,01/10/2014,Tiada,08/10/2014 12:00 PM,"PEMBEKALAN DAN PENGHANTARAN LAPAN (8) UNIT ""FORCED AIR WARMING DEVICE"" KE HOSPITAL SARIKEI",050102
X0251151801140006,"",KEM KESIHATAN,KEM KESIHATAN,UNIT PTDBRN/KEW/PGRSN,01/10/2014,Tiada,08/10/2014 12:00 PM,"PEMBEKALAN DAN PENGHANTARAN DUA (2) UNIT ""RADIANT WARMER LARGE SURFACE"" KE HOSPITAL SARIKEI",050102
X0251151801140007,"",KEM KESIHATAN,KEM KESIHATAN,UNIT PTDBRN/KEW/PGRSN,01/10/2014,Tiada,08/10/2014 12:00 PM,"PEMBEKALAN DAN PENGHANTARAN SATU (1 ) UNIT ""ANAESTHETIC MONITOR HIGH END"" KE HOSPITAL SARIKEI",050102
X0251190201140040,"",KEM KESIHATAN,KEM KESIHATAN,PEJ PGRH INS PNYLDKN PUBAT KL - PTD AM,01/10/2014,Tiada,08/10/2014 12:00 PM,"MEMBEKAL DAN MENGHANTAR REAGENT KITS:- ""ARTUS HI VIRUS RG RT PCR KIT (96) CE4513265""",060101
X0251190201140041,"",KEM KESIHATAN,KEM KESIHATAN,PEJ PGRH INS PNYLDKN PUBAT KL - PTD AM,01/10/2014,Tiada,08/10/2014 12:00 PM,"PERKHIDMATAN MENYEDIAKAN :- ""FOR OPERATIONAL SUPPORT SERVICES FOR GLOBINMED WEB PORTAL FOR THE PERIOD OF TWO (2) YEARS""","210101,210102,210103,210104,210105,210106,210107,210108"
X0251270101140135,"",KEM KESIHATAN,KEM KESIHATAN,JKN KL HS PTJ - PTD/ KEW/PENGURUSAN,03/10/2014,Tiada,10/10/2014 12:00 PM,"SEBUTHARGA BAGI BEKALAN CONSUMABLE THIGH LENGTH ANTI-EMBOLISM ELASTIC STOCKING BAGI JABATAN FARMASI, HOSPITAL PUTRAJAYA.",050301
X0251270101140136,"",KEM KESIHATAN,KEM KESIHATAN,JKN KL HS PTJ - PTD/ KEW/PENGURUSAN,03/10/2014,Tiada,10/10/2014 12:00 PM,"SEBUTHARGA BAGI PEMBELIAN 20 BUAH KOMPUTER UNTUK JABATAN TEKNOLOGI MAKLUMAT, HOSPITAL PUTRAJAYA.",210101
X0251270101140137,"",KEM KESIHATAN,KEM KESIHATAN,JKN KL HS PTJ - PTD/ KEW/PENGURUSAN,03/10/2014,Tiada,10/10/2014 12:00 PM,"SEBUTHARGA BAGI BEKALAN CONSUMABLE ABDOMINAL FETAL STRAP ELASTIC ROLL BAGI JABATAN FARMASI, HOSPITAL PUTRAJAYA.",050301
X0251270101140138,"",KEM KESIHATAN,KEM KESIHATAN,JKN KL HS PTJ - PTD/ KEW/PENGURUSAN,03/10/2014,Tiada,10/10/2014 12:00 PM,"SEBUTHARGA BAGI BEKALAN CONSUMABLE PRE-CUT GAUZE PLAIN MESH COUNT 24x20, Sz 7.5cmx7.5cm -32PLY BAGI JABATAN FARMASI, HOSPITAL PUTRAJAYA.",050301
X0251270101140139,"",KEM KESIHATAN,KEM KESIHATAN,JKN KL HS PTJ - PTD/ KEW/PENGURUSAN,03/10/2014,Tiada,10/10/2014 12:00 PM,"SEBUTHARGA BAGI BEKALAN CONSUMABLE PERIFIX LOR 420 G18 COMPLETE TRAY BAGI JABATAN FARMASI, HOSPITAL PUTRAJAYA.",050301
X0251270101140140,"",KEM KESIHATAN,KEM KESIHATAN,JKN KL HS PTJ - PTD/ KEW/PENGURUSAN,03/10/2014,Tiada,10/10/2014 12:00 PM,"SEBUTHARGA BAGI BEKALAN REAGENT UNTUK UJIAN AUTOMATED MICROBIAL IDENTIFICATION SELAMA 4 TAHUN UNTUK JABATAN PATOLOGI, HOSPITAL PUTRAJAYA.",060101
X0251270101140141,"",KEM KESIHATAN,KEM KESIHATAN,JKN KL HS PTJ - PTD/ KEW/PENGURUSAN,03/10/2014,Tiada,10/10/2014 12:00 PM,"SEBUTHARGA MEMBEKAL,MENGHANTAR,MEMASANG DAN MENTAULIAH ASET PERUBATAN NEURO-MONITORING UNTUK JABATAN ORTIPEDIK, HOSPITAL PUTRAJAYA.","050101,050102"
X0251270101140142,"",KEM KESIHATAN,KEM KESIHATAN,JKN KL HS PTJ - PTD/ KEW/PENGURUSAN,03/10/2014,Tiada,10/10/2014 12:00 PM,"SEBUTHARGA BAGI MEMBEKAL,MEMASANG,MENGKONFIGURASI,MENGUJI DAN MENTAULIAH PERALATAN ICT (BATERI BANK) DI PUSAT DATA HOSPITAL PUTRAJAYA.","210101,210102,210103"
X0251270401140007,"",KEM KESIHATAN,KEM KESIHATAN,PEJABAT KESIHATAN DAERAH PUTRAJAYA,02/10/2014,Tiada,09/10/2014 12:00 PM,MEMBEKAL PHARMACEUTICAL FRIDGE 2-DOOR BAGI KLINIK KESIHATAN PUTRAJAYA PRESINT 18,050102
X0251270401140008,"",KEM KESIHATAN,KEM KESIHATAN,PEJABAT KESIHATAN DAERAH PUTRAJAYA,03/10/2014,Ada,15/10/2014 12:00 PM,"PERKHIDMATAN PEMBERSIHAN DI PEJABAT KESIHATAN PUTRAJAYA PRESINT 11, KLINIK KESIHATAN PUTRAJAYA PRESINT 11 DAN PUSAT PEMERIKSAAN KESIHATAN WANITA PUSPANITA PRESINT 10 SELAMA EMPAT BELAS (14) BULAN","221001,221002"
X0251279901140023,"",KEM KESIHATAN,KEM KESIHATAN,PEJ PGRH KL & PTJ (PENGURUSAN),01/10/2014,Ada,15/10/2014 12:00 PM,SEBUTHARGA PERKHIDMATAN KAWALAN MAKHLUK PEROSAK DAN LAIN-LAIN PERKHIDMATAN YANG BERKAITAN DI KLINIK KESIHATAN IBU & ANAK DAN KLINIK 1 MALAYSIA BAGI JABATAN KESIHATAN WILAYAH PERSEKUTUAN KUALA LUMPUR DAN PUTRAJAYA,220901
X0251279901140024,"",KEM KESIHATAN,KEM KESIHATAN,PEJ PGRH KL & PTJ (PENGURUSAN),02/10/2014,Tiada,09/10/2014 12:00 PM,"SEBUTHARGA MEMBEKAL, MENGHANTAR, MEMASANG DAN MENTAULIAH DUA (2) UNIT ""FUNDUS CAMERA"" BAGI JABATAN KESIHATAN WILAYAH PERSEKUTUAN KUALA LUMPUR DAN PUTRAJAYA(TAWARAN SEBUTHARGA ADALAH SECARA CIF)",050102
X0251279901140025,"",KEM KESIHATAN,KEM KESIHATAN,PEJ PGRH KL & PTJ (PENGURUSAN),02/10/2014,Tiada,09/10/2014 12:00 PM,"SEBUTHARGA MEMBEKAL, MENGHANTAR, MEMASANG DAN MENTAULIAH LIMA PULUH SEMBILAN (59) UNIT DIGITAL WEIGHING SCALE WITH MEASURING ROD BAGI KLINIK-KLINIK DI BAWAH JABATAN KESIHATAN WILAYAH PERSEKUTUAN KUALA LUMPUR DAN PUTRAJAYA(TAWARAN SEBUTHARGA ADALAH SECARA CIF)",050102
X0251279901140026,"",KEM KESIHATAN,KEM KESIHATAN,PEJ PGRH KL & PTJ (PENGURUSAN),02/10/2014,Tiada,09/10/2014 12:00 PM,"TAWARAN SEBUTHARGA MEMBEKAL, MENGHANTAR, MEMASANG DAN MENTAULIAH SATU (1) UNIT MESIN ""COLOUR DOPPLER MOBILE ULTRASOUND"" DAN TIGA (3) UNIT MESIN ""COLOUR PORTABLE ULTRASOUND DOPPLER"" BAGI KLINIK-KLINIK DI BAWAH JABATAN KESIHATAN WILAYAH PERSEKUTUAN KUALA LUMPUR DAN PUTRAJAYA",050102
X0262250101140112,"",KEM DALAM NEGERI,POLIS DIRAJA MALAYSIA,KEW LOJISTIK IBU PEJ PDRM,17/09/2014,Tiada,"08/10/2014 12:00 PM Dikemaskini pada 18/09/2014, 15:07 PM",PEMBEKALAN DAN PENGHANTARAN PELBAGAI SENJATA API UNTUK KAWALAN KESELAMATAN ISTANA,120101
X0262250101140113,"",KEM DALAM NEGERI,POLIS DIRAJA MALAYSIA,KEW LOJISTIK IBU PEJ PDRM,17/09/2014,Tiada,"08/10/2014 12:00 PM Dikemaskini pada 18/09/2014, 15:05 PM","PEMBEKALAN DAN PENGHANTARAN ""SPECIAL OPERATION ASSAULT RIFLE (S.O.A.R) C/W ACCESSORIES"" UNTUK POLIS DIRAJA MALAYSIA.",120101
X0262250101140115,"",KEM DALAM NEGERI,POLIS DIRAJA MALAYSIA,KEW LOJISTIK IBU PEJ PDRM,29/09/2014,Tiada,13/10/2014 12:00 PM,"PEMBEKALAN BOT JENIS RHFB UNTUK PASUKAN POLIS MARIN, PDRM","110601,110699"
X0262250101140116,"",KEM DALAM NEGERI,POLIS DIRAJA MALAYSIA,KEW LOJISTIK IBU PEJ PDRM,30/09/2014,Tiada,14/10/2014 12:00 PM,PEMBEKALAN DAN PENGHANTARAN ADDITIVE ENGINE OIL UNTUK KENDERAAN PASUKAN POLIS DIRAJA MALAYSIA (PDRM).,"060302,060399"
X0262250101140117,"",KEM DALAM NEGERI,POLIS DIRAJA MALAYSIA,KEW LOJISTIK IBU PEJ PDRM,01/10/2014,Tiada,14/10/2014 12:00 PM,"PEMBEKALAN DAN PENGHANTARAN TIUB, VALVE DAN FLAP UNTUK KENDERAAN PASUKAN POLIS DIRAJA MALAYSIA (PDRM)","110301,110302"
X0262250101140118,"",KEM DALAM NEGERI,POLIS DIRAJA MALAYSIA,KEW LOJISTIK IBU PEJ PDRM,01/10/2014,Ada,14/10/2014 12:00 PM,PERKHIDMATAN PEMBAIKAN KENDERAAN PENGANGKUT KUDA JENIS TRAILER (9 EKOR T/WB 1030) UNTUK PASUKAN SIMPANAN PERSEKUTUAN (PSP) POLIS DIRAJA MALAYSIA (PDRM).,"220103,220105,220106,220107"
X0262250101140119,"",KEM DALAM NEGERI,POLIS DIRAJA MALAYSIA,KEW LOJISTIK IBU PEJ PDRM,02/10/2014,Tiada,09/10/2014 12:00 PM,PEMBEKALAN DAN PENGHANTARAN MOTOSIKAL ELEKTRIK JENIS SKUTER DIBAWAH PROGRAM AMANITA POLIS DIRAJA MALAYSIA (PDRM),"110102,110106,110199"
X0262250101140120,"",KEM DALAM NEGERI,POLIS DIRAJA MALAYSIA,KEW LOJISTIK IBU PEJ PDRM,07/10/2014,Tiada,21/10/2014 12:00 PM,PEMBEKALAN DAN PENGHANTARAN COMBAT TACTICAL GEAR EQUIPMENT (HEAVY DUTY (HD) FULL FINGER GLOVES) FOR THE ROYAL MALAYSIAN POLICE,020801
X0262250101140121,"",KEM DALAM NEGERI,POLIS DIRAJA MALAYSIA,KEW LOJISTIK IBU PEJ PDRM,07/10/2014,Tiada,21/10/2014 12:00 PM,PEMBEKALAN DAN PENGHANTARAN COMBAT TACTICAL GEAR EQUIPMENT (TACTICAL BOOTS) FOR THE ROYAL MALAYSIAN POLICE,020801
X0263010200140007,"",KEM DALAM NEGERI,JABATAN IMIGRESEN,BAHAGIAN KEWANGAN,03/10/2014,Tiada,10/10/2014 12:00 PM,"PEMBEKALAN DAN PENGHANTARAN GARI PENDEK, GARI BERANTAI, SERTA DOUBLE LOOP NYLON HANDCUFF (PA66 NYLON) BAGI KEGUNAAN BAHAGIAN PENGUATKUASA, JABATAN IMIGRESEN MALAYSIA",120401
X0263010200140008,"",KEM DALAM NEGERI,JABATAN IMIGRESEN,BAHAGIAN KEWANGAN,03/10/2014,Tiada,10/10/2014 12:00 PM,PEMBEKALAN DAN PENGHANTARAN TRAY MAKAN SERTA PENUTUP LUTSINAR BAGI KEGUNAAN BAHAGIAN PENGUATKUASA IBU PEJABAT JABATAN IMIGRESEN MALAYSIA,020101
X0263010200140009,"",KEM DALAM NEGERI,JABATAN IMIGRESEN,BAHAGIAN KEWANGAN,03/10/2014,Tiada,10/10/2014 12:00 PM,"PEMBEKALAN, PENGHANTARAN, PEMASANGAN, PENTAULIHAN DAN PENYELENGGARAAN PERALATAN SERTA PERISIAN SISTEM ANALISIS SIASATAN BAHAGIAN PENGUATKUASA JABATAN IMIGRESEN MALAYSIA","210101,210102,210103,210104"
X0263040100140014,"",KEM DALAM NEGERI,JABATAN IMIGRESEN,PEJABAT IMIGERESEN KEDAH,08/10/2014,Tiada,15/10/2014 12:00 PM,PEMBEKALAN ITEM PERABOT BERASASKAN KAYU DIDEPOT IMIGRESEN BELANTIK DAN PEJABAT IMIGRESEN CAWANGAN LANGKAWI,020101
X0263080100140001,"",KEM DALAM NEGERI,JABATAN IMIGRESEN,PEJABAT IMIGERESEN PAHANG,02/10/2014,Tiada,14/10/2014 12:00 PM,"KERJA-KERJA MENCUCI DAN MEMBERSIHKAN KAWASAN DALAM DAN PERSEKITARAN SERTA MENYELENGGARA LANDSKAP DI KOMPLEKS KEMENTERIAN DALAM NEGERI (KDN),PULAU TIOMAN ROMPIN PAHANG","221001,221002,221003"
X0266010100140056,"",KEM DALAM NEGERI,JABATAN PENJARA,IBU PEJABAT PENJARA,01/10/2014,Tiada,08/10/2014 12:00 PM,PEMBEKALAN DAN PENGIRIMAN AKSESORI PAKAIAN SERAGAM UNTUK JABATAN PENJARA MALAYSIA.,020804
X0266060100140003,"",KEM DALAM NEGERI,JABATAN PENJARA,PENJARA PUSAT SELANGOR KAJANG,01/10/2014,Tiada,08/10/2014 12:00 PM,SEBUTHARGA PEMBEKALAN DAN PENGIRIMAN GULA PASIR ( 50 KG ) DI PENJARA KAJANG SELANGOR,"040101,040199"
X0267040100140003,"",KEMENTERIAN DALAM NEGERI,KEMENTERIAN DALAM NEGERI,KETUA PENGARAH AGENSI ANTI DADAH KEB,03/10/2014,Tiada,10/10/2014 12:00 PM,Perkhidmatan Mencetak Pas Pekerja Agensi Antidadah Kebangsaan,221607
X0267050100140007,"",KEMENTERIAN DALAM NEGERI,KEMENTERIAN DALAM NEGERI,IBU PEJABAT RELA,01/10/2014,Tiada,08/10/2014 12:00 PM,PEMBEKALAN MAKANAN BERMASAK KEPADA PESERTA PROGRAM KARNIVAL 1KDN DI NEGERI SARAWAK,040103
X0281101010140023,"","KEM PENERANGAN, KOMUNIKASI DAN KEBUDAYAAN","KEM PENERANGAN, KOMUNIKASI & KEBUDAYAAN",KEM PENERANGAN I/PEJ - PENTADBIRAN &KEW,29/09/2014,Ada,09/10/2014 12:00 PM,"SEBUT HARGA BAGI PERKHIDMATAN MEMBEKAL JAMBANGAN BUNGA SEGAR DAN PENYEWAAN POKOK-POKOK BUNGA BAGI ARAS LOBI UTAMA, ARAS B1, ARAS 32, ARAS 34, ARAS 35, ARAS 36 DAN ARAS 37 KEMENTERIAN KOMUNIKASI DAN MULTIMEDIA MALAYSIA DI BANGUNAN KKMM, LOT 4G9, PRESINT 4, PERSIARAN PERDANA, PUTRAJAYA BAGI TEMPOH DUA (2) TAHUN",221401
X0281101010140024,"","KEM PENERANGAN, KOMUNIKASI DAN KEBUDAYAAN","KEM PENERANGAN, KOMUNIKASI & KEBUDAYAAN",KEM PENERANGAN I/PEJ - PENTADBIRAN &KEW,01/10/2014,Tiada,09/10/2014 12:00 PM,"SEBUT HARGA KEPERLUAN MEMBEKAL BAHAN EDARAN, PRODUK DAN BARANG PROMOSI UNTUK SEKETARIAT MERDEKA",030201
X0291022041140006,"",KEM SUMBER MANUSIA,KEMENTERIAN SUMBER MANUSIA,"INSTITUT LATIHAN PERINDUSTRIAN MIRI, SAR",01/10/2014,Tiada,09/10/2014 12:00 PM,"Perkhidmatan Membekal dan Menghantar Barang Latihan (Barang Guna Habis) ke Institut Latihan Perindustrian Miri,Sarawak.",130101
X0291022141140008,"",KEM SUMBER MANUSIA,KEMENTERIAN SUMBER MANUSIA,PUSAT LATIHAN TEKNOLOGI TINGGI SELANGOR,01/10/2014,Ada,09/10/2014 12:00 PM,"SEBUTHARGA SEMULA BAGI PERKHIDMATAN SEWAAN MESIN PENYALIN BAGI TAHUN 2014/2015 ( 1 TAHUN) DI PUSAT LATIHAN TEKNOLOGI TINGGI (ADTEC) SHAH ALAM, SELANGOR",221502
X0291022191140011,"",KEM SUMBER MANUSIA,KEMENTERIAN SUMBER MANUSIA,INSTITUT LATIHAN PERINDUSTRIAN PEDAS,02/10/2014,Tiada,09/10/2014 12:00 PM,"SEBUTHARGA MEMBEKAL, MENGHANTAR, MEMASANG, MENGKONFIGURASI, MENGUJIGUNA DAN PENTAULIAHAN PERALATAN ICT KE INSTITUT LATIHAN PERINDUSTRIAN PEDAS, NEGERI SEMBILAN","210101,210102,210107"
X0291022201140018,"",KEM SUMBER MANUSIA,KEMENTERIAN SUMBER MANUSIA,ILP LEDANG,02/10/2014,Tiada,09/10/2014 12:00 PM,MEMBEKAL DAN MENGHANTAR TONER PRINTER KEGUNAAN PELAJAR KOLEJ VOKASIONAL SESI 2/2014 DI ILP LEDANG,210101
X0291022203140005,"",KEM SUMBER MANUSIA,KEMENTERIAN SUMBER MANUSIA,ILP KOTA SAMARAHAN,02/10/2014,Ada,14/10/2014 12:00 PM,"Pembekalan, Penghantaran, Pemasangan Dan Menguji Guna Mesin-Mesin Untuk Institut Latihan Perindustrian Kota Samarahan",130101
X0291022206140012,"",KEM SUMBER MANUSIA,KEMENTERIAN SUMBER MANUSIA,ILP SELANDAR MELAKA,29/09/2014,Ada,08/10/2014 12:00 PM,"PERKHIDMATAN MEMBERSIH KAWASAN , MEMOTONG RUMPUT SERTA MENYELENGGARA LANSKAP DI ILP SELANDAR MELAKA BAGI TEMPOH SETAHUN",221002
X0291022207140020,"",KEM SUMBER MANUSIA,KEMENTERIAN SUMBER MANUSIA,ILP MERSING JOHOR,01/10/2014,Ada,14/10/2014 12:00 PM,PERKHIDMATAN MEMOTONG RUMPUT DAN MEMBERSIH KAWASAN DI ILP MERSING BAGI TAHUN 2015-2016(TERBUKA KEPADA KONTRAKTOR YANG BERDAFTAR DALAM NEGERI JOHOR) KEHADIRAN UNTUK SESI TAKLIMAT DAN LAWATAN TAPAK ADALAH DIWAJIBKAN,221002
X0291022208140012,"",KEM SUMBER MANUSIA,KEMENTERIAN SUMBER MANUSIA,ILP KUALA LANGAT SELANGOR,30/09/2014,Ada,09/10/2014 12:00 PM,PERKHIDMATAN KAWALAN KESELAMATAN DI INSTITUT LATIHAN PERINDUSTRIAN KUALA LANGAT BAGI TAHUN 2015,220801
X0291022208140013,"",KEM SUMBER MANUSIA,KEMENTERIAN SUMBER MANUSIA,ILP KUALA LANGAT SELANGOR,03/10/2014,Ada,14/10/2014 12:00 PM,PERKHIDMATAN PENYELENGGARAAN SECARA BERJADUAL SISTEM HAWA DINGIN DI ILP KUALA LANGAT BAGI TAHUN 2015,220301
X0291022241140008,"",KEM SUMBER MANUSIA,KEMENTERIAN SUMBER MANUSIA,ADTEC KEMAMAN,29/09/2014,Ada,09/10/2014 12:00 PM,"PERKHIDMATAN PENYEWAAN VAN PENUMPANG DI PUSAT LATIHAN TEKNOLOGI TINGGI (ADTEC) KEMAMAN, TERENGGANU SELAMA 24 BULAN MEMPUNYAI KAPASITI 14 ORANG PENUMPANG",221503
X0291051101140001,"",KEM SUMBER MANUSIA,KEMENTERIAN SUMBER MANUSIA,JABATAN TENAGA KERJA KUALA TERENGGANU,15/09/2014,Ada,"08/10/2014 12:00 PM Dikemaskini pada 29/09/2014, 12:15 PM",SEBUT HARGA BAGI PERKHIDMATAN KAWALAN KESELAMATAN PEJABAT TENAGA KERJA DUNGUN,220801
X0291051101140002,"",KEM SUMBER MANUSIA,KEMENTERIAN SUMBER MANUSIA,JABATAN TENAGA KERJA KUALA TERENGGANU,15/09/2014,Ada,"08/10/2014 12:00 PM Dikemaskini pada 29/09/2014, 12:28 PM",SEBUT HARGA BAGI PERKHIDMATAN KAWALAN KESELAMATAN PEJABAT TENAGA KERJA KUALA TERENGGANU,220801
X0291061081140015,"Dibatalkan pada 30/09/2014, 09:05 AM",KEM SUMBER MANUSIA,KEMENTERIAN SUMBER MANUSIA,PST LAT PENGAJAR & KEMAHIRAN LNJTN-CIAST,29/09/2014,Tiada,08/10/2014 12:00 PM,"SEBUTHARGA BAGI MEMBEKAL DAN MENGHANTAR BAHAN GUNA HABIS BAGI MODUL M05 DAN MODUL M07 KAMPUS SATELIT PUSAT LATIHAN PENGAJAR DAN KEMAHIRAN LANJUTAN (CIAST), SHAH ALAM, SELANGOR","020301,130101,140502,140503"
X0291061081140016,"",KEM SUMBER MANUSIA,KEMENTERIAN SUMBER MANUSIA,PST LAT PENGAJAR & KEMAHIRAN LNJTN-CIAST,30/09/2014,Tiada,09/10/2014 12:00 PM,"SEBUTHARGA BAGI MEMBEKAL DAN MENGHANTAR BAHAN GUNA HABIS BAGI MODUL M05 DAN MODUL M07 KAMPUS SATELIT PUSAT LATIHAN PENGAJAR DAN KEMAHIRAN LANJUTAN (CIAST), SHAH ALAM, SELANGOR","020301,130101,140502,140503"
X0291061081140017,"",KEM SUMBER MANUSIA,KEMENTERIAN SUMBER MANUSIA,PST LAT PENGAJAR & KEMAHIRAN LNJTN-CIAST,30/09/2014,Tiada,09/10/2014 12:00 PM,"SEBUTHARGA BAGI MEMBEKAL DAN MENGHANTAR KELENGKAPAN PEJABAT BAHAGIAN PENGURUSAN PPK, KK, PEM DAN UMV KAMPUS SATELIT DI PUSAT LATIHAN PENGAJAR DAN KEMAHIRAN LANJUTAN (CIAST), SHAH ALAM, SELANGOR","020201,020301,020601,020603,020604,020803"
X0291061081140018,"",KEM SUMBER MANUSIA,KEMENTERIAN SUMBER MANUSIA,PST LAT PENGAJAR & KEMAHIRAN LNJTN-CIAST,30/09/2014,Tiada,09/10/2014 12:00 PM,"SEBUTHARGA BAGI MEMBEKAL DAN MENGHANTAR BAHAN GUNA HABIS UNIT KOMPUTER DI PUSAT LATIHAN PENGAJAR DAN KEMAHIRAN LANJUTAN (CIAST), SHAH ALAM, SELANGOR","210105,210102,210101"
X0291061081140019,"",KEM SUMBER MANUSIA,KEMENTERIAN SUMBER MANUSIA,PST LAT PENGAJAR & KEMAHIRAN LNJTN-CIAST,07/10/2014,Tiada,14/10/2014 12:00 PM,"SEBUTHARGA BAGI MEMBEKAL DAN MENGHANTAR KERTAS BKP DAN KAMPUS SATELIT CIAST DI PUSAT LATIHAN PENGAJAR DAN KEMAHIRAN LANJUTAN (CIAST), SHAH ALAM, SELANGOR",010201
X0301010600140023,"","KEM SAINS, TEKNOLOGI DAN INOVASI","KEM SAINS, TEKNOLOGI DAN INOVASI",AGENSI ANGKASA NEGARA,30/09/2014,Ada,09/10/2014 12:00 PM,"SEBUTHARGA BAGI PERKHIDMATAN PENYELENGGARAAN SISTEM MEKANIKAL, ELEKTRIKAL DAN AWAM SECARA KOMPREHENSIF UNTUK KESELURUHAN BANGUNAN DAN KAWASAN DI PLANETARIUM NEGARA KUALA LUMPUR BAGI TEMPOH SATU (1) TAHUN","130201,130202,140101,140301,140503,220501,220503,220301,220401,220507"
X0301050100140051,"","KEM SAINS, TEKNOLOGI DAN INOVASI","KEM SAINS, TEKNOLOGI DAN INOVASI",JABATAN METEOROLOGI MALAYSIA (IBU PEJABA,01/10/2014,Tiada,15/10/2014 12:00 PM,SEBUT HARGA BAGI PEMBEKALAN DAN PENGHANTARAN GAS HIDROGEN UNTUK SABAH,"060204,060101,060102,060301"
X0301050100140052,"","KEM SAINS, TEKNOLOGI DAN INOVASI","KEM SAINS, TEKNOLOGI DAN INOVASI",JABATAN METEOROLOGI MALAYSIA (IBU PEJABA,01/10/2014,Tiada,15/10/2014 12:00 PM,SEBUT HARGA BAGI PEMBEKALAN DAN PENGHANTARAN GAS HIDROGEN UNTUK SARAWAK,"060204,060101,060102,060301"
X0301050100140053,"","KEM SAINS, TEKNOLOGI DAN INOVASI","KEM SAINS, TEKNOLOGI DAN INOVASI",JABATAN METEOROLOGI MALAYSIA (IBU PEJABA,02/10/2014,Tiada,09/10/2014 12:00 PM,SEBUT HARGA BAGI PERKAKASAN DAN PERISIAN ICT JABATAN METEOROLOGI MALAYSIA TAHUN 2014,"210101,210103"
X0311021311140002,"",KEM PENGANGKUTAN,KEMENTERIAN PENGANGKUTAN,JABATAN PENGANGKUTAN JALAN RAUB,01/10/2014,Tiada,15/10/2014 12:00 PM,"SEBUTHARGA UNTUK MEMBEKAL, MENGHANTAR, MEMASANG, MENGKONFIGUR, MENGUJI DAN MENTAULIAH KEPERLUAN INFRASTRUKTUR RANGKAIAN SETEMPAT SERTA KESELAMATAN ICT PEJABAT JPJ CAWANGAN CAMERON HIGHLANDS.","210102,210105"
X0311050101140014,"",KEM PENGANGKUTAN,KEMENTERIAN PENGANGKUTAN,"JAB LAUT MALAYSIA WIL SARAWAK, KUCHING",02/10/2014,Ada,14/10/2014 12:00 PM,"PERKHIDMATAN KAWALAN KESELAMATAN TANPA SENJATA API DI KOMPLEKS JABATAN LAUT WILAYAH SARAWAK, KAWASAN SARAWAK TIMUR, PEJABAT LAUT LIMBANG UNTUK TEMPOH 2 TAHUN",220801
X0311070302140012,"",KEM PENGANGKUTAN,KEMENTERIAN PENGANGKUTAN,LAPANGAN TERBANG ANTARABANGSA K.KINABALU,07/10/2014,Tiada,15/10/2014 12:00 PM,"PERKHIDMATAN PENYELENGGARAAN ALAT HAWA DINGIN DI BANGUNAN PUSAT KAWALAN TRAFIK UDARA JABATAN PENERBANGAN AWAM KOTA KINABALU, SABAH BAGI TEMPOH DUA PULUH EMPAT (24) BULAN",220301
X0311070302140013,"",KEM PENGANGKUTAN,KEMENTERIAN PENGANGKUTAN,LAPANGAN TERBANG ANTARABANGSA K.KINABALU,07/10/2014,Tiada,15/10/2014 12:00 PM,"PERKHIDMATAN PENYELENGGARAAN ALAT HAWA DINGIN DI BANGUNAN PENTADBIRAN DAN MENARA KAWALAN JABATAN PENERBANGAN AWAM KOTA KINABALU, SABAH BAGI TEMPOH DUA PULUH EMPAT (24) BULAN",220301
X0311070302140014,"",KEM PENGANGKUTAN,KEMENTERIAN PENGANGKUTAN,LAPANGAN TERBANG ANTARABANGSA K.KINABALU,07/10/2014,Tiada,15/10/2014 12:00 PM,"PERKHIDMATAN MEMOTONG RUMPUT DAN MEMBERSIH DI KAWASAN NDB/DVOR TANJUNG DUMPIL SERTA SEKELILING DAN KUARTERS TANJUNG ARU JABATAN PENERBANGAN AWAM KOTA KINABALU, SABAH BAGI TEMPOH DUA PULUH EMPAT (24) BULAN",221002
X0341202000140007,"",KEM KERJA RAYA,KEM KERJA RAYA,JKR WILAYAH PERSEKUTUAN K LUMPUR,02/10/2014,Ada,16/10/2014 12:00 PM,"PERKHIDMATAN MENCUCI DAN MEMBERSIH RUANG PEJABAT JKR DI MENARA PJD , JALAN TUN RAZAK, KUALA LUMPUR (2014-2015)",221001
X0341202000140008,"",KEM KERJA RAYA,KEM KERJA RAYA,JKR WILAYAH PERSEKUTUAN K LUMPUR,02/10/2014,Ada,16/10/2014 12:00 PM,"PERKHIDMATAN MENCUCI DAN MEMBERSIH RUANG PEJABAT JKR DI MAJU TOWER , JALAN SULTAN ISMAIL, KUALA LUMPUR (2014-2015)**KEHADIRAN SEMASA LAWATAN TAPAK ADALAH DIWAJIBKAN**",221001
X0351031601140003,"",KEM SUMBER ASLI DAN ALAM SEKITAR,KEM SUMBER ASLI DAN ALAM SEKITAR,UNIT TOPOGRAFI DAN GEODESI SABAH,02/10/2014,Tiada,09/10/2014 12:00 PM,"PEROLEHAN MEMBEKAL PERALATAN UKUR TOTAL STATION BERSERTA AKSESORI TAMBAHAN UNTUK CERAPAN ASTRONOMI BAGI BAHAGIAN PEMETAAN TOPOGRAFI SABAH, JABATAN UKUR DAN PEMETAAN MALAYSIA (JUPEM) - TAWARAN TERBUKA KEPADA SYARIKAT YANG BERDAFTAR DAN BERALAMAT DI NEGERI SABAH SAHAJA.",100101
X0351050101140022,"",KEM SUMBER ASLI DAN ALAM SEKITAR,KEM SUMBER ASLI DAN ALAM SEKITAR,J.P'LINDUNGAN HDPN LIAR&TMN NEGARA-I.PEJ,01/10/2014,Tiada,08/10/2014 12:00 PM,"PEROLEHAN MEMBEKAL DAN MENGHANTAR PERALATAN TANGKAPAN GAJAH DI PUSAT KONSERVASI GAJAH KEBANGSAAN, JABATAN PERHILITAN, KUALA GANDAH, LANCHANG, PAHANG DARUL MAKMUR","120102,120103"
X0351050101140023,"",KEM SUMBER ASLI DAN ALAM SEKITAR,KEM SUMBER ASLI DAN ALAM SEKITAR,J.P'LINDUNGAN HDPN LIAR&TMN NEGARA-I.PEJ,03/10/2014,Tiada,13/10/2014 12:00 PM,"MEMBEKAL ‘GLOBAL POSITIONING SYSTEM’ (GPS), TELEFON SATELIT DAN AKSESORI",210201
X0351050101140024,"",KEM SUMBER ASLI DAN ALAM SEKITAR,KEM SUMBER ASLI DAN ALAM SEKITAR,J.P'LINDUNGAN HDPN LIAR&TMN NEGARA-I.PEJ,03/10/2014,Ada,"20/10/2014 12:00 PM Dikemaskini pada 03/10/2014, 19:29 PM","PERKHIDMATAN MEMBEKAL, MEMASANG DAN MENGUJILARI MENARA SIREN PANTAI DI TAMAN NEGARA PULAU PINANG",120401
X0361020100140009,"",KEM KEMAJUAN LUAR BANDAR DAN WILAYAH,KEM KEMAJUAN LUAR BANDAR DAN WILAYAH,IBU PEJABAT JABATAN KEMAJUAN MASYARAKAT,08/10/2014,Tiada,15/10/2014 12:00 PM,"Membekal, Menghantar dan Memasang Perabot Berasaskan Kayu Tabika KEMAS Semenanjung Malaysia Tahun 2014",020199
X0361020900140002,"",KEM KEMAJUAN LUAR BANDAR DAN WILAYAH,KEM KEMAJUAN LUAR BANDAR DAN WILAYAH,PEJABAT KEMAJUAN MASYARAKAT NEGERI MEL,26/09/2014,Ada,"08/10/2014 12:00 PM Dikemaskini pada 03/10/2014, 16:20 PM",SEBUTHARGA PERKHIDMATAN MEMBEKAL MENYEDIA MENGHANTAR DAN MENGHIDANG MAKANAN BERMASAK ISLAM KURSUS PENDIDIKAN AWAL KANAK-KANAK (SPAK) SIRI 2/2014 BAGI TEMPOH 5 BULAN,040103
X0361021200140006,"",KEM KEMAJUAN LUAR BANDAR DAN WILAYAH,KEM KEMAJUAN LUAR BANDAR DAN WILAYAH,PEJ KEMAJUAN MASYARAKAT NEGERI TRENGGANU,07/10/2014,Tiada,14/10/2014 12:00 PM,SEBUTHARGA BAGI MEMBEKAL MAKANAN BERMASAK ISLAM UNTUK PESERTA KURSUS ASAS SPAKK DI PUSAT KEGIATAN MASYARAKAT (PKM) SETIU,040103
X0361021800140002,"",KEM KEMAJUAN LUAR BANDAR DAN WILAYAH,KEM KEMAJUAN LUAR BANDAR DAN WILAYAH,PUSAT LATIHAN KEMAJUAN MASYARAKAT MELAKA,26/09/2014,Ada,08/10/2014 12:00 PM,"MEMBEKAL, MENYEDIA, MENGHANTAR DAN MENGHIDANG MAKANAN BERMASAK ISLAM BAGI KURSUS SIJIL PENDIDIKAN AWAL KANAK-KANAK (SPAK) TABIKA SIRI 2/2014 DI PUSAT LATIHAN KEMAS MELAKA",040103
X0374090100140016,"",KEMENTERIAN PELANCONGAN DAN KEBUDAYAAN,KEMENTERIAN PELANCONGAN,IBU PEJABAT ARKIB NEGARA,01/10/2014,Tiada,08/10/2014 12:00 PM,"Penyebutharga adalah dipelawa bagi Membekal dan Menghantar Toner dan Ink Cartridge kepada Arkib Negara Malaysia, Jalan Duta, 50568 Kuala Lumpur.",020601
X0374100100140017,"",KEMENTERIAN PELANCONGAN DAN KEBUDAYAAN,KEMENTERIAN PELANCONGAN,JAB MUZIUM MALAYSIA,19/09/2014,Ada,10/10/2014 12:00 PM,"TAKLIMAT DAN LAWATAN TAPAK SEBUTHARGA INI AKAN DIADAKAN PADA 03 OKTOBER 2014 PADA JAM 9.30 PAGI BERTEMPAT DI MUZIUM SUNGAI LEMBING, KUANTAN, PAHANG. SYARIKAT BERMINAT DIPELAWA DENGAN MEMBAWA COP SYARIKAT DAN SIJIL-SIJIL BERIKUT: 1) SIJIL KEMENTERIAN KEWANGAN MALAYSIA, 2) SIJIL TARAF BUMIPUTRA, 3) SIJIL SSM DAN 4) SURAT WAKIL JIKA MEWAKILI SYARIKAT. SYARIKAT YANG HADIR LEWAT TIDAK AKAN DIPERTIMBANGKANG.","221001,221002"
X0374100100140018,"",KEMENTERIAN PELANCONGAN DAN KEBUDAYAAN,KEMENTERIAN PELANCONGAN,JAB MUZIUM MALAYSIA,01/10/2014,Ada,27/10/2014 12:00 PM,"TAKLIMAT DAN LAWATAN TAPAK AKAN DIADAKAN PADA 19/10/2014 PADA JAM 2.30 PETANG DI MUZIUM ARKEOLOGI LEMBAH BUJANG, MERBOK, KEDAH. KEUTAMAAN KEPADA SYARIKAT YANG BERDAFTAR DIBAWAH KOD BIDANG 220801 DI NEGERI KEDAH. SILA HADIR DENGAN SIJIL-SIJIL BERIKUT: 1) SIJIL KEMENTERIAN KEWANGAN MALAYSIA, 2) SIJIL BUMIPUTRA, 3) SIJIL PPKKM DAN 4) SIJIL PENDAFTARAN DENGAN KDN. SILA HADIR AWAL UNTUK PENDAFTARAN DAN SYARIKAT YANG HADIR LEWAT TIDAK AKAN DIPERTIMBANGKAN UNTUK SEBUTHARGA INI.",220801
X0374100100140019,"",KEMENTERIAN PELANCONGAN DAN KEBUDAYAAN,KEMENTERIAN PELANCONGAN,JAB MUZIUM MALAYSIA,01/10/2014,Ada,27/10/2014 12:00 PM,"TAKLIMAT DAN LAWATAN TAPAK AKAN DIADAKAN PADA 20/10/2014 PADA JAM 9.30 PAGI DI MUZIUM KOTA KUALA KEDAH, KEDAH DARUL AMAN. KEUTAMAAN KEPADA SYARIKAT YANG BERDAFTAR DIBAWAH KOD BIDANG 220801 DI NEGERI KEDAH. SILA HADIR DENGAN SIJIL-SIJIL BERIKUT: 1) SIJIL KEMENTERIAN KEWANGAN MALAYSIA, 2) SIJIL BUMIPUTRA, 3) SIJIL PPKKM DAN 4) SIJIL PENDAFTARAN DENGAN KDN. SILA HADIR AWAL UNTUK PENDAFTARAN DAN SYARIKAT YANG HADIR LEWAT TIDAK AKAN DIPERTIMBANGKAN UNTUK SEBUTHARGA INI.",220801
X0374100100140020,"",KEMENTERIAN PELANCONGAN DAN KEBUDAYAAN,KEMENTERIAN PELANCONGAN,JAB MUZIUM MALAYSIA,01/10/2014,Ada,28/10/2014 12:00 PM,"TAKLIMAT DAN LAWATAN TAPAK AKAN DIADAKAN PADA 21/10/2014 PADA JAM 9.30 PAGI DI GALERIA PERDANA, KILIM, LANGKAWI, KEDAH DARUL AMAN. KEUTAMAAN KEPADA SYARIKAT YANG BERDAFTAR DIBAWAH KOD BIDANG 220801 DI NEGERI KEDAH. SILA HADIR DENGAN SIJIL-SIJIL BERIKUT: 1) SIJIL KEMENTERIAN KEWANGAN MALAYSIA, 2) SIJIL BUMIPUTRA, 3) SIJIL PPKKM DAN 4) SIJIL PENDAFTARAN DENGAN KDN. SILA HADIR AWAL UNTUK PENDAFTARAN DAN SYARIKAT YANG HADIR LEWAT TIDAK AKAN DIPERTIMBANGKAN UNTUK SEBUTHARGA INI. Dikemaskini pada 01/10/2014, 15:57 PM",220801
X0374110100140018,"",KEMENTERIAN PELANCONGAN DAN KEBUDAYAAN,KEMENTERIAN PELANCONGAN,JABATAN PERPUSTAKAAN NEGARA MALAYSIA,03/10/2014,Tiada,13/10/2014 12:00 PM,"MEMBEKAL 200,000 UNIT TAG HF RADIO FREQUENCY IDENTIFICATION (RFID) YANG BOLEH BERINTEGRASI DENGAN SISTEM PERPUSTAKAAN BERSEPADU DAN SERASI DENGAN PERKAKASAN SISTEM RFID SEDIA ADA DI PERPUSTAKAAN NEGARA MALAYSIA",210105
X0401050101140012,"","KEM PEMBANGUNAN WANITA,KELUARGA DAN MASY.","KEM PEMBANGUNAN WANITA,KELUARGA & MASY.",JAB KEBAJIKAN MASYARAKAT MALAYSIA,30/09/2014,Tiada,10/10/2014 12:00 PM,PERKHIDMATAN PEMBANGUNAN STANDARD KEMAHIRAN PEKERJAAN KEBANGSAAN [NATIONAL OCCUPATIONAL SKILLS STANDARD (NOSS)] KAJI SEMULA NOSS PERKHIDMATAN KOMUNITI TAHAP 2&3 DAN TAHAP 4&5,221110
X0401050101140013,"","KEM PEMBANGUNAN WANITA,KELUARGA DAN MASY.","KEM PEMBANGUNAN WANITA,KELUARGA & MASY.",JAB KEBAJIKAN MASYARAKAT MALAYSIA,30/09/2014,Tiada,10/10/2014 12:00 PM,PERKHIDMATAN PEMBANGUNAN STANDARD KEMAHIRAN PEKERJAAN KEBANGSAAN [NATIONAL OCCUPATIONAL SKILLS STANDARD (NOSS)] NOSS COMMUNITY BASED REHABILITATION TAHAP 2&3,221110
X0401070101140003,"","KEM PEMBANGUNAN WANITA,KELUARGA DAN MASY.","KEM PEMBANGUNAN WANITA,KELUARGA & MASY.",JABATAN KEBAJIKAN MASYARAKAT WP K.LUMPUR,02/10/2014,Tiada,09/10/2014 12:00 PM,Perkhidmatan Pencucian dan Pembersihan Ruang Pejabat Jabatan Kebajikan Masyarakat Wilayah Persekutuan Kuala Lumpur,221001
X0401070101140004,"","KEM PEMBANGUNAN WANITA,KELUARGA DAN MASY.","KEM PEMBANGUNAN WANITA,KELUARGA & MASY.",JABATAN KEBAJIKAN MASYARAKAT WP K.LUMPUR,03/10/2014,Tiada,10/10/2014 12:00 PM,Perkhidmatan Kawalan Keselamatan Tanpa Senjata Di Asrama Bahagia Jabatan Kebajikan Masyarakat Wilayah Persekutuan Kuala Lumpur (JKM WPKL),220801
X0401070101140005,"","KEM PEMBANGUNAN WANITA,KELUARGA DAN MASY.","KEM PEMBANGUNAN WANITA,KELUARGA & MASY.",JABATAN KEBAJIKAN MASYARAKAT WP K.LUMPUR,03/10/2014,Tiada,10/10/2014 12:00 PM,Perkhidmatan Kawalan Keselamatan Tanpa Senjata Di Asrama Sentosa Jabatan Kebajikan Masyarakat Wilayah Persekutuan Kuala Lumpur (JKM WPKL),220801
X0401070101140006,"","KEM PEMBANGUNAN WANITA,KELUARGA DAN MASY.","KEM PEMBANGUNAN WANITA,KELUARGA & MASY.",JABATAN KEBAJIKAN MASYARAKAT WP K.LUMPUR,03/10/2014,Tiada,10/10/2014 12:00 PM,Perkhidmatan Kawalan Keselamatan Tanpa Senjata Di Pusat Harian Bukit Tunku Jabatan Kebajikan Masyarakat Wilayah Persekutuan Kuala Lumpur (JKM WPKL),220801
X0401070101140007,"","KEM PEMBANGUNAN WANITA,KELUARGA DAN MASY.","KEM PEMBANGUNAN WANITA,KELUARGA & MASY.",JABATAN KEBAJIKAN MASYARAKAT WP K.LUMPUR,03/10/2014,Tiada,10/10/2014 12:00 PM,"Perkhidmatan Kawalan Keselamatan Tanpa Senjata Di Sekolah Tunas Bakti, Sg. Besi Jabatan Kebajikan Masyarakat Wilayah Persekutuan Kuala Lumpur (JKM WPKL)",220801
X0401400101140001,"","KEM PEMBANGUNAN WANITA,KELUARGA DAN MASY.","KEM PEMBANGUNAN WANITA,KELUARGA & MASY.",TAMAN SINAR HARAPAN KUALA KUBU,01/10/2014,Tiada,08/10/2014 12:00 PM,MEMBEKAL CATUAN MAKANAN MENTAH BASAH DAN KERING KE TAMAN SINAR HARAPAN KUALA KUBU BHARU SELANGOR MULAI 01.11.2014 HINGGA 31.10.2015,040101
